density,generation,population
0.05,0,825
0.05,1,104
0.05,2,58
0.05,3,59
0.05,4,58
0.05,5,60
0.05,6,58
0.05,7,59
0.05,8,55
0.05,9,53
0.05,10,54
0.05,11,56
0.05,12,58
0.05,13,57
0.05,14,60
0.05,15,55
0.05,16,57
0.05,17,57
0.05,18,56
0.05,19,58
0.05,20,60
0.05,21,60
0.05,22,61
0.05,23,64
0.05,24,66
0.05,25,69
0.05,26,74
0.05,27,81
0.05,28,88
0.05,29,83
0.05,30,103
0.05,31,82
0.05,32,82
0.05,33,90
0.05,34,79
0.05,35,84
0.05,36,81
0.05,37,86
0.05,38,99
0.05,39,86
0.05,40,86
0.05,41,105
0.05,42,83
0.05,43,85
0.05,44,76
0.05,45,68
0.05,46,66
0.05,47,72
0.05,48,62
0.05,49,56
0.05,50,52
0.05,51,52
0.05,52,52
0.1,0,1669
0.1,1,754
0.1,2,618
0.1,3,614
0.1,4,620
0.1,5,631
0.1,6,634
0.1,7,630
0.1,8,636
0.1,9,621
0.1,10,616
0.1,11,631
0.1,12,650
0.1,13,635
0.1,14,647
0.1,15,616
0.1,16,614
0.1,17,567
0.1,18,580
0.1,19,566
0.1,20,570
0.1,21,572
0.1,22,594
0.1,23,595
0.1,24,623
0.1,25,618
0.1,26,611
0.1,27,611
0.1,28,606
0.1,29,628
0.1,30,639
0.1,31,628
0.1,32,635
0.1,33,656
0.1,34,637
0.1,35,643
0.1,36,605
0.1,37,633
0.1,38,591
0.1,39,583
0.1,40,584
0.1,41,589
0.1,42,605
0.1,43,630
0.1,44,665
0.1,45,657
0.1,46,656
0.1,47,704
0.1,48,621
0.1,49,637
0.1,50,651
0.1,51,627
0.1,52,659
0.1,53,668
0.1,54,683
0.1,55,702
0.1,56,701
0.1,57,738
0.1,58,719
0.1,59,716
0.1,60,704
0.1,61,735
0.1,62,732
0.1,63,724
0.1,64,712
0.1,65,706
0.1,66,735
0.1,67,709
0.1,68,753
0.1,69,732
0.1,70,748
0.1,71,748
0.1,72,752
0.1,73,748
0.1,74,731
0.1,75,739
0.1,76,730
0.1,77,723
0.1,78,768
0.1,79,716
0.1,80,740
0.1,81,707
0.1,82,746
0.1,83,726
0.1,84,762
0.1,85,766
0.1,86,780
0.1,87,787
0.1,88,789
0.1,89,774
0.1,90,742
0.1,91,753
0.1,92,761
0.1,93,772
0.1,94,788
0.1,95,779
0.1,96,814
0.1,97,861
0.1,98,807
0.1,99,824
0.1,100,829
0.1,101,844
0.1,102,825
0.1,103,859
0.1,104,873
0.1,105,846
0.1,106,793
0.1,107,808
0.1,108,800
0.1,109,760
0.1,110,783
0.1,111,785
0.1,112,735
0.1,113,744
0.1,114,758
0.1,115,736
0.1,116,755
0.1,117,787
0.1,118,764
0.1,119,748
0.1,120,732
0.1,121,765
0.1,122,769
0.1,123,752
0.1,124,715
0.1,125,716
0.1,126,711
0.1,127,692
0.1,128,704
0.1,129,696
0.1,130,700
0.1,131,727
0.1,132,704
0.1,133,754
0.1,134,743
0.1,135,757
0.1,136,787
0.1,137,760
0.1,138,776
0.1,139,748
0.1,140,728
0.1,141,671
0.1,142,708
0.1,143,702
0.1,144,746
0.1,145,724
0.1,146,746
0.1,147,689
0.1,148,680
0.1,149,690
0.1,150,721
0.1,151,730
0.1,152,735
0.1,153,741
0.1,154,779
0.1,155,777
0.1,156,786
0.1,157,775
0.1,158,791
0.1,159,769
0.1,160,812
0.1,161,784
0.1,162,838
0.1,163,798
0.1,164,831
0.1,165,771
0.1,166,806
0.1,167,798
0.1,168,830
0.1,169,803
0.1,170,834
0.1,171,827
0.1,172,860
0.1,173,825
0.1,174,837
0.1,175,843
0.1,176,893
0.1,177,903
0.1,178,831
0.1,179,843
0.1,180,810
0.1,181,785
0.1,182,758
0.1,183,784
0.1,184,785
0.1,185,789
0.1,186,765
0.1,187,799
0.1,188,770
0.1,189,812
0.1,190,796
0.1,191,829
0.1,192,805
0.1,193,814
0.1,194,769
0.1,195,782
0.1,196,757
0.1,197,823
0.1,198,818
0.1,199,818
0.1,200,807
0.1,201,818
0.1,202,815
0.1,203,828
0.1,204,820
0.1,205,855
0.1,206,802
0.1,207,812
0.1,208,801
0.1,209,826
0.1,210,847
0.1,211,859
0.1,212,859
0.1,213,900
0.1,214,885
0.1,215,930
0.1,216,938
0.1,217,905
0.1,218,885
0.1,219,836
0.1,220,881
0.1,221,834
0.1,222,853
0.1,223,910
0.1,224,871
0.1,225,916
0.1,226,915
0.1,227,911
0.1,228,874
0.1,229,890
0.1,230,896
0.1,231,875
0.1,232,899
0.1,233,882
0.1,234,881
0.1,235,835
0.1,236,813
0.1,237,840
0.1,238,784
0.1,239,761
0.1,240,762
0.1,241,783
0.1,242,764
0.1,243,793
0.1,244,801
0.1,245,795
0.1,246,823
0.1,247,803
0.1,248,890
0.1,249,836
0.1,250,867
0.1,251,877
0.1,252,857
0.1,253,810
0.1,254,861
0.1,255,829
0.1,256,804
0.1,257,823
0.1,258,862
0.1,259,806
0.1,260,814
0.1,261,820
0.1,262,823
0.1,263,809
0.1,264,822
0.1,265,808
0.1,266,829
0.1,267,852
0.1,268,817
0.1,269,823
0.1,270,808
0.1,271,830
0.1,272,836
0.1,273,833
0.1,274,852
0.1,275,800
0.1,276,771
0.1,277,763
0.1,278,769
0.1,279,752
0.1,280,730
0.1,281,768
0.1,282,734
0.1,283,738
0.1,284,773
0.1,285,744
0.1,286,794
0.1,287,781
0.1,288,798
0.1,289,791
0.1,290,785
0.1,291,794
0.1,292,796
0.1,293,764
0.1,294,791
0.1,295,731
0.1,296,683
0.1,297,661
0.1,298,672
0.1,299,690
0.1,300,671
0.1,301,688
0.1,302,676
0.1,303,701
0.1,304,706
0.1,305,721
0.1,306,692
0.1,307,699
0.1,308,697
0.1,309,672
0.1,310,693
0.1,311,685
0.1,312,684
0.1,313,699
0.1,314,678
0.1,315,707
0.1,316,680
0.1,317,687
0.1,318,686
0.1,319,679
0.1,320,696
0.1,321,721
0.1,322,706
0.1,323,696
0.1,324,683
0.1,325,688
0.1,326,686
0.1,327,651
0.1,328,651
0.1,329,631
0.1,330,668
0.1,331,662
0.1,332,678
0.1,333,689
0.1,334,677
0.1,335,695
0.1,336,700
0.1,337,698
0.1,338,674
0.1,339,690
0.1,340,675
0.1,341,695
0.1,342,695
0.1,343,680
0.1,344,685
0.1,345,675
0.1,346,705
0.1,347,664
0.1,348,673
0.1,349,688
0.1,350,655
0.1,351,655
0.1,352,625
0.1,353,637
0.1,354,625
0.1,355,645
0.1,356,615
0.1,357,639
0.1,358,609
0.1,359,605
0.1,360,607
0.1,361,599
0.1,362,611
0.1,363,598
0.1,364,616
0.1,365,607
0.1,366,652
0.1,367,647
0.1,368,647
0.1,369,655
0.1,370,642
0.1,371,653
0.1,372,620
0.1,373,635
0.1,374,616
0.1,375,625
0.1,376,622
0.1,377,628
0.1,378,570
0.1,379,567
0.1,380,566
0.1,381,569
0.1,382,552
0.1,383,553
0.1,384,571
0.1,385,564
0.1,386,562
0.1,387,566
0.1,388,572
0.1,389,581
0.1,390,588
0.1,391,553
0.1,392,576
0.1,393,539
0.1,394,526
0.1,395,530
0.1,396,531
0.1,397,523
0.1,398,516
0.1,399,525
0.1,400,532
0.1,401,539
0.1,402,527
0.1,403,552
0.1,404,536
0.1,405,537
0.1,406,553
0.1,407,546
0.1,408,544
0.1,409,555
0.1,410,543
0.1,411,540
0.1,412,554
0.1,413,591
0.1,414,581
0.1,415,589
0.1,416,581
0.1,417,599
0.1,418,600
0.1,419,605
0.1,420,621
0.1,421,626
0.1,422,644
0.1,423,650
0.1,424,635
0.1,425,664
0.1,426,644
0.1,427,671
0.1,428,627
0.1,429,615
0.1,430,627
0.1,431,653
0.1,432,615
0.1,433,631
0.1,434,650
0.1,435,649
0.1,436,643
0.1,437,648
0.1,438,640
0.1,439,650
0.1,440,651
0.1,441,685
0.1,442,675
0.1,443,658
0.1,444,633
0.1,445,616
0.1,446,638
0.1,447,594
0.1,448,609
0.1,449,605
0.1,450,618
0.1,451,584
0.1,452,591
0.1,453,606
0.1,454,579
0.1,455,615
0.1,456,601
0.1,457,601
0.1,458,600
0.1,459,581
0.1,460,582
0.1,461,577
0.1,462,575
0.1,463,584
0.1,464,589
0.1,465,610
0.1,466,588
0.1,467,563
0.1,468,601
0.1,469,591
0.1,470,633
0.1,471,612
0.1,472,611
0.1,473,612
0.1,474,640
0.1,475,661
0.1,476,640
0.1,477,657
0.1,478,641
0.1,479,628
0.1,480,661
0.1,481,672
0.1,482,687
0.1,483,699
0.1,484,678
0.1,485,670
0.1,486,669
0.1,487,658
0.1,488,676
0.1,489,671
0.1,490,663
0.1,491,705
0.1,492,687
0.1,493,710
0.1,494,700
0.1,495,702
0.1,496,699
0.1,497,693
0.1,498,711
0.1,499,724
0.1,500,710
0.1,501,666
0.1,502,670
0.1,503,686
0.1,504,670
0.1,505,661
0.1,506,669
0.1,507,693
0.1,508,679
0.1,509,664
0.1,510,651
0.1,511,644
0.1,512,674
0.1,513,667
0.1,514,650
0.1,515,680
0.1,516,662
0.1,517,648
0.1,518,643
0.1,519,608
0.1,520,611
0.1,521,595
0.1,522,612
0.1,523,592
0.1,524,612
0.1,525,627
0.1,526,591
0.1,527,600
0.1,528,595
0.1,529,593
0.1,530,603
0.1,531,601
0.1,532,614
0.1,533,599
0.1,534,641
0.1,535,605
0.1,536,615
0.1,537,620
0.1,538,606
0.1,539,608
0.1,540,600
0.1,541,588
0.1,542,597
0.1,543,587
0.1,544,591
0.1,545,582
0.1,546,570
0.1,547,555
0.1,548,542
0.1,549,520
0.1,550,511
0.1,551,515
0.1,552,523
0.1,553,493
0.1,554,487
0.1,555,505
0.1,556,494
0.1,557,492
0.1,558,502
0.1,559,484
0.1,560,475
0.1,561,467
0.1,562,468
0.1,563,458
0.1,564,447
0.1,565,462
0.1,566,447
0.1,567,465
0.1,568,461
0.1,569,486
0.1,570,468
0.1,571,506
0.1,572,491
0.1,573,497
0.1,574,467
0.1,575,488
0.1,576,478
0.1,577,483
0.1,578,473
0.1,579,471
0.1,580,474
0.1,581,490
0.1,582,494
0.1,583,517
0.1,584,494
0.1,585,507
0.1,586,506
0.1,587,517
0.1,588,519
0.1,589,516
0.1,590,522
0.1,591,533
0.1,592,540
0.1,593,546
0.1,594,551
0.1,595,515
0.1,596,513
0.1,597,520
0.1,598,510
0.1,599,528
0.1,600,521
0.1,601,516
0.1,602,525
0.1,603,533
0.1,604,516
0.1,605,523
0.1,606,517
0.1,607,513
0.1,608,513
0.1,609,512
0.1,610,512
0.1,611,495
0.1,612,493
0.1,613,507
0.1,614,503
0.1,615,530
0.1,616,509
0.1,617,502
0.1,618,532
0.1,619,489
0.1,620,483
0.1,621,465
0.1,622,466
0.1,623,457
0.1,624,464
0.1,625,444
0.1,626,411
0.1,627,413
0.1,628,419
0.1,629,418
0.1,630,416
0.1,631,432
0.1,632,423
0.1,633,421
0.1,634,422
0.1,635,406
0.1,636,399
0.1,637,396
0.1,638,394
0.1,639,391
0.1,640,398
0.1,641,397
0.1,642,404
0.1,643,400
0.1,644,405
0.1,645,406
0.1,646,409
0.1,647,412
0.1,648,400
0.1,649,416
0.1,650,410
0.1,651,405
0.1,652,394
0.1,653,405
0.1,654,397
0.1,655,399
0.1,656,399
0.1,657,394
0.1,658,399
0.1,659,395
0.1,660,398
0.1,661,398
0.1,662,394
0.1,663,388
0.1,664,383
0.1,665,376
0.1,666,383
0.1,667,373
0.1,668,373
0.1,669,372
0.1,670,375
0.1,671,370
0.1,672,370
0.1,673,371
0.1,674,372
0.1,675,376
0.1,676,377
0.1,677,382
0.1,678,391
0.1,679,388
0.1,680,394
0.1,681,388
0.1,682,389
0.1,683,383
0.1,684,378
0.1,685,380
0.1,686,376
0.1,687,379
0.1,688,378
0.1,689,386
0.1,690,382
0.1,691,387
0.1,692,386
0.1,693,385
0.1,694,392
0.1,695,387
0.1,696,391
0.1,697,397
0.1,698,398
0.1,699,396
0.1,700,385
0.1,701,388
0.1,702,381
0.1,703,380
0.1,704,384
0.1,705,384
0.1,706,385
0.1,707,391
0.1,708,388
0.1,709,387
0.1,710,384
0.1,711,378
0.1,712,376
0.1,713,374
0.1,714,374
0.1,715,374
0.1,716,371
0.1,717,374
0.1,718,371
0.1,719,369
0.1,720,367
0.1,721,367
0.1,722,367
0.15,0,2515
0.15,1,1980
0.15,2,1694
0.15,3,1768
0.15,4,1719
0.15,5,1773
0.15,6,1740
0.15,7,1810
0.15,8,1771
0.15,9,1817
0.15,10,1819
0.15,11,1860
0.15,12,1845
0.15,13,1875
0.15,14,1941
0.15,15,1883
0.15,16,1902
0.15,17,1859
0.15,18,1848
0.15,19,1843
0.15,20,1760
0.15,21,1776
0.15,22,1832
0.15,23,1762
0.15,24,1853
0.15,25,1779
0.15,26,1876
0.15,27,1866
0.15,28,1799
0.15,29,1766
0.15,30,1798
0.15,31,1787
0.15,32,1807
0.15,33,1802
0.15,34,1842
0.15,35,1794
0.15,36,1687
0.15,37,1721
0.15,38,1662
0.15,39,1652
0.15,40,1689
0.15,41,1666
0.15,42,1643
0.15,43,1725
0.15,44,1753
0.15,45,1744
0.15,46,1764
0.15,47,1691
0.15,48,1638
0.15,49,1668
0.15,50,1628
0.15,51,1668
0.15,52,1592
0.15,53,1581
0.15,54,1560
0.15,55,1632
0.15,56,1655
0.15,57,1642
0.15,58,1549
0.15,59,1546
0.15,60,1493
0.15,61,1476
0.15,62,1462
0.15,63,1486
0.15,64,1450
0.15,65,1483
0.15,66,1485
0.15,67,1495
0.15,68,1502
0.15,69,1500
0.15,70,1447
0.15,71,1536
0.15,72,1481
0.15,73,1505
0.15,74,1525
0.15,75,1567
0.15,76,1522
0.15,77,1520
0.15,78,1522
0.15,79,1534
0.15,80,1496
0.15,81,1480
0.15,82,1439
0.15,83,1418
0.15,84,1416
0.15,85,1404
0.15,86,1422
0.15,87,1427
0.15,88,1463
0.15,89,1350
0.15,90,1343
0.15,91,1393
0.15,92,1337
0.15,93,1360
0.15,94,1340
0.15,95,1334
0.15,96,1302
0.15,97,1274
0.15,98,1284
0.15,99,1257
0.15,100,1273
0.15,101,1165
0.15,102,1230
0.15,103,1166
0.15,104,1208
0.15,105,1213
0.15,106,1222
0.15,107,1258
0.15,108,1252
0.15,109,1248
0.15,110,1288
0.15,111,1259
0.15,112,1258
0.15,113,1356
0.15,114,1291
0.15,115,1295
0.15,116,1275
0.15,117,1210
0.15,118,1197
0.15,119,1168
0.15,120,1185
0.15,121,1195
0.15,122,1145
0.15,123,1138
0.15,124,1137
0.15,125,1124
0.15,126,1162
0.15,127,1149
0.15,128,1124
0.15,129,1128
0.15,130,1150
0.15,131,1163
0.15,132,1130
0.15,133,1130
0.15,134,1082
0.15,135,1084
0.15,136,1064
0.15,137,1062
0.15,138,1015
0.15,139,983
0.15,140,969
0.15,141,966
0.15,142,935
0.15,143,931
0.15,144,953
0.15,145,964
0.15,146,921
0.15,147,933
0.15,148,925
0.15,149,916
0.15,150,917
0.15,151,957
0.15,152,941
0.15,153,982
0.15,154,921
0.15,155,951
0.15,156,916
0.15,157,953
0.15,158,978
0.15,159,983
0.15,160,925
0.15,161,961
0.15,162,909
0.15,163,913
0.15,164,874
0.15,165,907
0.15,166,949
0.15,167,913
0.15,168,900
0.15,169,890
0.15,170,885
0.15,171,872
0.15,172,892
0.15,173,906
0.15,174,886
0.15,175,880
0.15,176,891
0.15,177,892
0.15,178,880
0.15,179,892
0.15,180,844
0.15,181,842
0.15,182,854
0.15,183,876
0.15,184,876
0.15,185,877
0.15,186,925
0.15,187,903
0.15,188,926
0.15,189,898
0.15,190,927
0.15,191,889
0.15,192,908
0.15,193,850
0.15,194,828
0.15,195,843
0.15,196,812
0.15,197,818
0.15,198,802
0.15,199,799
0.15,200,776
0.15,201,753
0.15,202,770
0.15,203,763
0.15,204,758
0.15,205,765
0.15,206,754
0.15,207,712
0.15,208,730
0.15,209,715
0.15,210,751
0.15,211,733
0.15,212,750
0.15,213,716
0.15,214,741
0.15,215,754
0.15,216,805
0.15,217,818
0.15,218,822
0.15,219,786
0.15,220,773
0.15,221,779
0.15,222,753
0.15,223,763
0.15,224,759
0.15,225,763
0.15,226,777
0.15,227,742
0.15,228,781
0.15,229,724
0.15,230,764
0.15,231,764
0.15,232,787
0.15,233,795
0.15,234,772
0.15,235,757
0.15,236,772
0.15,237,728
0.15,238,732
0.15,239,710
0.15,240,714
0.15,241,685
0.15,242,692
0.15,243,708
0.15,244,684
0.15,245,672
0.15,246,652
0.15,247,673
0.15,248,647
0.15,249,659
0.15,250,666
0.15,251,671
0.15,252,673
0.15,253,714
0.15,254,743
0.15,255,671
0.15,256,722
0.15,257,690
0.15,258,699
0.15,259,676
0.15,260,675
0.15,261,650
0.15,262,669
0.15,263,654
0.15,264,629
0.15,265,628
0.15,266,618
0.15,267,658
0.15,268,639
0.15,269,653
0.15,270,654
0.15,271,661
0.15,272,691
0.15,273,672
0.15,274,683
0.15,275,692
0.15,276,680
0.15,277,727
0.15,278,689
0.15,279,697
0.15,280,665
0.15,281,701
0.15,282,674
0.15,283,671
0.15,284,671
0.15,285,661
0.15,286,687
0.15,287,673
0.15,288,697
0.15,289,687
0.15,290,710
0.15,291,695
0.15,292,714
0.15,293,734
0.15,294,717
0.15,295,718
0.15,296,699
0.15,297,695
0.15,298,734
0.15,299,714
0.15,300,725
0.15,301,757
0.15,302,752
0.15,303,728
0.15,304,733
0.15,305,729
0.15,306,743
0.15,307,719
0.15,308,735
0.15,309,684
0.15,310,711
0.15,311,691
0.15,312,697
0.15,313,700
0.15,314,727
0.15,315,696
0.15,316,678
0.15,317,674
0.15,318,699
0.15,319,680
0.15,320,665
0.15,321,686
0.15,322,673
0.15,323,659
0.15,324,639
0.15,325,637
0.15,326,656
0.15,327,673
0.15,328,643
0.15,329,628
0.15,330,628
0.15,331,624
0.15,332,641
0.15,333,618
0.15,334,608
0.15,335,620
0.15,336,582
0.15,337,585
0.15,338,579
0.15,339,592
0.15,340,590
0.15,341,552
0.15,342,583
0.15,343,545
0.15,344,553
0.15,345,536
0.15,346,535
0.15,347,528
0.15,348,523
0.15,349,511
0.15,350,519
0.15,351,518
0.15,352,512
0.15,353,509
0.15,354,535
0.15,355,527
0.15,356,524
0.15,357,519
0.15,358,506
0.15,359,511
0.15,360,502
0.15,361,499
0.15,362,495
0.15,363,492
0.15,364,507
0.15,365,506
0.15,366,494
0.15,367,495
0.15,368,506
0.15,369,522
0.15,370,509
0.15,371,490
0.15,372,501
0.15,373,481
0.15,374,492
0.15,375,488
0.15,376,505
0.15,377,498
0.15,378,506
0.15,379,488
0.15,380,493
0.15,381,497
0.15,382,506
0.15,383,496
0.15,384,534
0.15,385,506
0.15,386,499
0.15,387,498
0.15,388,486
0.15,389,478
0.15,390,476
0.15,391,500
0.15,392,498
0.15,393,490
0.15,394,497
0.15,395,492
0.15,396,474
0.15,397,477
0.15,398,485
0.15,399,462
0.15,400,467
0.15,401,480
0.15,402,465
0.15,403,457
0.15,404,475
0.15,405,463
0.15,406,458
0.15,407,459
0.15,408,459
0.15,409,460
0.15,410,462
0.15,411,470
0.15,412,456
0.15,413,464
0.15,414,465
0.15,415,480
0.15,416,461
0.15,417,457
0.15,418,449
0.15,419,449
0.15,420,477
0.15,421,464
0.15,422,480
0.15,423,466
0.15,424,481
0.15,425,482
0.15,426,490
0.15,427,474
0.15,428,469
0.15,429,477
0.15,430,488
0.15,431,473
0.15,432,486
0.15,433,481
0.15,434,470
0.15,435,460
0.15,436,441
0.15,437,457
0.15,438,433
0.15,439,439
0.15,440,436
0.15,441,446
0.15,442,437
0.15,443,449
0.15,444,455
0.15,445,469
0.15,446,457
0.15,447,441
0.15,448,443
0.15,449,436
0.15,450,439
0.15,451,436
0.15,452,435
0.15,453,411
0.15,454,414
0.15,455,419
0.15,456,414
0.15,457,408
0.15,458,410
0.15,459,419
0.15,460,408
0.15,461,421
0.15,462,410
0.15,463,418
0.15,464,422
0.15,465,400
0.15,466,386
0.15,467,381
0.15,468,386
0.15,469,387
0.15,470,393
0.15,471,408
0.15,472,401
0.15,473,411
0.15,474,402
0.15,475,408
0.15,476,411
0.15,477,409
0.15,478,406
0.15,479,420
0.15,480,407
0.15,481,415
0.15,482,406
0.15,483,386
0.15,484,385
0.15,485,372
0.15,486,384
0.15,487,391
0.15,488,379
0.15,489,404
0.15,490,390
0.15,491,397
0.15,492,401
0.15,493,416
0.15,494,395
0.15,495,396
0.15,496,394
0.15,497,397
0.15,498,397
0.15,499,394
0.15,500,404
0.15,501,400
0.15,502,390
0.15,503,388
0.15,504,382
0.15,505,381
0.15,506,374
0.15,507,377
0.15,508,372
0.15,509,381
0.15,510,393
0.15,511,387
0.15,512,399
0.15,513,401
0.15,514,398
0.15,515,409
0.15,516,405
0.15,517,410
0.15,518,405
0.15,519,421
0.15,520,406
0.15,521,418
0.15,522,414
0.15,523,402
0.15,524,414
0.15,525,408
0.15,526,402
0.15,527,396
0.15,528,399
0.15,529,387
0.15,530,378
0.15,531,377
0.15,532,370
0.15,533,387
0.15,534,381
0.15,535,386
0.15,536,368
0.15,537,371
0.15,538,370
0.15,539,365
0.15,540,372
0.15,541,369
0.15,542,356
0.15,543,344
0.15,544,343
0.15,545,344
0.15,546,343
0.15,547,345
0.15,548,339
0.15,549,344
0.15,550,344
0.15,551,349
0.15,552,348
0.15,553,348
0.15,554,348
0.15,555,343
0.15,556,350
0.15,557,345
0.15,558,352
0.15,559,357
0.15,560,368
0.15,561,368
0.15,562,387
0.15,563,372
0.15,564,373
0.15,565,375
0.15,566,384
0.15,567,369
0.15,568,378
0.15,569,377
0.15,570,386
0.15,571,381
0.15,572,381
0.15,573,372
0.15,574,367
0.15,575,369
0.15,576,371
0.15,577,365
0.15,578,363
0.15,579,360
0.15,580,357
0.15,581,367
0.15,582,358
0.15,583,367
0.15,584,365
0.15,585,365
0.15,586,377
0.15,587,375
0.15,588,380
0.15,589,389
0.15,590,376
0.15,591,373
0.15,592,376
0.15,593,369
0.15,594,367
0.15,595,371
0.15,596,376
0.15,597,378
0.15,598,387
0.15,599,390
0.15,600,390
0.15,601,381
0.15,602,393
0.15,603,400
0.15,604,414
0.15,605,413
0.15,606,416
0.15,607,417
0.15,608,415
0.15,609,425
0.15,610,426
0.15,611,430
0.15,612,429
0.15,613,447
0.15,614,458
0.15,615,462
0.15,616,471
0.15,617,479
0.15,618,483
0.15,619,468
0.15,620,475
0.15,621,481
0.15,622,505
0.15,623,501
0.15,624,480
0.15,625,490
0.15,626,473
0.15,627,482
0.15,628,477
0.15,629,472
0.15,630,479
0.15,631,467
0.15,632,471
0.15,633,445
0.15,634,445
0.15,635,434
0.15,636,450
0.15,637,425
0.15,638,431
0.15,639,436
0.15,640,432
0.15,641,445
0.15,642,437
0.15,643,456
0.15,644,435
0.15,645,445
0.15,646,431
0.15,647,439
0.15,648,429
0.15,649,422
0.15,650,430
0.15,651,418
0.15,652,419
0.15,653,425
0.15,654,421
0.15,655,431
0.15,656,401
0.15,657,404
0.15,658,410
0.15,659,412
0.15,660,433
0.15,661,420
0.15,662,419
0.15,663,415
0.15,664,422
0.15,665,413
0.15,666,426
0.15,667,419
0.15,668,430
0.15,669,433
0.15,670,434
0.15,671,426
0.15,672,438
0.15,673,443
0.15,674,429
0.15,675,430
0.15,676,448
0.15,677,434
0.15,678,418
0.15,679,425
0.15,680,418
0.15,681,418
0.15,682,414
0.15,683,408
0.15,684,408
0.15,685,407
0.15,686,397
0.15,687,404
0.15,688,397
0.15,689,401
0.15,690,405
0.15,691,414
0.15,692,413
0.15,693,413
0.15,694,424
0.15,695,424
0.15,696,442
0.15,697,417
0.15,698,435
0.15,699,422
0.15,700,421
0.15,701,432
0.15,702,430
0.15,703,415
0.15,704,418
0.15,705,434
0.15,706,436
0.15,707,441
0.15,708,433
0.15,709,449
0.15,710,444
0.15,711,448
0.15,712,433
0.15,713,435
0.15,714,423
0.15,715,430
0.15,716,415
0.15,717,425
0.15,718,423
0.15,719,416
0.15,720,428
0.15,721,433
0.15,722,467
0.15,723,456
0.15,724,487
0.15,725,491
0.15,726,499
0.15,727,487
0.15,728,480
0.15,729,470
0.15,730,476
0.15,731,456
0.15,732,459
0.15,733,470
0.15,734,451
0.15,735,466
0.15,736,462
0.15,737,467
0.15,738,478
0.15,739,475
0.15,740,466
0.15,741,455
0.15,742,460
0.15,743,458
0.15,744,452
0.15,745,447
0.15,746,440
0.15,747,455
0.15,748,455
0.15,749,452
0.15,750,466
0.15,751,445
0.15,752,463
0.15,753,444
0.15,754,461
0.15,755,462
0.15,756,454
0.15,757,462
0.15,758,461
0.15,759,469
0.15,760,495
0.15,761,507
0.15,762,490
0.15,763,491
0.15,764,483
0.15,765,511
0.15,766,485
0.15,767,502
0.15,768,477
0.15,769,503
0.15,770,492
0.15,771,515
0.15,772,507
0.15,773,489
0.15,774,488
0.15,775,472
0.15,776,496
0.15,777,471
0.15,778,467
0.15,779,461
0.15,780,446
0.15,781,437
0.15,782,434
0.15,783,432
0.15,784,430
0.15,785,433
0.15,786,426
0.15,787,430
0.15,788,418
0.15,789,429
0.15,790,426
0.15,791,432
0.15,792,458
0.15,793,442
0.15,794,450
0.15,795,450
0.15,796,446
0.15,797,458
0.15,798,445
0.15,799,434
0.15,800,452
0.15,801,451
0.15,802,451
0.15,803,464
0.15,804,450
0.15,805,444
0.15,806,456
0.15,807,447
0.15,808,461
0.15,809,454
0.15,810,464
0.15,811,484
0.15,812,437
0.15,813,424
0.15,814,423
0.15,815,441
0.15,816,455
0.15,817,480
0.15,818,450
0.15,819,481
0.15,820,455
0.15,821,474
0.15,822,486
0.15,823,468
0.15,824,467
0.15,825,449
0.15,826,436
0.15,827,456
0.15,828,442
0.15,829,457
0.15,830,435
0.15,831,435
0.15,832,427
0.15,833,429
0.15,834,424
0.15,835,422
0.15,836,422
0.15,837,441
0.15,838,444
0.15,839,454
0.15,840,452
0.15,841,461
0.15,842,480
0.15,843,464
0.15,844,480
0.15,845,477
0.15,846,458
0.15,847,466
0.15,848,472
0.15,849,474
0.15,850,463
0.15,851,458
0.15,852,478
0.15,853,475
0.15,854,463
0.15,855,479
0.15,856,479
0.15,857,506
0.15,858,489
0.15,859,494
0.15,860,493
0.15,861,478
0.15,862,497
0.15,863,499
0.15,864,490
0.15,865,484
0.15,866,487
0.15,867,496
0.15,868,494
0.15,869,507
0.15,870,519
0.15,871,523
0.15,872,530
0.15,873,538
0.15,874,545
0.15,875,527
0.15,876,544
0.15,877,523
0.15,878,515
0.15,879,513
0.15,880,518
0.15,881,506
0.15,882,513
0.15,883,527
0.15,884,518
0.15,885,526
0.15,886,518
0.15,887,543
0.15,888,517
0.15,889,527
0.15,890,559
0.15,891,574
0.15,892,567
0.15,893,570
0.15,894,558
0.15,895,545
0.15,896,554
0.15,897,539
0.15,898,559
0.15,899,567
0.15,900,585
0.15,901,550
0.15,902,543
0.15,903,539
0.15,904,533
0.15,905,528
0.15,906,530
0.15,907,540
0.15,908,547
0.15,909,546
0.15,910,535
0.15,911,532
0.15,912,537
0.15,913,503
0.15,914,517
0.15,915,491
0.15,916,490
0.15,917,505
0.15,918,512
0.15,919,526
0.15,920,511
0.15,921,519
0.15,922,518
0.15,923,517
0.15,924,537
0.15,925,521
0.15,926,516
0.15,927,518
0.15,928,528
0.15,929,532
0.15,930,553
0.15,931,536
0.15,932,556
0.15,933,558
0.15,934,535
0.15,935,545
0.15,936,546
0.15,937,551
0.15,938,555
0.15,939,554
0.15,940,540
0.15,941,549
0.15,942,523
0.15,943,525
0.15,944,557
0.15,945,513
0.15,946,515
0.15,947,520
0.15,948,502
0.15,949,508
0.15,950,505
0.15,951,501
0.15,952,496
0.15,953,514
0.15,954,508
0.15,955,520
0.15,956,502
0.15,957,465
0.15,958,457
0.15,959,463
0.15,960,465
0.15,961,466
0.15,962,451
0.15,963,454
0.15,964,456
0.15,965,452
0.15,966,437
0.15,967,453
0.15,968,454
0.15,969,463
0.15,970,442
0.15,971,456
0.15,972,470
0.15,973,480
0.15,974,479
0.15,975,454
0.15,976,462
0.15,977,468
0.15,978,467
0.15,979,441
0.15,980,459
0.15,981,457
0.15,982,450
0.15,983,467
0.15,984,447
0.15,985,468
0.15,986,446
0.15,987,463
0.15,988,444
0.15,989,454
0.15,990,452
0.15,991,453
0.15,992,452
0.15,993,446
0.15,994,458
0.15,995,449
0.15,996,470
0.15,997,471
0.15,998,472
0.15,999,466
0.15,1000,480
0.15,1001,476
0.15,1002,458
0.15,1003,466
0.15,1004,444
0.15,1005,447
0.15,1006,444
0.15,1007,450
0.15,1008,440
0.15,1009,450
0.15,1010,449
0.15,1011,455
0.15,1012,453
0.15,1013,455
0.15,1014,435
0.15,1015,439
0.15,1016,420
0.15,1017,428
0.15,1018,456
0.15,1019,457
0.15,1020,433
0.15,1021,453
0.15,1022,443
0.15,1023,436
0.15,1024,422
0.15,1025,435
0.15,1026,415
0.15,1027,416
0.15,1028,403
0.15,1029,401
0.15,1030,404
0.15,1031,400
0.15,1032,400
0.15,1033,390
0.15,1034,402
0.15,1035,413
0.15,1036,401
0.15,1037,408
0.15,1038,411
0.15,1039,388
0.15,1040,393
0.15,1041,385
0.15,1042,382
0.15,1043,382
0.15,1044,381
0.15,1045,378
0.15,1046,385
0.15,1047,379
0.15,1048,376
0.15,1049,381
0.15,1050,369
0.15,1051,361
0.15,1052,357
0.15,1053,364
0.15,1054,358
0.15,1055,362
0.15,1056,359
0.15,1057,370
0.15,1058,363
0.15,1059,368
0.15,1060,370
0.15,1061,372
0.15,1062,370
0.15,1063,370
0.15,1064,366
0.15,1065,372
0.15,1066,373
0.15,1067,380
0.15,1068,370
0.15,1069,373
0.15,1070,373
0.15,1071,382
0.15,1072,381
0.15,1073,391
0.15,1074,388
0.15,1075,388
0.15,1076,396
0.15,1077,381
0.15,1078,378
0.15,1079,373
0.15,1080,379
0.15,1081,390
0.15,1082,387
0.15,1083,388
0.15,1084,382
0.15,1085,390
0.15,1086,392
0.15,1087,382
0.15,1088,375
0.15,1089,371
0.15,1090,370
0.15,1091,368
0.15,1092,374
0.15,1093,366
0.15,1094,373
0.15,1095,376
0.15,1096,382
0.15,1097,390
0.15,1098,387
0.15,1099,385
0.15,1100,389
0.15,1101,371
0.15,1102,365
0.15,1103,355
0.15,1104,345
0.15,1105,344
0.15,1106,346
0.15,1107,344
0.15,1108,347
0.15,1109,344
0.15,1110,349
0.15,1111,343
0.15,1112,346
0.15,1113,344
0.15,1114,344
0.15,1115,345
0.15,1116,351
0.15,1117,344
0.15,1118,344
0.15,1119,347
0.15,1120,342
0.15,1121,339
0.15,1122,342
0.15,1123,340
0.15,1124,343
0.15,1125,347
0.15,1126,348
0.15,1127,359
0.15,1128,346
0.15,1129,338
0.15,1130,335
0.15,1131,335
0.15,1132,335
0.15,1133,335
0.2,0,3294
0.2,1,3391
0.2,2,3090
0.2,3,3231
0.2,4,3118
0.2,5,3135
0.2,6,3043
0.2,7,3080
0.2,8,2995
0.2,9,2973
0.2,10,2974
0.2,11,2987
0.2,12,2983
0.2,13,2970
0.2,14,2952
0.2,15,2952
0.2,16,2844
0.2,17,2736
0.2,18,2708
0.2,19,2642
0.2,20,2507
0.2,21,2543
0.2,22,2550
0.2,23,2545
0.2,24,2517
0.2,25,2504
0.2,26,2531
0.2,27,2569
0.2,28,2478
0.2,29,2509
0.2,30,2455
0.2,31,2431
0.2,32,2365
0.2,33,2358
0.2,34,2371
0.2,35,2355
0.2,36,2396
0.2,37,2408
0.2,38,2396
0.2,39,2436
0.2,40,2408
0.2,41,2385
0.2,42,2352
0.2,43,2386
0.2,44,2314
0.2,45,2297
0.2,46,2231
0.2,47,2287
0.2,48,2220
0.2,49,2294
0.2,50,2271
0.2,51,2269
0.2,52,2249
0.2,53,2257
0.2,54,2330
0.2,55,2251
0.2,56,2237
0.2,57,2187
0.2,58,2175
0.2,59,2089
0.2,60,2123
0.2,61,2034
0.2,62,2030
0.2,63,2025
0.2,64,2059
0.2,65,1996
0.2,66,1961
0.2,67,1941
0.2,68,1963
0.2,69,2006
0.2,70,2030
0.2,71,2101
0.2,72,2031
0.2,73,2020
0.2,74,1975
0.2,75,1949
0.2,76,1977
0.2,77,1994
0.2,78,1965
0.2,79,1973
0.2,80,1926
0.2,81,1989
0.2,82,1972
0.2,83,2014
0.2,84,2001
0.2,85,1934
0.2,86,1938
0.2,87,1898
0.2,88,1819
0.2,89,1815
0.2,90,1825
0.2,91,1789
0.2,92,1795
0.2,93,1785
0.2,94,1763
0.2,95,1815
0.2,96,1829
0.2,97,1874
0.2,98,1886
0.2,99,1851
0.2,100,1833
0.2,101,1898
0.2,102,1817
0.2,103,1827
0.2,104,1792
0.2,105,1884
0.2,106,1846
0.2,107,1835
0.2,108,1833
0.2,109,1825
0.2,110,1814
0.2,111,1835
0.2,112,1767
0.2,113,1819
0.2,114,1862
0.2,115,1775
0.2,116,1725
0.2,117,1690
0.2,118,1686
0.2,119,1715
0.2,120,1614
0.2,121,1702
0.2,122,1627
0.2,123,1504
0.2,124,1508
0.2,125,1498
0.2,126,1520
0.2,127,1573
0.2,128,1530
0.2,129,1500
0.2,130,1540
0.2,131,1618
0.2,132,1559
0.2,133,1560
0.2,134,1602
0.2,135,1561
0.2,136,1543
0.2,137,1594
0.2,138,1556
0.2,139,1536
0.2,140,1519
0.2,141,1593
0.2,142,1515
0.2,143,1523
0.2,144,1558
0.2,145,1529
0.2,146,1530
0.2,147,1589
0.2,148,1537
0.2,149,1552
0.2,150,1515
0.2,151,1496
0.2,152,1417
0.2,153,1412
0.2,154,1362
0.2,155,1364
0.2,156,1331
0.2,157,1340
0.2,158,1316
0.2,159,1381
0.2,160,1373
0.2,161,1317
0.2,162,1291
0.2,163,1304
0.2,164,1276
0.2,165,1262
0.2,166,1305
0.2,167,1305
0.2,168,1298
0.2,169,1301
0.2,170,1290
0.2,171,1246
0.2,172,1271
0.2,173,1246
0.2,174,1238
0.2,175,1200
0.2,176,1233
0.2,177,1246
0.2,178,1218
0.2,179,1222
0.2,180,1213
0.2,181,1194
0.2,182,1167
0.2,183,1160
0.2,184,1164
0.2,185,1106
0.2,186,1106
0.2,187,1099
0.2,188,1093
0.2,189,1081
0.2,190,1042
0.2,191,1016
0.2,192,973
0.2,193,997
0.2,194,999
0.2,195,1024
0.2,196,1007
0.2,197,1012
0.2,198,1015
0.2,199,975
0.2,200,946
0.2,201,993
0.2,202,937
0.2,203,933
0.2,204,881
0.2,205,881
0.2,206,883
0.2,207,866
0.2,208,882
0.2,209,859
0.2,210,890
0.2,211,875
0.2,212,866
0.2,213,832
0.2,214,852
0.2,215,864
0.2,216,881
0.2,217,871
0.2,218,891
0.2,219,892
0.2,220,931
0.2,221,902
0.2,222,904
0.2,223,870
0.2,224,892
0.2,225,921
0.2,226,919
0.2,227,966
0.2,228,934
0.2,229,930
0.2,230,917
0.2,231,903
0.2,232,923
0.2,233,929
0.2,234,945
0.2,235,923
0.2,236,952
0.2,237,969
0.2,238,1056
0.2,239,1029
0.2,240,1005
0.2,241,1009
0.2,242,988
0.2,243,971
0.2,244,987
0.2,245,974
0.2,246,1000
0.2,247,1035
0.2,248,999
0.2,249,1008
0.2,250,1043
0.2,251,1047
0.2,252,986
0.2,253,930
0.2,254,977
0.2,255,935
0.2,256,982
0.2,257,946
0.2,258,943
0.2,259,918
0.2,260,916
0.2,261,921
0.2,262,878
0.2,263,882
0.2,264,876
0.2,265,891
0.2,266,891
0.2,267,892
0.2,268,860
0.2,269,877
0.2,270,859
0.2,271,881
0.2,272,811
0.2,273,862
0.2,274,822
0.2,275,850
0.2,276,844
0.2,277,868
0.2,278,843
0.2,279,824
0.2,280,773
0.2,281,791
0.2,282,803
0.2,283,764
0.2,284,763
0.2,285,754
0.2,286,777
0.2,287,764
0.2,288,772
0.2,289,753
0.2,290,758
0.2,291,796
0.2,292,780
0.2,293,780
0.2,294,819
0.2,295,804
0.2,296,785
0.2,297,770
0.2,298,750
0.2,299,725
0.2,300,731
0.2,301,731
0.2,302,708
0.2,303,755
0.2,304,712
0.2,305,760
0.2,306,746
0.2,307,739
0.2,308,746
0.2,309,721
0.2,310,752
0.2,311,744
0.2,312,738
0.2,313,758
0.2,314,751
0.2,315,725
0.2,316,732
0.2,317,710
0.2,318,711
0.2,319,712
0.2,320,716
0.2,321,740
0.2,322,736
0.2,323,734
0.2,324,693
0.2,325,657
0.2,326,658
0.2,327,634
0.2,328,644
0.2,329,643
0.2,330,655
0.2,331,660
0.2,332,655
0.2,333,641
0.2,334,686
0.2,335,638
0.2,336,662
0.2,337,679
0.2,338,646
0.2,339,623
0.2,340,651
0.2,341,671
0.2,342,629
0.2,343,602
0.2,344,602
0.2,345,617
0.2,346,597
0.2,347,558
0.2,348,594
0.2,349,598
0.2,350,601
0.2,351,609
0.2,352,641
0.2,353,602
0.2,354,580
0.2,355,583
0.2,356,592
0.2,357,593
0.2,358,601
0.2,359,604
0.2,360,603
0.2,361,637
0.2,362,641
0.2,363,638
0.2,364,639
0.2,365,635
0.2,366,659
0.2,367,651
0.2,368,728
0.2,369,679
0.2,370,724
0.2,371,636
0.2,372,690
0.2,373,673
0.2,374,678
0.2,375,681
0.2,376,679
0.2,377,662
0.2,378,644
0.2,379,660
0.2,380,656
0.2,381,683
0.2,382,640
0.2,383,631
0.2,384,638
0.2,385,615
0.2,386,634
0.2,387,635
0.2,388,625
0.2,389,617
0.2,390,638
0.2,391,642
0.2,392,627
0.2,393,623
0.2,394,606
0.2,395,610
0.2,396,599
0.2,397,602
0.2,398,588
0.2,399,589
0.2,400,604
0.2,401,559
0.2,402,552
0.2,403,545
0.2,404,540
0.2,405,549
0.2,406,527
0.2,407,538
0.2,408,532
0.2,409,545
0.2,410,517
0.2,411,538
0.2,412,511
0.2,413,524
0.2,414,532
0.2,415,524
0.2,416,537
0.2,417,525
0.2,418,547
0.2,419,529
0.2,420,511
0.2,421,505
0.2,422,513
0.2,423,492
0.2,424,508
0.2,425,497
0.2,426,472
0.2,427,488
0.2,428,484
0.2,429,511
0.2,430,512
0.2,431,503
0.2,432,518
0.2,433,523
0.2,434,546
0.2,435,538
0.2,436,513
0.2,437,521
0.2,438,494
0.2,439,500
0.2,440,495
0.2,441,513
0.2,442,484
0.2,443,509
0.2,444,486
0.2,445,502
0.2,446,515
0.2,447,486
0.2,448,496
0.2,449,492
0.2,450,494
0.2,451,474
0.2,452,478
0.2,453,468
0.2,454,451
0.2,455,455
0.2,456,456
0.2,457,461
0.2,458,463
0.2,459,454
0.2,460,438
0.2,461,436
0.2,462,440
0.2,463,441
0.2,464,426
0.2,465,412
0.2,466,397
0.2,467,408
0.2,468,393
0.2,469,391
0.2,470,392
0.2,471,404
0.2,472,408
0.2,473,415
0.2,474,415
0.2,475,421
0.2,476,415
0.2,477,432
0.2,478,402
0.2,479,407
0.2,480,414
0.2,481,412
0.2,482,405
0.2,483,414
0.2,484,402
0.2,485,407
0.2,486,404
0.2,487,417
0.2,488,412
0.2,489,422
0.2,490,436
0.2,491,426
0.2,492,415
0.2,493,412
0.2,494,427
0.2,495,413
0.2,496,419
0.2,497,410
0.2,498,411
0.2,499,418
0.2,500,426
0.2,501,425
0.2,502,443
0.2,503,431
0.2,504,439
0.2,505,423
0.2,506,432
0.2,507,426
0.2,508,428
0.2,509,443
0.2,510,427
0.2,511,433
0.2,512,443
0.2,513,443
0.2,514,458
0.2,515,464
0.2,516,452
0.2,517,466
0.2,518,456
0.2,519,460
0.2,520,450
0.2,521,434
0.2,522,442
0.2,523,437
0.2,524,461
0.2,525,452
0.2,526,443
0.2,527,455
0.2,528,441
0.2,529,433
0.2,530,441
0.2,531,444
0.2,532,440
0.2,533,443
0.2,534,445
0.2,535,449
0.2,536,462
0.2,537,460
0.2,538,433
0.2,539,441
0.2,540,415
0.2,541,426
0.2,542,407
0.2,543,415
0.2,544,430
0.2,545,413
0.2,546,416
0.2,547,416
0.2,548,434
0.2,549,454
0.2,550,451
0.2,551,450
0.2,552,477
0.2,553,455
0.2,554,452
0.2,555,479
0.2,556,460
0.2,557,441
0.2,558,458
0.2,559,435
0.2,560,441
0.2,561,419
0.2,562,417
0.2,563,442
0.2,564,429
0.2,565,430
0.2,566,461
0.2,567,429
0.2,568,441
0.2,569,424
0.2,570,429
0.2,571,432
0.2,572,431
0.2,573,423
0.2,574,420
0.2,575,431
0.2,576,423
0.2,577,434
0.2,578,420
0.2,579,442
0.2,580,453
0.2,581,461
0.2,582,457
0.2,583,460
0.2,584,440
0.2,585,433
0.2,586,445
0.2,587,458
0.2,588,453
0.2,589,485
0.2,590,447
0.2,591,440
0.2,592,445
0.2,593,452
0.2,594,452
0.2,595,434
0.2,596,443
0.2,597,445
0.2,598,435
0.2,599,446
0.2,600,444
0.2,601,465
0.2,602,454
0.2,603,473
0.2,604,473
0.2,605,487
0.2,606,472
0.2,607,473
0.2,608,482
0.2,609,487
0.2,610,483
0.2,611,482
0.2,612,503
0.2,613,452
0.2,614,473
0.2,615,484
0.2,616,475
0.2,617,468
0.2,618,469
0.2,619,483
0.2,620,463
0.2,621,470
0.2,622,476
0.2,623,473
0.2,624,461
0.2,625,448
0.2,626,437
0.2,627,442
0.2,628,432
0.2,629,426
0.2,630,412
0.2,631,424
0.2,632,421
0.2,633,412
0.2,634,408
0.2,635,420
0.2,636,411
0.2,637,409
0.2,638,418
0.2,639,409
0.2,640,414
0.2,641,422
0.2,642,421
0.2,643,449
0.2,644,439
0.2,645,438
0.2,646,438
0.2,647,426
0.2,648,428
0.2,649,423
0.2,650,432
0.2,651,422
0.2,652,413
0.2,653,417
0.2,654,408
0.2,655,423
0.2,656,421
0.2,657,422
0.2,658,432
0.2,659,429
0.2,660,430
0.2,661,431
0.2,662,438
0.2,663,424
0.2,664,438
0.2,665,415
0.2,666,424
0.2,667,421
0.2,668,426
0.2,669,421
0.2,670,412
0.2,671,410
0.2,672,402
0.2,673,392
0.2,674,385
0.2,675,394
0.2,676,374
0.2,677,374
0.2,678,372
0.2,679,377
0.2,680,388
0.2,681,381
0.2,682,386
0.2,683,407
0.2,684,391
0.2,685,392
0.2,686,401
0.2,687,394
0.2,688,402
0.2,689,400
0.2,690,398
0.2,691,405
0.2,692,398
0.2,693,398
0.2,694,399
0.2,695,397
0.2,696,404
0.2,697,401
0.2,698,406
0.2,699,413
0.2,700,428
0.2,701,424
0.2,702,441
0.2,703,435
0.2,704,417
0.2,705,434
0.2,706,422
0.2,707,412
0.2,708,418
0.2,709,409
0.2,710,418
0.2,711,423
0.2,712,421
0.2,713,419
0.2,714,417
0.2,715,408
0.2,716,404
0.2,717,406
0.2,718,407
0.2,719,397
0.2,720,402
0.2,721,400
0.2,722,394
0.2,723,396
0.2,724,411
0.2,725,405
0.2,726,424
0.2,727,412
0.2,728,419
0.2,729,420
0.2,730,402
0.2,731,401
0.2,732,404
0.2,733,397
0.2,734,393
0.2,735,394
0.2,736,392
0.2,737,404
0.2,738,390
0.2,739,395
0.2,740,390
0.2,741,403
0.2,742,410
0.2,743,418
0.2,744,404
0.2,745,432
0.2,746,411
0.2,747,403
0.2,748,402
0.2,749,386
0.2,750,376
0.2,751,368
0.2,752,378
0.2,753,383
0.2,754,366
0.2,755,368
0.2,756,390
0.2,757,368
0.2,758,374
0.2,759,365
0.2,760,364
0.2,761,363
0.2,762,370
0.2,763,364
0.2,764,364
0.2,765,351
0.2,766,350
0.2,767,350
0.2,768,345
0.2,769,347
0.2,770,344
0.2,771,346
0.2,772,344
0.2,773,347
0.2,774,346
0.2,775,349
0.2,776,356
0.2,777,352
0.2,778,352
0.2,779,362
0.2,780,363
0.2,781,367
0.2,782,363
0.2,783,375
0.2,784,361
0.2,785,360
0.2,786,355
0.2,787,354
0.2,788,354
0.2,789,368
0.2,790,350
0.2,791,350
0.2,792,344
0.2,793,355
0.2,794,347
0.2,795,345
0.2,796,343
0.2,797,339
0.2,798,343
0.2,799,343
0.2,800,341
0.2,801,345
0.2,802,340
0.2,803,341
0.2,804,339
0.2,805,334
0.2,806,327
0.2,807,326
0.2,808,321
0.2,809,322
0.2,810,320
0.2,811,320
0.2,812,321
0.2,813,323
0.2,814,328
0.2,815,322
0.2,816,321
0.2,817,323
0.2,818,321
0.2,819,323
0.2,820,322
0.2,821,321
0.2,822,323
0.2,823,328
0.2,824,326
0.2,825,328
0.2,826,330
0.2,827,332
0.2,828,337
0.2,829,333
0.2,830,343
0.2,831,334
0.2,832,338
0.2,833,330
0.2,834,330
0.2,835,333
0.2,836,332
0.2,837,324
0.2,838,323
0.2,839,323
0.2,840,326
0.2,841,325
0.2,842,329
0.2,843,331
0.2,844,333
0.2,845,341
0.2,846,335
0.2,847,345
0.2,848,343
0.2,849,351
0.2,850,339
0.2,851,339
0.2,852,349
0.2,853,341
0.2,854,332
0.2,855,335
0.2,856,331
0.2,857,331
0.2,858,331
0.2,859,331
0.25,0,4156
0.25,1,4718
0.25,2,4216
0.25,3,4260
0.25,4,4066
0.25,5,4001
0.25,6,3941
0.25,7,3945
0.25,8,3853
0.25,9,3782
0.25,10,3675
0.25,11,3618
0.25,12,3648
0.25,13,3519
0.25,14,3477
0.25,15,3397
0.25,16,3442
0.25,17,3264
0.25,18,3314
0.25,19,3234
0.25,20,3122
0.25,21,3087
0.25,22,3050
0.25,23,3092
0.25,24,3088
0.25,25,3082
0.25,26,3091
0.25,27,3026
0.25,28,3028
0.25,29,3024
0.25,30,2908
0.25,31,2873
0.25,32,2794
0.25,33,2757
0.25,34,2720
0.25,35,2659
0.25,36,2657
0.25,37,2576
0.25,38,2647
0.25,39,2596
0.25,40,2576
0.25,41,2569
0.25,42,2606
0.25,43,2519
0.25,44,2512
0.25,45,2412
0.25,46,2420
0.25,47,2425
0.25,48,2426
0.25,49,2319
0.25,50,2364
0.25,51,2335
0.25,52,2272
0.25,53,2199
0.25,54,2190
0.25,55,2158
0.25,56,2193
0.25,57,2164
0.25,58,2154
0.25,59,2091
0.25,60,2064
0.25,61,2096
0.25,62,2142
0.25,63,2078
0.25,64,2096
0.25,65,2125
0.25,66,2059
0.25,67,1996
0.25,68,2029
0.25,69,1970
0.25,70,1947
0.25,71,1954
0.25,72,1931
0.25,73,1978
0.25,74,1976
0.25,75,1984
0.25,76,2039
0.25,77,1991
0.25,78,2025
0.25,79,2017
0.25,80,1918
0.25,81,1974
0.25,82,1965
0.25,83,1994
0.25,84,1923
0.25,85,1957
0.25,86,1862
0.25,87,1926
0.25,88,1861
0.25,89,1902
0.25,90,1888
0.25,91,1818
0.25,92,1776
0.25,93,1744
0.25,94,1719
0.25,95,1755
0.25,96,1741
0.25,97,1738
0.25,98,1719
0.25,99,1743
0.25,100,1725
0.25,101,1699
0.25,102,1699
0.25,103,1661
0.25,104,1637
0.25,105,1680
0.25,106,1618
0.25,107,1636
0.25,108,1590
0.25,109,1604
0.25,110,1612
0.25,111,1576
0.25,112,1588
0.25,113,1571
0.25,114,1609
0.25,115,1600
0.25,116,1635
0.25,117,1611
0.25,118,1654
0.25,119,1646
0.25,120,1616
0.25,121,1613
0.25,122,1638
0.25,123,1553
0.25,124,1589
0.25,125,1497
0.25,126,1583
0.25,127,1586
0.25,128,1506
0.25,129,1538
0.25,130,1472
0.25,131,1476
0.25,132,1508
0.25,133,1521
0.25,134,1551
0.25,135,1610
0.25,136,1610
0.25,137,1663
0.25,138,1686
0.25,139,1742
0.25,140,1748
0.25,141,1729
0.25,142,1743
0.25,143,1650
0.25,144,1639
0.25,145,1672
0.25,146,1627
0.25,147,1630
0.25,148,1647
0.25,149,1641
0.25,150,1590
0.25,151,1630
0.25,152,1607
0.25,153,1589
0.25,154,1662
0.25,155,1576
0.25,156,1539
0.25,157,1476
0.25,158,1491
0.25,159,1487
0.25,160,1503
0.25,161,1472
0.25,162,1411
0.25,163,1442
0.25,164,1412
0.25,165,1440
0.25,166,1466
0.25,167,1450
0.25,168,1504
0.25,169,1461
0.25,170,1433
0.25,171,1441
0.25,172,1375
0.25,173,1395
0.25,174,1441
0.25,175,1435
0.25,176,1457
0.25,177,1471
0.25,178,1423
0.25,179,1483
0.25,180,1432
0.25,181,1413
0.25,182,1456
0.25,183,1434
0.25,184,1424
0.25,185,1462
0.25,186,1435
0.25,187,1406
0.25,188,1388
0.25,189,1449
0.25,190,1425
0.25,191,1446
0.25,192,1446
0.25,193,1401
0.25,194,1457
0.25,195,1374
0.25,196,1373
0.25,197,1411
0.25,198,1395
0.25,199,1328
0.25,200,1263
0.25,201,1294
0.25,202,1335
0.25,203,1365
0.25,204,1382
0.25,205,1390
0.25,206,1380
0.25,207,1403
0.25,208,1379
0.25,209,1354
0.25,210,1385
0.25,211,1368
0.25,212,1361
0.25,213,1369
0.25,214,1342
0.25,215,1349
0.25,216,1343
0.25,217,1327
0.25,218,1323
0.25,219,1368
0.25,220,1352
0.25,221,1381
0.25,222,1397
0.25,223,1353
0.25,224,1378
0.25,225,1338
0.25,226,1303
0.25,227,1383
0.25,228,1308
0.25,229,1312
0.25,230,1324
0.25,231,1360
0.25,232,1348
0.25,233,1350
0.25,234,1331
0.25,235,1357
0.25,236,1317
0.25,237,1268
0.25,238,1262
0.25,239,1260
0.25,240,1218
0.25,241,1233
0.25,242,1187
0.25,243,1168
0.25,244,1152
0.25,245,1127
0.25,246,1112
0.25,247,1080
0.25,248,1130
0.25,249,1075
0.25,250,1142
0.25,251,1107
0.25,252,1132
0.25,253,1103
0.25,254,1109
0.25,255,1105
0.25,256,1167
0.25,257,1191
0.25,258,1170
0.25,259,1159
0.25,260,1186
0.25,261,1185
0.25,262,1249
0.25,263,1225
0.25,264,1197
0.25,265,1209
0.25,266,1177
0.25,267,1186
0.25,268,1190
0.25,269,1184
0.25,270,1158
0.25,271,1223
0.25,272,1230
0.25,273,1239
0.25,274,1243
0.25,275,1213
0.25,276,1241
0.25,277,1255
0.25,278,1227
0.25,279,1239
0.25,280,1228
0.25,281,1259
0.25,282,1240
0.25,283,1196
0.25,284,1199
0.25,285,1181
0.25,286,1222
0.25,287,1247
0.25,288,1153
0.25,289,1181
0.25,290,1162
0.25,291,1189
0.25,292,1151
0.25,293,1139
0.25,294,1153
0.25,295,1167
0.25,296,1134
0.25,297,1139
0.25,298,1121
0.25,299,1122
0.25,300,1153
0.25,301,1124
0.25,302,1143
0.25,303,1129
0.25,304,1142
0.25,305,1142
0.25,306,1192
0.25,307,1177
0.25,308,1157
0.25,309,1163
0.25,310,1176
0.25,311,1147
0.25,312,1121
0.25,313,1170
0.25,314,1124
0.25,315,1110
0.25,316,1113
0.25,317,1122
0.25,318,1112
0.25,319,1172
0.25,320,1166
0.25,321,1154
0.25,322,1097
0.25,323,1174
0.25,324,1215
0.25,325,1163
0.25,326,1144
0.25,327,1125
0.25,328,1083
0.25,329,1112
0.25,330,1075
0.25,331,1127
0.25,332,1115
0.25,333,1115
0.25,334,1043
0.25,335,1054
0.25,336,1033
0.25,337,1049
0.25,338,1039
0.25,339,1041
0.25,340,1073
0.25,341,1062
0.25,342,1056
0.25,343,1078
0.25,344,1043
0.25,345,1017
0.25,346,1026
0.25,347,1056
0.25,348,1021
0.25,349,1039
0.25,350,1012
0.25,351,1005
0.25,352,1032
0.25,353,1008
0.25,354,1004
0.25,355,1009
0.25,356,985
0.25,357,994
0.25,358,1001
0.25,359,998
0.25,360,1041
0.25,361,1044
0.25,362,1086
0.25,363,1080
0.25,364,1093
0.25,365,1031
0.25,366,1051
0.25,367,1015
0.25,368,1022
0.25,369,1032
0.25,370,1075
0.25,371,1075
0.25,372,1101
0.25,373,1055
0.25,374,1076
0.25,375,999
0.25,376,1025
0.25,377,1089
0.25,378,1069
0.25,379,1070
0.25,380,1070
0.25,381,1043
0.25,382,1057
0.25,383,1081
0.25,384,1052
0.25,385,1103
0.25,386,1064
0.25,387,1093
0.25,388,1110
0.25,389,1155
0.25,390,1088
0.25,391,1107
0.25,392,1101
0.25,393,1106
0.25,394,1096
0.25,395,1036
0.25,396,1023
0.25,397,1032
0.25,398,1035
0.25,399,1052
0.25,400,1087
0.25,401,1066
0.25,402,1058
0.25,403,1112
0.25,404,1040
0.25,405,1054
0.25,406,1070
0.25,407,1006
0.25,408,1036
0.25,409,1082
0.25,410,1095
0.25,411,1057
0.25,412,1098
0.25,413,1036
0.25,414,1079
0.25,415,1038
0.25,416,1031
0.25,417,1004
0.25,418,990
0.25,419,1029
0.25,420,1030
0.25,421,992
0.25,422,952
0.25,423,900
0.25,424,911
0.25,425,860
0.25,426,895
0.25,427,882
0.25,428,908
0.25,429,878
0.25,430,893
0.25,431,880
0.25,432,856
0.25,433,863
0.25,434,848
0.25,435,827
0.25,436,868
0.25,437,826
0.25,438,839
0.25,439,804
0.25,440,829
0.25,441,823
0.25,442,816
0.25,443,858
0.25,444,839
0.25,445,845
0.25,446,849
0.25,447,868
0.25,448,885
0.25,449,912
0.25,450,909
0.25,451,925
0.25,452,923
0.25,453,922
0.25,454,920
0.25,455,969
0.25,456,976
0.25,457,939
0.25,458,983
0.25,459,968
0.25,460,930
0.25,461,965
0.25,462,988
0.25,463,977
0.25,464,1014
0.25,465,1019
0.25,466,1064
0.25,467,1055
0.25,468,1092
0.25,469,1064
0.25,470,1059
0.25,471,1036
0.25,472,1090
0.25,473,1074
0.25,474,1103
0.25,475,1054
0.25,476,1115
0.25,477,1050
0.25,478,1046
0.25,479,1050
0.25,480,1047
0.25,481,1048
0.25,482,1060
0.25,483,998
0.25,484,1045
0.25,485,1029
0.25,486,1035
0.25,487,1021
0.25,488,1017
0.25,489,1025
0.25,490,1033
0.25,491,971
0.25,492,1007
0.25,493,970
0.25,494,971
0.25,495,987
0.25,496,992
0.25,497,1050
0.25,498,1051
0.25,499,1053
0.25,500,1057
0.25,501,1034
0.25,502,1051
0.25,503,972
0.25,504,975
0.25,505,945
0.25,506,950
0.25,507,974
0.25,508,933
0.25,509,943
0.25,510,928
0.25,511,922
0.25,512,885
0.25,513,879
0.25,514,859
0.25,515,908
0.25,516,880
0.25,517,869
0.25,518,824
0.25,519,820
0.25,520,791
0.25,521,805
0.25,522,782
0.25,523,777
0.25,524,777
0.25,525,808
0.25,526,800
0.25,527,822
0.25,528,824
0.25,529,815
0.25,530,843
0.25,531,814
0.25,532,805
0.25,533,824
0.25,534,801
0.25,535,822
0.25,536,823
0.25,537,847
0.25,538,841
0.25,539,803
0.25,540,813
0.25,541,799
0.25,542,812
0.25,543,827
0.25,544,848
0.25,545,818
0.25,546,859
0.25,547,845
0.25,548,847
0.25,549,860
0.25,550,852
0.25,551,847
0.25,552,869
0.25,553,892
0.25,554,877
0.25,555,877
0.25,556,872
0.25,557,858
0.25,558,874
0.25,559,902
0.25,560,892
0.25,561,904
0.25,562,896
0.25,563,895
0.25,564,908
0.25,565,916
0.25,566,910
0.25,567,896
0.25,568,894
0.25,569,849
0.25,570,858
0.25,571,862
0.25,572,885
0.25,573,840
0.25,574,845
0.25,575,809
0.25,576,814
0.25,577,821
0.25,578,813
0.25,579,846
0.25,580,790
0.25,581,813
0.25,582,825
0.25,583,808
0.25,584,780
0.25,585,767
0.25,586,753
0.25,587,779
0.25,588,754
0.25,589,772
0.25,590,761
0.25,591,762
0.25,592,746
0.25,593,759
0.25,594,748
0.25,595,742
0.25,596,763
0.25,597,765
0.25,598,742
0.25,599,714
0.25,600,712
0.25,601,718
0.25,602,749
0.25,603,738
0.25,604,749
0.25,605,753
0.25,606,734
0.25,607,733
0.25,608,703
0.25,609,726
0.25,610,730
0.25,611,716
0.25,612,730
0.25,613,758
0.25,614,748
0.25,615,753
0.25,616,772
0.25,617,785
0.25,618,790
0.25,619,804
0.25,620,788
0.25,621,817
0.25,622,770
0.25,623,818
0.25,624,805
0.25,625,794
0.25,626,779
0.25,627,801
0.25,628,791
0.25,629,783
0.25,630,782
0.25,631,807
0.25,632,753
0.25,633,752
0.25,634,765
0.25,635,762
0.25,636,761
0.25,637,791
0.25,638,796
0.25,639,775
0.25,640,804
0.25,641,803
0.25,642,801
0.25,643,833
0.25,644,796
0.25,645,811
0.25,646,804
0.25,647,787
0.25,648,808
0.25,649,799
0.25,650,770
0.25,651,765
0.25,652,751
0.25,653,754
0.25,654,732
0.25,655,736
0.25,656,714
0.25,657,749
0.25,658,739
0.25,659,735
0.25,660,771
0.25,661,794
0.25,662,802
0.25,663,774
0.25,664,795
0.25,665,783
0.25,666,763
0.25,667,767
0.25,668,789
0.25,669,769
0.25,670,800
0.25,671,799
0.25,672,799
0.25,673,790
0.25,674,812
0.25,675,788
0.25,676,782
0.25,677,794
0.25,678,748
0.25,679,751
0.25,680,734
0.25,681,726
0.25,682,766
0.25,683,764
0.25,684,784
0.25,685,773
0.25,686,770
0.25,687,785
0.25,688,760
0.25,689,760
0.25,690,757
0.25,691,746
0.25,692,711
0.25,693,725
0.25,694,733
0.25,695,731
0.25,696,767
0.25,697,739
0.25,698,745
0.25,699,756
0.25,700,727
0.25,701,718
0.25,702,715
0.25,703,717
0.25,704,717
0.25,705,703
0.25,706,747
0.25,707,736
0.25,708,749
0.25,709,681
0.25,710,691
0.25,711,690
0.25,712,679
0.25,713,696
0.25,714,716
0.25,715,727
0.25,716,710
0.25,717,722
0.25,718,673
0.25,719,666
0.25,720,659
0.25,721,684
0.25,722,675
0.25,723,691
0.25,724,667
0.25,725,698
0.25,726,720
0.25,727,700
0.25,728,700
0.25,729,704
0.25,730,677
0.25,731,709
0.25,732,691
0.25,733,703
0.25,734,698
0.25,735,687
0.25,736,703
0.25,737,685
0.25,738,683
0.25,739,673
0.25,740,680
0.25,741,658
0.25,742,661
0.25,743,688
0.25,744,689
0.25,745,696
0.25,746,688
0.25,747,726
0.25,748,737
0.25,749,735
0.25,750,708
0.25,751,682
0.25,752,695
0.25,753,696
0.25,754,686
0.25,755,699
0.25,756,671
0.25,757,692
0.25,758,700
0.25,759,697
0.25,760,701
0.25,761,733
0.25,762,698
0.25,763,765
0.25,764,756
0.25,765,765
0.25,766,766
0.25,767,770
0.25,768,768
0.25,769,752
0.25,770,769
0.25,771,770
0.25,772,739
0.25,773,734
0.25,774,728
0.25,775,751
0.25,776,716
0.25,777,714
0.25,778,723
0.25,779,708
0.25,780,711
0.25,781,709
0.25,782,729
0.25,783,704
0.25,784,704
0.25,785,725
0.25,786,709
0.25,787,737
0.25,788,747
0.25,789,721
0.25,790,730
0.25,791,748
0.25,792,750
0.25,793,752
0.25,794,759
0.25,795,763
0.25,796,759
0.25,797,758
0.25,798,758
0.25,799,746
0.25,800,755
0.25,801,790
0.25,802,764
0.25,803,780
0.25,804,738
0.25,805,736
0.25,806,744
0.25,807,741
0.25,808,712
0.25,809,704
0.25,810,714
0.25,811,691
0.25,812,711
0.25,813,713
0.25,814,709
0.25,815,743
0.25,816,670
0.25,817,682
0.25,818,707
0.25,819,704
0.25,820,730
0.25,821,711
0.25,822,696
0.25,823,692
0.25,824,696
0.25,825,703
0.25,826,710
0.25,827,690
0.25,828,712
0.25,829,695
0.25,830,728
0.25,831,711
0.25,832,681
0.25,833,713
0.25,834,702
0.25,835,716
0.25,836,691
0.25,837,719
0.25,838,701
0.25,839,714
0.25,840,707
0.25,841,696
0.25,842,698
0.25,843,693
0.25,844,677
0.25,845,681
0.25,846,681
0.25,847,687
0.25,848,658
0.25,849,660
0.25,850,655
0.25,851,659
0.25,852,648
0.25,853,645
0.25,854,610
0.25,855,606
0.25,856,603
0.25,857,587
0.25,858,606
0.25,859,574
0.25,860,609
0.25,861,578
0.25,862,592
0.25,863,596
0.25,864,614
0.25,865,610
0.25,866,621
0.25,867,599
0.25,868,601
0.25,869,610
0.25,870,650
0.25,871,644
0.25,872,652
0.25,873,655
0.25,874,640
0.25,875,620
0.25,876,577
0.25,877,555
0.25,878,559
0.25,879,536
0.25,880,530
0.25,881,524
0.25,882,525
0.25,883,551
0.25,884,553
0.25,885,574
0.25,886,583
0.25,887,594
0.25,888,612
0.25,889,608
0.25,890,622
0.25,891,610
0.25,892,624
0.25,893,597
0.25,894,593
0.25,895,569
0.25,896,587
0.25,897,550
0.25,898,574
0.25,899,553
0.25,900,577
0.25,901,557
0.25,902,574
0.25,903,556
0.25,904,567
0.25,905,568
0.25,906,561
0.25,907,536
0.25,908,550
0.25,909,572
0.25,910,558
0.25,911,528
0.25,912,523
0.25,913,537
0.25,914,529
0.25,915,515
0.25,916,502
0.25,917,502
0.25,918,483
0.25,919,471
0.25,920,466
0.25,921,474
0.25,922,459
0.25,923,448
0.25,924,476
0.25,925,449
0.25,926,455
0.25,927,461
0.25,928,466
0.25,929,460
0.25,930,466
0.25,931,480
0.25,932,473
0.25,933,478
0.25,934,448
0.25,935,468
0.25,936,448
0.25,937,453
0.25,938,447
0.25,939,458
0.25,940,467
0.25,941,458
0.25,942,477
0.25,943,462
0.25,944,466
0.25,945,457
0.25,946,460
0.25,947,465
0.25,948,470
0.25,949,459
0.25,950,468
0.25,951,455
0.25,952,460
0.25,953,451
0.25,954,459
0.25,955,465
0.25,956,459
0.25,957,458
0.25,958,455
0.25,959,459
0.25,960,465
0.25,961,467
0.25,962,463
0.25,963,458
0.25,964,483
0.25,965,469
0.25,966,461
0.25,967,472
0.25,968,466
0.25,969,479
0.25,970,459
0.25,971,480
0.25,972,470
0.25,973,490
0.25,974,493
0.25,975,496
0.25,976,489
0.25,977,489
0.25,978,485
0.25,979,491
0.25,980,479
0.25,981,470
0.25,982,475
0.25,983,451
0.25,984,458
0.25,985,456
0.25,986,451
0.25,987,447
0.25,988,441
0.25,989,449
0.25,990,417
0.25,991,393
0.25,992,376
0.25,993,382
0.25,994,376
0.25,995,390
0.25,996,379
0.25,997,387
0.25,998,395
0.25,999,388
0.25,1000,379
0.25,1001,372
0.25,1002,377
0.25,1003,366
0.25,1004,369
0.25,1005,360
0.25,1006,365
0.25,1007,363
0.25,1008,359
0.25,1009,359
0.25,1010,360
0.25,1011,353
0.25,1012,367
0.25,1013,352
0.25,1014,362
0.25,1015,351
0.25,1016,347
0.25,1017,349
0.25,1018,348
0.25,1019,350
0.25,1020,353
0.25,1021,357
0.25,1022,359
0.25,1023,354
0.25,1024,357
0.25,1025,359
0.25,1026,351
0.25,1027,350
0.25,1028,347
0.25,1029,348
0.25,1030,352
0.25,1031,351
0.25,1032,353
0.25,1033,359
0.25,1034,353
0.25,1035,353
0.25,1036,358
0.25,1037,352
0.25,1038,350
0.25,1039,348
0.25,1040,352
0.25,1041,350
0.25,1042,360
0.25,1043,352
0.25,1044,358
0.25,1045,361
0.25,1046,364
0.25,1047,356
0.25,1048,357
0.25,1049,365
0.25,1050,361
0.25,1051,365
0.25,1052,363
0.25,1053,368
0.25,1054,367
0.25,1055,375
0.25,1056,370
0.25,1057,373
0.25,1058,364
0.25,1059,367
0.25,1060,367
0.25,1061,373
0.25,1062,369
0.25,1063,368
0.25,1064,375
0.25,1065,355
0.25,1066,351
0.25,1067,348
0.25,1068,350
0.25,1069,361
0.25,1070,348
0.25,1071,348
0.25,1072,345
0.25,1073,346
0.25,1074,348
0.25,1075,349
0.25,1076,355
0.25,1077,352
0.25,1078,356
0.25,1079,359
0.25,1080,364
0.25,1081,363
0.25,1082,358
0.25,1083,365
0.25,1084,358
0.25,1085,357
0.25,1086,357
0.25,1087,364
0.25,1088,351
0.25,1089,358
0.25,1090,350
0.25,1091,351
0.25,1092,347
0.25,1093,346
0.25,1094,351
0.25,1095,344
0.25,1096,340
0.25,1097,340
0.25,1098,343
0.25,1099,342
0.25,1100,346
0.25,1101,340
0.25,1102,341
0.25,1103,339
0.25,1104,338
0.25,1105,338
0.25,1106,340
0.25,1107,339
0.25,1108,340
0.25,1109,341
0.25,1110,344
0.25,1111,343
0.25,1112,345
0.25,1113,346
0.25,1114,350
0.25,1115,350
0.25,1116,353
0.25,1117,346
0.25,1118,351
0.25,1119,348
0.25,1120,347
0.25,1121,349
0.25,1122,343
0.25,1123,342
0.25,1124,346
0.25,1125,348
0.25,1126,346
0.25,1127,349
0.25,1128,355
0.25,1129,357
0.25,1130,356
0.25,1131,358
0.25,1132,358
0.25,1133,366
0.25,1134,376
0.25,1135,367
0.25,1136,371
0.25,1137,363
0.25,1138,368
0.25,1139,373
0.25,1140,381
0.25,1141,383
0.25,1142,392
0.25,1143,390
0.25,1144,379
0.25,1145,379
0.25,1146,390
0.25,1147,378
0.25,1148,393
0.25,1149,388
0.25,1150,388
0.25,1151,379
0.25,1152,396
0.25,1153,379
0.25,1154,389
0.25,1155,385
0.25,1156,388
0.25,1157,378
0.25,1158,380
0.25,1159,377
0.25,1160,388
0.25,1161,396
0.25,1162,392
0.25,1163,386
0.25,1164,382
0.25,1165,386
0.25,1166,381
0.25,1167,377
0.25,1168,385
0.25,1169,377
0.25,1170,381
0.25,1171,379
0.25,1172,385
0.25,1173,382
0.25,1174,380
0.25,1175,371
0.25,1176,380
0.25,1177,372
0.25,1178,378
0.25,1179,377
0.25,1180,389
0.25,1181,386
0.25,1182,397
0.25,1183,395
0.25,1184,395
0.25,1185,419
0.25,1186,386
0.25,1187,387
0.25,1188,384
0.25,1189,394
0.25,1190,386
0.25,1191,372
0.25,1192,369
0.25,1193,356
0.25,1194,362
0.25,1195,348
0.25,1196,348
0.25,1197,347
0.25,1198,355
0.25,1199,355
0.25,1200,351
0.25,1201,352
0.25,1202,347
0.25,1203,344
0.25,1204,343
0.25,1205,348
0.25,1206,347
0.25,1207,350
0.25,1208,351
0.25,1209,353
0.25,1210,355
0.25,1211,353
0.25,1212,355
0.25,1213,353
0.25,1214,357
0.25,1215,362
0.25,1216,372
0.25,1217,383
0.25,1218,387
0.25,1219,384
0.25,1220,389
0.25,1221,389
0.25,1222,390
0.25,1223,390
0.25,1224,384
0.25,1225,403
0.25,1226,388
0.25,1227,392
0.25,1228,387
0.25,1229,405
0.25,1230,406
0.25,1231,361
0.25,1232,372
0.25,1233,362
0.25,1234,379
0.25,1235,374
0.25,1236,383
0.25,1237,386
0.25,1238,380
0.25,1239,372
0.25,1240,386
0.25,1241,385
0.25,1242,403
0.25,1243,401
0.25,1244,403
0.25,1245,396
0.25,1246,407
0.25,1247,414
0.25,1248,410
0.25,1249,417
0.25,1250,434
0.25,1251,444
0.25,1252,422
0.25,1253,449
0.25,1254,431
0.25,1255,441
0.25,1256,448
0.25,1257,407
0.25,1258,415
0.25,1259,394
0.25,1260,416
0.25,1261,396
0.25,1262,395
0.25,1263,385
0.25,1264,388
0.25,1265,391
0.25,1266,390
0.25,1267,388
0.25,1268,391
0.25,1269,388
0.25,1270,404
0.25,1271,402
0.25,1272,406
0.25,1273,383
0.25,1274,393
0.25,1275,385
0.25,1276,377
0.25,1277,387
0.25,1278,360
0.25,1279,363
0.25,1280,348
0.25,1281,354
0.25,1282,355
0.25,1283,366
0.25,1284,357
0.25,1285,375
0.25,1286,351
0.25,1287,359
0.25,1288,356
0.25,1289,347
0.25,1290,346
0.25,1291,342
0.25,1292,341
0.25,1293,337
0.25,1294,339
0.25,1295,338
0.25,1296,327
0.25,1297,323
0.25,1298,329
0.25,1299,324
0.25,1300,329
0.25,1301,326
0.25,1302,323
0.25,1303,322
0.25,1304,320
0.25,1305,322
0.25,1306,327
0.25,1307,326
0.25,1308,332
0.25,1309,324
0.25,1310,319
0.25,1311,314
0.25,1312,312
0.25,1313,313
0.25,1314,314
0.25,1315,316
0.25,1316,320
0.25,1317,317
0.25,1318,318
0.25,1319,317
0.25,1320,325
0.25,1321,322
0.25,1322,323
0.25,1323,324
0.25,1324,326
0.25,1325,325
0.25,1326,323
0.25,1327,323
0.25,1328,324
0.25,1329,318
0.25,1330,312
0.25,1331,314
0.25,1332,316
0.25,1333,320
0.25,1334,313
0.25,1335,313
0.25,1336,311
0.25,1337,311
0.25,1338,311
0.3,0,5001
0.3,1,5849
0.3,2,5108
0.3,3,5102
0.3,4,4880
0.3,5,4686
0.3,6,4428
0.3,7,4395
0.3,8,4268
0.3,9,4207
0.3,10,4038
0.3,11,4010
0.3,12,3753
0.3,13,3746
0.3,14,3699
0.3,15,3690
0.3,16,3593
0.3,17,3704
0.3,18,3468
0.3,19,3429
0.3,20,3450
0.3,21,3452
0.3,22,3382
0.3,23,3415
0.3,24,3318
0.3,25,3348
0.3,26,3210
0.3,27,3277
0.3,28,3209
0.3,29,3206
0.3,30,3173
0.3,31,3167
0.3,32,3059
0.3,33,3116
0.3,34,2938
0.3,35,2944
0.3,36,2825
0.3,37,2796
0.3,38,2871
0.3,39,2792
0.3,40,2779
0.3,41,2683
0.3,42,2692
0.3,43,2647
0.3,44,2684
0.3,45,2595
0.3,46,2556
0.3,47,2634
0.3,48,2614
0.3,49,2583
0.3,50,2542
0.3,51,2467
0.3,52,2527
0.3,53,2421
0.3,54,2338
0.3,55,2303
0.3,56,2331
0.3,57,2333
0.3,58,2387
0.3,59,2314
0.3,60,2285
0.3,61,2352
0.3,62,2292
0.3,63,2268
0.3,64,2314
0.3,65,2333
0.3,66,2348
0.3,67,2291
0.3,68,2284
0.3,69,2327
0.3,70,2269
0.3,71,2345
0.3,72,2289
0.3,73,2241
0.3,74,2174
0.3,75,2178
0.3,76,2125
0.3,77,2134
0.3,78,2162
0.3,79,2115
0.3,80,2067
0.3,81,2110
0.3,82,2175
0.3,83,2156
0.3,84,2151
0.3,85,2244
0.3,86,2237
0.3,87,2214
0.3,88,2200
0.3,89,2185
0.3,90,2125
0.3,91,2147
0.3,92,2082
0.3,93,2118
0.3,94,2065
0.3,95,2145
0.3,96,2046
0.3,97,2082
0.3,98,2048
0.3,99,2060
0.3,100,1999
0.3,101,1981
0.3,102,1971
0.3,103,1938
0.3,104,1932
0.3,105,1918
0.3,106,1959
0.3,107,1912
0.3,108,1928
0.3,109,1934
0.3,110,1923
0.3,111,1921
0.3,112,1867
0.3,113,1894
0.3,114,1918
0.3,115,1889
0.3,116,1840
0.3,117,1876
0.3,118,1841
0.3,119,1928
0.3,120,1838
0.3,121,1812
0.3,122,1753
0.3,123,1762
0.3,124,1751
0.3,125,1767
0.3,126,1693
0.3,127,1697
0.3,128,1658
0.3,129,1544
0.3,130,1560
0.3,131,1537
0.3,132,1527
0.3,133,1539
0.3,134,1564
0.3,135,1504
0.3,136,1507
0.3,137,1516
0.3,138,1450
0.3,139,1408
0.3,140,1453
0.3,141,1424
0.3,142,1442
0.3,143,1387
0.3,144,1363
0.3,145,1379
0.3,146,1411
0.3,147,1393
0.3,148,1456
0.3,149,1448
0.3,150,1478
0.3,151,1430
0.3,152,1441
0.3,153,1384
0.3,154,1404
0.3,155,1383
0.3,156,1397
0.3,157,1361
0.3,158,1398
0.3,159,1348
0.3,160,1345
0.3,161,1369
0.3,162,1305
0.3,163,1387
0.3,164,1340
0.3,165,1301
0.3,166,1316
0.3,167,1287
0.3,168,1284
0.3,169,1278
0.3,170,1311
0.3,171,1294
0.3,172,1285
0.3,173,1295
0.3,174,1329
0.3,175,1298
0.3,176,1293
0.3,177,1316
0.3,178,1298
0.3,179,1286
0.3,180,1285
0.3,181,1289
0.3,182,1291
0.3,183,1247
0.3,184,1252
0.3,185,1211
0.3,186,1237
0.3,187,1176
0.3,188,1221
0.3,189,1190
0.3,190,1165
0.3,191,1161
0.3,192,1168
0.3,193,1179
0.3,194,1198
0.3,195,1181
0.3,196,1190
0.3,197,1154
0.3,198,1164
0.3,199,1181
0.3,200,1148
0.3,201,1191
0.3,202,1184
0.3,203,1189
0.3,204,1189
0.3,205,1207
0.3,206,1195
0.3,207,1190
0.3,208,1217
0.3,209,1155
0.3,210,1129
0.3,211,1100
0.3,212,1100
0.3,213,1067
0.3,214,1042
0.3,215,1055
0.3,216,1069
0.3,217,1024
0.3,218,1033
0.3,219,1047
0.3,220,1085
0.3,221,1051
0.3,222,1042
0.3,223,1052
0.3,224,1015
0.3,225,1015
0.3,226,965
0.3,227,966
0.3,228,945
0.3,229,922
0.3,230,920
0.3,231,908
0.3,232,923
0.3,233,918
0.3,234,898
0.3,235,894
0.3,236,848
0.3,237,853
0.3,238,821
0.3,239,857
0.3,240,818
0.3,241,881
0.3,242,845
0.3,243,906
0.3,244,859
0.3,245,886
0.3,246,915
0.3,247,923
0.3,248,936
0.3,249,915
0.3,250,941
0.3,251,931
0.3,252,910
0.3,253,943
0.3,254,888
0.3,255,869
0.3,256,862
0.3,257,830
0.3,258,844
0.3,259,827
0.3,260,872
0.3,261,812
0.3,262,812
0.3,263,795
0.3,264,837
0.3,265,871
0.3,266,907
0.3,267,891
0.3,268,885
0.3,269,890
0.3,270,908
0.3,271,916
0.3,272,922
0.3,273,925
0.3,274,934
0.3,275,941
0.3,276,932
0.3,277,917
0.3,278,885
0.3,279,920
0.3,280,910
0.3,281,895
0.3,282,862
0.3,283,899
0.3,284,866
0.3,285,893
0.3,286,871
0.3,287,886
0.3,288,873
0.3,289,893
0.3,290,879
0.3,291,868
0.3,292,894
0.3,293,886
0.3,294,887
0.3,295,931
0.3,296,879
0.3,297,936
0.3,298,913
0.3,299,937
0.3,300,892
0.3,301,930
0.3,302,914
0.3,303,928
0.3,304,889
0.3,305,896
0.3,306,868
0.3,307,863
0.3,308,840
0.3,309,837
0.3,310,839
0.3,311,855
0.3,312,828
0.3,313,872
0.3,314,840
0.3,315,868
0.3,316,834
0.3,317,857
0.3,318,840
0.3,319,867
0.3,320,863
0.3,321,888
0.3,322,948
0.3,323,898
0.3,324,908
0.3,325,896
0.3,326,899
0.3,327,869
0.3,328,880
0.3,329,896
0.3,330,896
0.3,331,889
0.3,332,854
0.3,333,889
0.3,334,877
0.3,335,858
0.3,336,809
0.3,337,815
0.3,338,827
0.3,339,803
0.3,340,794
0.3,341,792
0.3,342,801
0.3,343,831
0.3,344,804
0.3,345,790
0.3,346,794
0.3,347,793
0.3,348,786
0.3,349,773
0.3,350,792
0.3,351,762
0.3,352,759
0.3,353,746
0.3,354,750
0.3,355,781
0.3,356,802
0.3,357,788
0.3,358,824
0.3,359,815
0.3,360,818
0.3,361,807
0.3,362,865
0.3,363,815
0.3,364,887
0.3,365,862
0.3,366,922
0.3,367,894
0.3,368,904
0.3,369,894
0.3,370,933
0.3,371,922
0.3,372,962
0.3,373,930
0.3,374,952
0.3,375,958
0.3,376,978
0.3,377,980
0.3,378,943
0.3,379,961
0.3,380,921
0.3,381,940
0.3,382,925
0.3,383,923
0.3,384,925
0.3,385,926
0.3,386,900
0.3,387,918
0.3,388,882
0.3,389,878
0.3,390,896
0.3,391,864
0.3,392,899
0.3,393,895
0.3,394,903
0.3,395,890
0.3,396,877
0.3,397,897
0.3,398,894
0.3,399,916
0.3,400,895
0.3,401,895
0.3,402,882
0.3,403,896
0.3,404,906
0.3,405,932
0.3,406,913
0.3,407,915
0.3,408,897
0.3,409,919
0.3,410,895
0.3,411,886
0.3,412,906
0.3,413,888
0.3,414,903
0.3,415,899
0.3,416,870
0.3,417,847
0.3,418,832
0.3,419,846
0.3,420,812
0.3,421,846
0.3,422,839
0.3,423,851
0.3,424,825
0.3,425,839
0.3,426,812
0.3,427,822
0.3,428,766
0.3,429,741
0.3,430,754
0.3,431,753
0.3,432,743
0.3,433,745
0.3,434,714
0.3,435,736
0.3,436,725
0.3,437,738
0.3,438,703
0.3,439,716
0.3,440,738
0.3,441,711
0.3,442,759
0.3,443,726
0.3,444,740
0.3,445,728
0.3,446,761
0.3,447,746
0.3,448,740
0.3,449,748
0.3,450,713
0.3,451,697
0.3,452,730
0.3,453,744
0.3,454,709
0.3,455,658
0.3,456,687
0.3,457,661
0.3,458,676
0.3,459,642
0.3,460,680
0.3,461,672
0.3,462,690
0.3,463,677
0.3,464,663
0.3,465,675
0.3,466,659
0.3,467,644
0.3,468,644
0.3,469,594
0.3,470,562
0.3,471,580
0.3,472,572
0.3,473,577
0.3,474,580
0.3,475,602
0.3,476,606
0.3,477,610
0.3,478,583
0.3,479,612
0.3,480,574
0.3,481,599
0.3,482,597
0.3,483,572
0.3,484,581
0.3,485,597
0.3,486,567
0.3,487,572
0.3,488,596
0.3,489,552
0.3,490,593
0.3,491,545
0.3,492,532
0.3,493,522
0.3,494,508
0.3,495,530
0.3,496,536
0.3,497,568
0.3,498,541
0.3,499,536
0.3,500,542
0.3,501,550
0.3,502,535
0.3,503,527
0.3,504,542
0.3,505,527
0.3,506,523
0.3,507,534
0.3,508,537
0.3,509,552
0.3,510,567
0.3,511,531
0.3,512,557
0.3,513,572
0.3,514,572
0.3,515,587
0.3,516,608
0.3,517,581
0.3,518,590
0.3,519,567
0.3,520,564
0.3,521,550
0.3,522,544
0.3,523,549
0.3,524,540
0.3,525,549
0.3,526,559
0.3,527,570
0.3,528,584
0.3,529,560
0.3,530,565
0.3,531,579
0.3,532,582
0.3,533,588
0.3,534,608
0.3,535,613
0.3,536,612
0.3,537,585
0.3,538,617
0.3,539,581
0.3,540,610
0.3,541,586
0.3,542,618
0.3,543,618
0.3,544,624
0.3,545,605
0.3,546,620
0.3,547,633
0.3,548,636
0.3,549,611
0.3,550,595
0.3,551,567
0.3,552,577
0.3,553,554
0.3,554,571
0.3,555,573
0.3,556,563
0.3,557,589
0.3,558,573
0.3,559,585
0.3,560,566
0.3,561,560
0.3,562,551
0.3,563,576
0.3,564,581
0.3,565,584
0.3,566,597
0.3,567,626
0.3,568,591
0.3,569,588
0.3,570,611
0.3,571,580
0.3,572,623
0.3,573,621
0.3,574,610
0.3,575,613
0.3,576,620
0.3,577,619
0.3,578,633
0.3,579,623
0.3,580,632
0.3,581,616
0.3,582,624
0.3,583,618
0.3,584,623
0.3,585,611
0.3,586,623
0.3,587,619
0.3,588,601
0.3,589,618
0.3,590,621
0.3,591,654
0.3,592,656
0.3,593,690
0.3,594,643
0.3,595,631
0.3,596,635
0.3,597,637
0.3,598,612
0.3,599,631
0.3,600,621
0.3,601,629
0.3,602,608
0.3,603,610
0.3,604,612
0.3,605,601
0.3,606,630
0.3,607,648
0.3,608,677
0.3,609,691
0.3,610,659
0.3,611,694
0.3,612,642
0.3,613,631
0.3,614,623
0.3,615,638
0.3,616,650
0.3,617,697
0.3,618,663
0.3,619,690
0.3,620,648
0.3,621,637
0.3,622,665
0.3,623,659
0.3,624,647
0.3,625,656
0.3,626,662
0.3,627,625
0.3,628,648
0.3,629,653
0.3,630,655
0.3,631,632
0.3,632,657
0.3,633,662
0.3,634,655
0.3,635,644
0.3,636,644
0.3,637,656
0.3,638,608
0.3,639,655
0.3,640,631
0.3,641,631
0.3,642,655
0.3,643,662
0.3,644,647
0.3,645,692
0.3,646,692
0.3,647,701
0.3,648,680
0.3,649,683
0.3,650,660
0.3,651,664
0.3,652,677
0.3,653,640
0.3,654,633
0.3,655,670
0.3,656,644
0.3,657,629
0.3,658,621
0.3,659,621
0.3,660,620
0.3,661,639
0.3,662,622
0.3,663,627
0.3,664,611
0.3,665,620
0.3,666,627
0.3,667,631
0.3,668,647
0.3,669,623
0.3,670,625
0.3,671,645
0.3,672,619
0.3,673,629
0.3,674,583
0.3,675,589
0.3,676,583
0.3,677,593
0.3,678,614
0.3,679,582
0.3,680,586
0.3,681,583
0.3,682,587
0.3,683,576
0.3,684,594
0.3,685,576
0.3,686,600
0.3,687,577
0.3,688,616
0.3,689,574
0.3,690,585
0.3,691,586
0.3,692,578
0.3,693,554
0.3,694,608
0.3,695,592
0.3,696,595
0.3,697,572
0.3,698,565
0.3,699,561
0.3,700,577
0.3,701,587
0.3,702,595
0.3,703,598
0.3,704,591
0.3,705,604
0.3,706,576
0.3,707,541
0.3,708,535
0.3,709,540
0.3,710,524
0.3,711,544
0.3,712,536
0.3,713,513
0.3,714,524
0.3,715,520
0.3,716,520
0.3,717,518
0.3,718,530
0.3,719,501
0.3,720,529
0.3,721,508
0.3,722,517
0.3,723,494
0.3,724,504
0.3,725,507
0.3,726,479
0.3,727,510
0.3,728,465
0.3,729,455
0.3,730,433
0.3,731,433
0.3,732,443
0.3,733,408
0.3,734,392
0.3,735,403
0.3,736,408
0.3,737,428
0.3,738,424
0.3,739,430
0.3,740,422
0.3,741,415
0.3,742,417
0.3,743,401
0.3,744,406
0.3,745,397
0.3,746,393
0.3,747,390
0.3,748,405
0.3,749,401
0.3,750,380
0.3,751,392
0.3,752,386
0.3,753,387
0.3,754,387
0.3,755,381
0.3,756,388
0.3,757,379
0.3,758,399
0.3,759,410
0.3,760,400
0.3,761,399
0.3,762,411
0.3,763,413
0.3,764,412
0.3,765,408
0.3,766,422
0.3,767,411
0.3,768,408
0.3,769,422
0.3,770,414
0.3,771,420
0.3,772,424
0.3,773,410
0.3,774,407
0.3,775,412
0.3,776,406
0.3,777,409
0.3,778,418
0.3,779,422
0.3,780,426
0.3,781,423
0.3,782,433
0.3,783,423
0.3,784,400
0.3,785,406
0.3,786,419
0.3,787,419
0.3,788,421
0.3,789,391
0.3,790,394
0.3,791,373
0.3,792,391
0.3,793,379
0.3,794,391
0.3,795,391
0.3,796,400
0.3,797,394
0.3,798,392
0.3,799,380
0.3,800,378
0.3,801,380
0.3,802,378
0.3,803,371
0.3,804,384
0.3,805,380
0.3,806,368
0.3,807,378
0.3,808,358
0.3,809,362
0.3,810,360
0.3,811,374
0.3,812,361
0.3,813,369
0.3,814,359
0.3,815,366
0.3,816,349
0.3,817,360
0.3,818,360
0.3,819,359
0.3,820,368
0.3,821,353
0.3,822,368
0.3,823,347
0.3,824,360
0.3,825,364
0.3,826,362
0.3,827,361
0.3,828,364
0.3,829,357
0.3,830,353
0.3,831,342
0.3,832,343
0.3,833,338
0.3,834,345
0.3,835,347
0.3,836,363
0.3,837,359
0.3,838,363
0.3,839,367
0.3,840,345
0.3,841,324
0.3,842,318
0.3,843,322
0.3,844,324
0.3,845,325
0.3,846,336
0.3,847,322
0.3,848,335
0.3,849,334
0.3,850,334
0.3,851,331
0.3,852,320
0.3,853,318
0.3,854,312
0.3,855,319
0.3,856,320
0.3,857,314
0.3,858,334
0.3,859,314
0.3,860,326
0.3,861,335
0.3,862,327
0.3,863,329
0.3,864,330
0.3,865,330
0.3,866,336
0.3,867,326
0.3,868,329
0.3,869,335
0.3,870,331
0.3,871,319
0.3,872,324
0.3,873,335
0.3,874,341
0.3,875,342
0.3,876,357
0.3,877,334
0.3,878,323
0.3,879,317
0.3,880,318
0.3,881,317
0.3,882,322
0.3,883,306
0.3,884,301
0.3,885,294
0.3,886,293
0.3,887,298
0.3,888,292
0.3,889,296
0.3,890,291
0.3,891,291
0.3,892,296
0.3,893,302
0.3,894,305
0.3,895,320
0.3,896,312
0.3,897,309
0.3,898,312
0.3,899,317
0.3,900,321
0.3,901,322
0.3,902,312
0.3,903,314
0.3,904,308
0.3,905,310
0.3,906,302
0.3,907,306
0.3,908,299
0.3,909,306
0.3,910,304
0.3,911,317
0.3,912,310
0.3,913,324
0.3,914,307
0.3,915,307
0.3,916,308
0.3,917,317
0.3,918,305
0.3,919,308
0.3,920,303
0.3,921,302
0.3,922,313
0.3,923,299
0.3,924,308
0.3,925,301
0.3,926,309
0.3,927,302
0.3,928,304
0.3,929,304
0.3,930,314
0.3,931,315
0.3,932,311
0.3,933,312
0.3,934,307
0.3,935,316
0.3,936,305
0.3,937,310
0.3,938,306
0.3,939,309
0.3,940,301
0.3,941,307
0.3,942,311
0.3,943,309
0.3,944,311
0.3,945,316
0.3,946,320
0.3,947,322
0.3,948,322
0.3,949,329
0.3,950,316
0.3,951,320
0.3,952,317
0.3,953,322
0.3,954,334
0.3,955,340
0.3,956,353
0.3,957,354
0.3,958,348
0.3,959,340
0.3,960,326
0.3,961,335
0.3,962,331
0.3,963,325
0.3,964,317
0.3,965,316
0.3,966,310
0.3,967,317
0.3,968,311
0.3,969,325
0.3,970,304
0.3,971,301
0.3,972,306
0.3,973,314
0.3,974,313
0.3,975,314
0.3,976,313
0.3,977,310
0.3,978,301
0.3,979,301
0.3,980,302
0.3,981,300
0.3,982,309
0.3,983,308
0.3,984,314
0.3,985,306
0.3,986,306
0.3,987,308
0.3,988,306
0.3,989,308
0.3,990,318
0.3,991,320
0.3,992,325
0.3,993,319
0.3,994,326
0.3,995,323
0.3,996,335
0.3,997,325
0.3,998,343
0.3,999,314
0.3,1000,315
0.3,1001,323
0.3,1002,329
0.3,1003,328
0.3,1004,327
0.3,1005,341
0.3,1006,325
0.3,1007,333
0.3,1008,337
0.3,1009,343
0.3,1010,344
0.3,1011,352
0.3,1012,335
0.3,1013,342
0.3,1014,336
0.3,1015,322
0.3,1016,329
0.3,1017,337
0.3,1018,335
0.3,1019,338
0.3,1020,329
0.3,1021,330
0.3,1022,323
0.3,1023,333
0.3,1024,334
0.3,1025,344
0.3,1026,351
0.3,1027,355
0.3,1028,350
0.3,1029,356
0.3,1030,347
0.3,1031,329
0.3,1032,338
0.3,1033,327
0.3,1034,337
0.3,1035,314
0.3,1036,320
0.3,1037,303
0.3,1038,313
0.3,1039,318
0.3,1040,307
0.3,1041,314
0.3,1042,316
0.3,1043,306
0.3,1044,298
0.3,1045,300
0.3,1046,294
0.3,1047,296
0.3,1048,287
0.3,1049,298
0.3,1050,294
0.3,1051,294
0.3,1052,304
0.3,1053,293
0.3,1054,292
0.3,1055,302
0.3,1056,283
0.3,1057,280
0.3,1058,288
0.3,1059,280
0.3,1060,282
0.3,1061,278
0.3,1062,276
0.3,1063,291
0.3,1064,278
0.3,1065,280
0.3,1066,278
0.3,1067,280
0.3,1068,283
0.3,1069,280
0.3,1070,284
0.3,1071,276
0.3,1072,280
0.3,1073,281
0.3,1074,296
0.3,1075,280
0.3,1076,289
0.3,1077,289
0.3,1078,282
0.3,1079,297
0.3,1080,289
0.3,1081,279
0.3,1082,288
0.3,1083,272
0.3,1084,267
0.3,1085,264
0.3,1086,270
0.3,1087,267
0.3,1088,265
0.3,1089,264
0.3,1090,265
0.3,1091,264
0.3,1092,258
0.3,1093,252
0.3,1094,250
0.3,1095,250
0.3,1096,250
0.35,0,5794
0.35,1,6286
0.35,2,5703
0.35,3,5483
0.35,4,5422
0.35,5,5143
0.35,6,4945
0.35,7,4755
0.35,8,4607
0.35,9,4652
0.35,10,4440
0.35,11,4421
0.35,12,4228
0.35,13,4182
0.35,14,4026
0.35,15,4014
0.35,16,3917
0.35,17,3926
0.35,18,3786
0.35,19,3715
0.35,20,3722
0.35,21,3595
0.35,22,3578
0.35,23,3547
0.35,24,3468
0.35,25,3450
0.35,26,3289
0.35,27,3276
0.35,28,3222
0.35,29,3183
0.35,30,3148
0.35,31,3247
0.35,32,3207
0.35,33,3215
0.35,34,3193
0.35,35,3157
0.35,36,3021
0.35,37,2989
0.35,38,2987
0.35,39,3015
0.35,40,3023
0.35,41,3059
0.35,42,2991
0.35,43,2914
0.35,44,2938
0.35,45,2852
0.35,46,2858
0.35,47,2771
0.35,48,2791
0.35,49,2760
0.35,50,2729
0.35,51,2758
0.35,52,2737
0.35,53,2556
0.35,54,2640
0.35,55,2542
0.35,56,2552
0.35,57,2502
0.35,58,2485
0.35,59,2479
0.35,60,2582
0.35,61,2496
0.35,62,2482
0.35,63,2436
0.35,64,2463
0.35,65,2431
0.35,66,2435
0.35,67,2331
0.35,68,2304
0.35,69,2255
0.35,70,2229
0.35,71,2219
0.35,72,2250
0.35,73,2163
0.35,74,2185
0.35,75,2170
0.35,76,2090
0.35,77,2112
0.35,78,2084
0.35,79,2186
0.35,80,2204
0.35,81,2213
0.35,82,2122
0.35,83,2187
0.35,84,2232
0.35,85,2204
0.35,86,2202
0.35,87,2153
0.35,88,2110
0.35,89,2124
0.35,90,2146
0.35,91,2130
0.35,92,2098
0.35,93,2086
0.35,94,2028
0.35,95,1987
0.35,96,1946
0.35,97,1847
0.35,98,1883
0.35,99,1844
0.35,100,1840
0.35,101,1818
0.35,102,1789
0.35,103,1834
0.35,104,1836
0.35,105,1834
0.35,106,1770
0.35,107,1793
0.35,108,1792
0.35,109,1836
0.35,110,1824
0.35,111,1808
0.35,112,1853
0.35,113,1808
0.35,114,1740
0.35,115,1708
0.35,116,1650
0.35,117,1721
0.35,118,1697
0.35,119,1706
0.35,120,1657
0.35,121,1620
0.35,122,1654
0.35,123,1601
0.35,124,1577
0.35,125,1594
0.35,126,1633
0.35,127,1588
0.35,128,1665
0.35,129,1636
0.35,130,1595
0.35,131,1606
0.35,132,1646
0.35,133,1632
0.35,134,1588
0.35,135,1606
0.35,136,1571
0.35,137,1539
0.35,138,1577
0.35,139,1492
0.35,140,1510
0.35,141,1489
0.35,142,1499
0.35,143,1523
0.35,144,1535
0.35,145,1600
0.35,146,1589
0.35,147,1551
0.35,148,1595
0.35,149,1581
0.35,150,1600
0.35,151,1591
0.35,152,1611
0.35,153,1559
0.35,154,1547
0.35,155,1511
0.35,156,1549
0.35,157,1468
0.35,158,1500
0.35,159,1499
0.35,160,1523
0.35,161,1451
0.35,162,1493
0.35,163,1455
0.35,164,1489
0.35,165,1400
0.35,166,1432
0.35,167,1340
0.35,168,1398
0.35,169,1386
0.35,170,1356
0.35,171,1453
0.35,172,1414
0.35,173,1396
0.35,174,1380
0.35,175,1392
0.35,176,1418
0.35,177,1391
0.35,178,1355
0.35,179,1378
0.35,180,1322
0.35,181,1342
0.35,182,1340
0.35,183,1318
0.35,184,1323
0.35,185,1353
0.35,186,1349
0.35,187,1381
0.35,188,1353
0.35,189,1337
0.35,190,1322
0.35,191,1294
0.35,192,1307
0.35,193,1339
0.35,194,1312
0.35,195,1271
0.35,196,1297
0.35,197,1219
0.35,198,1234
0.35,199,1205
0.35,200,1205
0.35,201,1190
0.35,202,1217
0.35,203,1203
0.35,204,1193
0.35,205,1202
0.35,206,1131
0.35,207,1192
0.35,208,1160
0.35,209,1174
0.35,210,1210
0.35,211,1175
0.35,212,1181
0.35,213,1120
0.35,214,1064
0.35,215,1106
0.35,216,1077
0.35,217,1063
0.35,218,1089
0.35,219,1063
0.35,220,1091
0.35,221,1077
0.35,222,1115
0.35,223,1091
0.35,224,1120
0.35,225,1081
0.35,226,1087
0.35,227,1107
0.35,228,1133
0.35,229,1127
0.35,230,1137
0.35,231,1089
0.35,232,1083
0.35,233,1128
0.35,234,1102
0.35,235,1120
0.35,236,1062
0.35,237,1113
0.35,238,1086
0.35,239,1122
0.35,240,1085
0.35,241,1094
0.35,242,1065
0.35,243,1107
0.35,244,1056
0.35,245,1056
0.35,246,1046
0.35,247,1028
0.35,248,1053
0.35,249,1036
0.35,250,1005
0.35,251,1004
0.35,252,1011
0.35,253,1090
0.35,254,1064
0.35,255,1138
0.35,256,1079
0.35,257,1033
0.35,258,1045
0.35,259,1022
0.35,260,1028
0.35,261,1049
0.35,262,1029
0.35,263,1038
0.35,264,1038
0.35,265,1063
0.35,266,1074
0.35,267,1040
0.35,268,1019
0.35,269,1013
0.35,270,963
0.35,271,1011
0.35,272,987
0.35,273,989
0.35,274,983
0.35,275,995
0.35,276,960
0.35,277,967
0.35,278,957
0.35,279,984
0.35,280,981
0.35,281,970
0.35,282,969
0.35,283,993
0.35,284,972
0.35,285,1029
0.35,286,970
0.35,287,1041
0.35,288,979
0.35,289,1035
0.35,290,1002
0.35,291,1006
0.35,292,992
0.35,293,1017
0.35,294,983
0.35,295,1000
0.35,296,1030
0.35,297,1018
0.35,298,1035
0.35,299,978
0.35,300,958
0.35,301,953
0.35,302,960
0.35,303,953
0.35,304,979
0.35,305,1007
0.35,306,978
0.35,307,1019
0.35,308,976
0.35,309,971
0.35,310,969
0.35,311,984
0.35,312,958
0.35,313,918
0.35,314,925
0.35,315,945
0.35,316,942
0.35,317,920
0.35,318,908
0.35,319,918
0.35,320,863
0.35,321,866
0.35,322,861
0.35,323,841
0.35,324,828
0.35,325,843
0.35,326,830
0.35,327,782
0.35,328,781
0.35,329,793
0.35,330,770
0.35,331,771
0.35,332,777
0.35,333,775
0.35,334,768
0.35,335,777
0.35,336,753
0.35,337,727
0.35,338,725
0.35,339,748
0.35,340,731
0.35,341,723
0.35,342,734
0.35,343,724
0.35,344,733
0.35,345,716
0.35,346,688
0.35,347,711
0.35,348,681
0.35,349,724
0.35,350,694
0.35,351,737
0.35,352,726
0.35,353,703
0.35,354,667
0.35,355,668
0.35,356,656
0.35,357,675
0.35,358,678
0.35,359,717
0.35,360,676
0.35,361,673
0.35,362,662
0.35,363,680
0.35,364,672
0.35,365,690
0.35,366,697
0.35,367,698
0.35,368,674
0.35,369,689
0.35,370,690
0.35,371,694
0.35,372,730
0.35,373,714
0.35,374,770
0.35,375,752
0.35,376,735
0.35,377,743
0.35,378,762
0.35,379,765
0.35,380,783
0.35,381,773
0.35,382,812
0.35,383,809
0.35,384,807
0.35,385,813
0.35,386,785
0.35,387,839
0.35,388,792
0.35,389,846
0.35,390,825
0.35,391,847
0.35,392,847
0.35,393,889
0.35,394,885
0.35,395,880
0.35,396,906
0.35,397,908
0.35,398,855
0.35,399,902
0.35,400,913
0.35,401,936
0.35,402,952
0.35,403,904
0.35,404,927
0.35,405,936
0.35,406,938
0.35,407,969
0.35,408,924
0.35,409,928
0.35,410,945
0.35,411,913
0.35,412,907
0.35,413,913
0.35,414,910
0.35,415,930
0.35,416,929
0.35,417,941
0.35,418,942
0.35,419,972
0.35,420,969
0.35,421,977
0.35,422,997
0.35,423,1011
0.35,424,1009
0.35,425,1055
0.35,426,1065
0.35,427,1029
0.35,428,1023
0.35,429,1050
0.35,430,1047
0.35,431,1044
0.35,432,1052
0.35,433,1017
0.35,434,1068
0.35,435,1051
0.35,436,994
0.35,437,1042
0.35,438,1023
0.35,439,1009
0.35,440,1023
0.35,441,1004
0.35,442,1029
0.35,443,1033
0.35,444,1058
0.35,445,1038
0.35,446,999
0.35,447,1004
0.35,448,972
0.35,449,974
0.35,450,1003
0.35,451,1002
0.35,452,1000
0.35,453,991
0.35,454,1003
0.35,455,1005
0.35,456,1067
0.35,457,1013
0.35,458,998
0.35,459,1032
0.35,460,1013
0.35,461,1059
0.35,462,1015
0.35,463,1051
0.35,464,1070
0.35,465,1096
0.35,466,1068
0.35,467,1088
0.35,468,1057
0.35,469,1080
0.35,470,1072
0.35,471,1127
0.35,472,1133
0.35,473,1144
0.35,474,1136
0.35,475,1157
0.35,476,1182
0.35,477,1201
0.35,478,1204
0.35,479,1190
0.35,480,1157
0.35,481,1079
0.35,482,1103
0.35,483,1111
0.35,484,1124
0.35,485,1108
0.35,486,1058
0.35,487,1017
0.35,488,1045
0.35,489,1025
0.35,490,1045
0.35,491,981
0.35,492,1012
0.35,493,1008
0.35,494,989
0.35,495,994
0.35,496,966
0.35,497,977
0.35,498,980
0.35,499,1030
0.35,500,1017
0.35,501,1011
0.35,502,1018
0.35,503,1019
0.35,504,1027
0.35,505,1001
0.35,506,1001
0.35,507,1003
0.35,508,1033
0.35,509,986
0.35,510,995
0.35,511,941
0.35,512,995
0.35,513,958
0.35,514,948
0.35,515,933
0.35,516,939
0.35,517,883
0.35,518,883
0.35,519,853
0.35,520,905
0.35,521,898
0.35,522,931
0.35,523,894
0.35,524,908
0.35,525,912
0.35,526,935
0.35,527,887
0.35,528,907
0.35,529,881
0.35,530,901
0.35,531,893
0.35,532,891
0.35,533,872
0.35,534,868
0.35,535,852
0.35,536,849
0.35,537,842
0.35,538,840
0.35,539,813
0.35,540,801
0.35,541,805
0.35,542,823
0.35,543,825
0.35,544,826
0.35,545,807
0.35,546,797
0.35,547,804
0.35,548,776
0.35,549,796
0.35,550,794
0.35,551,801
0.35,552,801
0.35,553,802
0.35,554,812
0.35,555,823
0.35,556,825
0.35,557,822
0.35,558,790
0.35,559,776
0.35,560,759
0.35,561,759
0.35,562,794
0.35,563,751
0.35,564,714
0.35,565,722
0.35,566,707
0.35,567,700
0.35,568,702
0.35,569,706
0.35,570,709
0.35,571,732
0.35,572,743
0.35,573,741
0.35,574,731
0.35,575,730
0.35,576,748
0.35,577,687
0.35,578,687
0.35,579,723
0.35,580,659
0.35,581,672
0.35,582,667
0.35,583,679
0.35,584,665
0.35,585,666
0.35,586,673
0.35,587,675
0.35,588,664
0.35,589,687
0.35,590,692
0.35,591,668
0.35,592,640
0.35,593,663
0.35,594,653
0.35,595,675
0.35,596,662
0.35,597,662
0.35,598,655
0.35,599,689
0.35,600,660
0.35,601,644
0.35,602,650
0.35,603,624
0.35,604,654
0.35,605,609
0.35,606,632
0.35,607,636
0.35,608,649
0.35,609,646
0.35,610,662
0.35,611,659
0.35,612,687
0.35,613,661
0.35,614,636
0.35,615,671
0.35,616,673
0.35,617,653
0.35,618,651
0.35,619,671
0.35,620,670
0.35,621,665
0.35,622,681
0.35,623,697
0.35,624,673
0.35,625,647
0.35,626,649
0.35,627,657
0.35,628,684
0.35,629,663
0.35,630,697
0.35,631,676
0.35,632,706
0.35,633,654
0.35,634,671
0.35,635,687
0.35,636,693
0.35,637,667
0.35,638,640
0.35,639,664
0.35,640,642
0.35,641,659
0.35,642,665
0.35,643,664
0.35,644,672
0.35,645,630
0.35,646,640
0.35,647,637
0.35,648,646
0.35,649,664
0.35,650,641
0.35,651,664
0.35,652,641
0.35,653,629
0.35,654,602
0.35,655,598
0.35,656,585
0.35,657,605
0.35,658,572
0.35,659,551
0.35,660,573
0.35,661,560
0.35,662,573
0.35,663,550
0.35,664,573
0.35,665,579
0.35,666,572
0.35,667,590
0.35,668,600
0.35,669,600
0.35,670,591
0.35,671,608
0.35,672,590
0.35,673,587
0.35,674,584
0.35,675,594
0.35,676,605
0.35,677,603
0.35,678,586
0.35,679,585
0.35,680,600
0.35,681,573
0.35,682,566
0.35,683,570
0.35,684,580
0.35,685,573
0.35,686,560
0.35,687,574
0.35,688,559
0.35,689,597
0.35,690,568
0.35,691,576
0.35,692,591
0.35,693,589
0.35,694,565
0.35,695,582
0.35,696,585
0.35,697,599
0.35,698,594
0.35,699,599
0.35,700,593
0.35,701,577
0.35,702,584
0.35,703,573
0.35,704,584
0.35,705,577
0.35,706,576
0.35,707,598
0.35,708,599
0.35,709,601
0.35,710,586
0.35,711,598
0.35,712,619
0.35,713,652
0.35,714,643
0.35,715,632
0.35,716,656
0.35,717,685
0.35,718,656
0.35,719,639
0.35,720,645
0.35,721,672
0.35,722,658
0.35,723,651
0.35,724,632
0.35,725,646
0.35,726,653
0.35,727,651
0.35,728,638
0.35,729,668
0.35,730,676
0.35,731,673
0.35,732,674
0.35,733,668
0.35,734,668
0.35,735,668
0.35,736,681
0.35,737,643
0.35,738,632
0.35,739,615
0.35,740,622
0.35,741,606
0.35,742,568
0.35,743,563
0.35,744,582
0.35,745,581
0.35,746,540
0.35,747,568
0.35,748,558
0.35,749,551
0.35,750,536
0.35,751,539
0.35,752,533
0.35,753,544
0.35,754,543
0.35,755,540
0.35,756,573
0.35,757,576
0.35,758,580
0.35,759,563
0.35,760,610
0.35,761,537
0.35,762,552
0.35,763,542
0.35,764,529
0.35,765,517
0.35,766,527
0.35,767,536
0.35,768,539
0.35,769,544
0.35,770,543
0.35,771,533
0.35,772,536
0.35,773,561
0.35,774,552
0.35,775,564
0.35,776,575
0.35,777,568
0.35,778,547
0.35,779,569
0.35,780,571
0.35,781,583
0.35,782,543
0.35,783,569
0.35,784,542
0.35,785,553
0.35,786,548
0.35,787,568
0.35,788,538
0.35,789,547
0.35,790,540
0.35,791,540
0.35,792,529
0.35,793,541
0.35,794,542
0.35,795,548
0.35,796,530
0.35,797,508
0.35,798,512
0.35,799,515
0.35,800,520
0.35,801,504
0.35,802,523
0.35,803,519
0.35,804,522
0.35,805,528
0.35,806,549
0.35,807,546
0.35,808,553
0.35,809,565
0.35,810,559
0.35,811,567
0.35,812,557
0.35,813,546
0.35,814,522
0.35,815,533
0.35,816,552
0.35,817,566
0.35,818,585
0.35,819,582
0.35,820,559
0.35,821,587
0.35,822,557
0.35,823,578
0.35,824,605
0.35,825,582
0.35,826,571
0.35,827,571
0.35,828,586
0.35,829,600
0.35,830,571
0.35,831,586
0.35,832,603
0.35,833,607
0.35,834,608
0.35,835,601
0.35,836,618
0.35,837,634
0.35,838,616
0.35,839,626
0.35,840,614
0.35,841,590
0.35,842,608
0.35,843,572
0.35,844,576
0.35,845,603
0.35,846,603
0.35,847,605
0.35,848,598
0.35,849,612
0.35,850,621
0.35,851,606
0.35,852,635
0.35,853,591
0.35,854,563
0.35,855,571
0.35,856,553
0.35,857,581
0.35,858,580
0.35,859,556
0.35,860,576
0.35,861,591
0.35,862,587
0.35,863,607
0.35,864,565
0.35,865,586
0.35,866,583
0.35,867,571
0.35,868,537
0.35,869,526
0.35,870,527
0.35,871,530
0.35,872,534
0.35,873,530
0.35,874,521
0.35,875,521
0.35,876,513
0.35,877,505
0.35,878,471
0.35,879,470
0.35,880,465
0.35,881,451
0.35,882,448
0.35,883,443
0.35,884,439
0.35,885,453
0.35,886,459
0.35,887,451
0.35,888,460
0.35,889,457
0.35,890,455
0.35,891,452
0.35,892,451
0.35,893,450
0.35,894,443
0.35,895,442
0.35,896,436
0.35,897,450
0.35,898,445
0.35,899,452
0.35,900,441
0.35,901,459
0.35,902,458
0.35,903,459
0.35,904,455
0.35,905,473
0.35,906,459
0.35,907,459
0.35,908,461
0.35,909,466
0.35,910,455
0.35,911,476
0.35,912,480
0.35,913,475
0.35,914,481
0.35,915,469
0.35,916,456
0.35,917,480
0.35,918,460
0.35,919,470
0.35,920,482
0.35,921,497
0.35,922,474
0.35,923,493
0.35,924,505
0.35,925,518
0.35,926,509
0.35,927,517
0.35,928,471
0.35,929,492
0.35,930,499
0.35,931,512
0.35,932,502
0.35,933,509
0.35,934,491
0.35,935,495
0.35,936,492
0.35,937,515
0.35,938,505
0.35,939,498
0.35,940,467
0.35,941,469
0.35,942,477
0.35,943,463
0.35,944,490
0.35,945,490
0.35,946,484
0.35,947,500
0.35,948,503
0.35,949,506
0.35,950,497
0.35,951,527
0.35,952,496
0.35,953,502
0.35,954,484
0.35,955,495
0.35,956,498
0.35,957,506
0.35,958,484
0.35,959,490
0.35,960,488
0.35,961,499
0.35,962,487
0.35,963,536
0.35,964,543
0.35,965,549
0.35,966,507
0.35,967,526
0.35,968,527
0.35,969,522
0.35,970,515
0.35,971,520
0.35,972,517
0.35,973,515
0.35,974,504
0.35,975,519
0.35,976,522
0.35,977,474
0.35,978,480
0.35,979,492
0.35,980,488
0.35,981,489
0.35,982,465
0.35,983,466
0.35,984,469
0.35,985,485
0.35,986,487
0.35,987,489
0.35,988,487
0.35,989,469
0.35,990,489
0.35,991,453
0.35,992,465
0.35,993,453
0.35,994,465
0.35,995,471
0.35,996,472
0.35,997,470
0.35,998,465
0.35,999,479
0.35,1000,473
0.35,1001,477
0.35,1002,461
0.35,1003,442
0.35,1004,443
0.35,1005,428
0.35,1006,446
0.35,1007,432
0.35,1008,433
0.35,1009,441
0.35,1010,438
0.35,1011,454
0.35,1012,442
0.35,1013,452
0.35,1014,429
0.35,1015,430
0.35,1016,419
0.35,1017,411
0.35,1018,424
0.35,1019,418
0.35,1020,417
0.35,1021,443
0.35,1022,433
0.35,1023,434
0.35,1024,440
0.35,1025,448
0.35,1026,440
0.35,1027,434
0.35,1028,432
0.35,1029,419
0.35,1030,424
0.35,1031,421
0.35,1032,413
0.35,1033,413
0.35,1034,419
0.35,1035,430
0.35,1036,421
0.35,1037,422
0.35,1038,442
0.35,1039,432
0.35,1040,425
0.35,1041,419
0.35,1042,418
0.35,1043,414
0.35,1044,411
0.35,1045,390
0.35,1046,396
0.35,1047,383
0.35,1048,384
0.35,1049,374
0.35,1050,391
0.35,1051,386
0.35,1052,393
0.35,1053,397
0.35,1054,391
0.35,1055,403
0.35,1056,415
0.35,1057,399
0.35,1058,400
0.35,1059,389
0.35,1060,388
0.35,1061,404
0.35,1062,408
0.35,1063,418
0.35,1064,421
0.35,1065,414
0.35,1066,415
0.35,1067,407
0.35,1068,400
0.35,1069,405
0.35,1070,390
0.35,1071,377
0.35,1072,364
0.35,1073,374
0.35,1074,350
0.35,1075,347
0.35,1076,337
0.35,1077,342
0.35,1078,340
0.35,1079,346
0.35,1080,342
0.35,1081,335
0.35,1082,340
0.35,1083,322
0.35,1084,324
0.35,1085,320
0.35,1086,319
0.35,1087,325
0.35,1088,325
0.35,1089,328
0.35,1090,320
0.35,1091,314
0.35,1092,315
0.35,1093,318
0.35,1094,318
0.35,1095,318
0.35,1096,316
0.35,1097,315
0.35,1098,316
0.35,1099,318
0.35,1100,319
0.35,1101,327
0.35,1102,322
0.35,1103,324
0.35,1104,333
0.35,1105,326
0.35,1106,329
0.35,1107,322
0.35,1108,324
0.35,1109,317
0.35,1110,316
0.35,1111,314
0.35,1112,312
0.35,1113,311
0.35,1114,312
0.35,1115,312
0.35,1116,312
0.35,1117,312
0.4,0,6578
0.4,1,6469
0.4,2,5767
0.4,3,5484
0.4,4,5316
0.4,5,5084
0.4,6,4976
0.4,7,4722
0.4,8,4663
0.4,9,4581
0.4,10,4498
0.4,11,4376
0.4,12,4303
0.4,13,4172
0.4,14,4137
0.4,15,4019
0.4,16,4021
0.4,17,3992
0.4,18,3924
0.4,19,3830
0.4,20,3746
0.4,21,3735
0.4,22,3723
0.4,23,3687
0.4,24,3705
0.4,25,3687
0.4,26,3751
0.4,27,3649
0.4,28,3647
0.4,29,3573
0.4,30,3555
0.4,31,3368
0.4,32,3437
0.4,33,3302
0.4,34,3180
0.4,35,3257
0.4,36,3224
0.4,37,3248
0.4,38,3215
0.4,39,3260
0.4,40,3139
0.4,41,3105
0.4,42,2970
0.4,43,2974
0.4,44,2939
0.4,45,2873
0.4,46,2905
0.4,47,2759
0.4,48,2790
0.4,49,2732
0.4,50,2689
0.4,51,2628
0.4,52,2648
0.4,53,2580
0.4,54,2506
0.4,55,2492
0.4,56,2392
0.4,57,2479
0.4,58,2447
0.4,59,2455
0.4,60,2443
0.4,61,2387
0.4,62,2380
0.4,63,2374
0.4,64,2385
0.4,65,2352
0.4,66,2373
0.4,67,2308
0.4,68,2288
0.4,69,2321
0.4,70,2357
0.4,71,2339
0.4,72,2336
0.4,73,2343
0.4,74,2333
0.4,75,2385
0.4,76,2362
0.4,77,2376
0.4,78,2347
0.4,79,2375
0.4,80,2375
0.4,81,2312
0.4,82,2266
0.4,83,2228
0.4,84,2142
0.4,85,2157
0.4,86,2173
0.4,87,2142
0.4,88,2166
0.4,89,2101
0.4,90,2135
0.4,91,2065
0.4,92,2108
0.4,93,2066
0.4,94,2064
0.4,95,2054
0.4,96,2150
0.4,97,2147
0.4,98,2159
0.4,99,2225
0.4,100,2184
0.4,101,2156
0.4,102,2105
0.4,103,2040
0.4,104,2025
0.4,105,2024
0.4,106,2015
0.4,107,1971
0.4,108,1895
0.4,109,1908
0.4,110,2011
0.4,111,1851
0.4,112,1869
0.4,113,1770
0.4,114,1768
0.4,115,1746
0.4,116,1752
0.4,117,1748
0.4,118,1684
0.4,119,1731
0.4,120,1751
0.4,121,1657
0.4,122,1717
0.4,123,1717
0.4,124,1763
0.4,125,1671
0.4,126,1735
0.4,127,1720
0.4,128,1687
0.4,129,1604
0.4,130,1625
0.4,131,1632
0.4,132,1597
0.4,133,1597
0.4,134,1618
0.4,135,1630
0.4,136,1607
0.4,137,1589
0.4,138,1595
0.4,139,1563
0.4,140,1544
0.4,141,1540
0.4,142,1599
0.4,143,1541
0.4,144,1585
0.4,145,1524
0.4,146,1590
0.4,147,1509
0.4,148,1494
0.4,149,1470
0.4,150,1439
0.4,151,1432
0.4,152,1368
0.4,153,1375
0.4,154,1363
0.4,155,1331
0.4,156,1354
0.4,157,1352
0.4,158,1383
0.4,159,1396
0.4,160,1414
0.4,161,1452
0.4,162,1377
0.4,163,1355
0.4,164,1411
0.4,165,1429
0.4,166,1378
0.4,167,1405
0.4,168,1370
0.4,169,1358
0.4,170,1357
0.4,171,1358
0.4,172,1357
0.4,173,1315
0.4,174,1276
0.4,175,1271
0.4,176,1203
0.4,177,1252
0.4,178,1282
0.4,179,1288
0.4,180,1336
0.4,181,1294
0.4,182,1302
0.4,183,1354
0.4,184,1355
0.4,185,1378
0.4,186,1431
0.4,187,1433
0.4,188,1423
0.4,189,1373
0.4,190,1419
0.4,191,1408
0.4,192,1484
0.4,193,1403
0.4,194,1427
0.4,195,1394
0.4,196,1440
0.4,197,1457
0.4,198,1448
0.4,199,1486
0.4,200,1531
0.4,201,1468
0.4,202,1456
0.4,203,1431
0.4,204,1478
0.4,205,1480
0.4,206,1450
0.4,207,1471
0.4,208,1442
0.4,209,1425
0.4,210,1383
0.4,211,1440
0.4,212,1380
0.4,213,1409
0.4,214,1356
0.4,215,1364
0.4,216,1297
0.4,217,1301
0.4,218,1288
0.4,219,1319
0.4,220,1298
0.4,221,1325
0.4,222,1281
0.4,223,1267
0.4,224,1269
0.4,225,1274
0.4,226,1301
0.4,227,1271
0.4,228,1250
0.4,229,1282
0.4,230,1240
0.4,231,1286
0.4,232,1267
0.4,233,1259
0.4,234,1264
0.4,235,1252
0.4,236,1242
0.4,237,1283
0.4,238,1306
0.4,239,1306
0.4,240,1291
0.4,241,1291
0.4,242,1325
0.4,243,1312
0.4,244,1292
0.4,245,1317
0.4,246,1323
0.4,247,1317
0.4,248,1347
0.4,249,1317
0.4,250,1328
0.4,251,1311
0.4,252,1314
0.4,253,1338
0.4,254,1306
0.4,255,1298
0.4,256,1287
0.4,257,1293
0.4,258,1311
0.4,259,1289
0.4,260,1277
0.4,261,1333
0.4,262,1331
0.4,263,1303
0.4,264,1276
0.4,265,1302
0.4,266,1282
0.4,267,1278
0.4,268,1323
0.4,269,1283
0.4,270,1269
0.4,271,1335
0.4,272,1293
0.4,273,1273
0.4,274,1249
0.4,275,1233
0.4,276,1231
0.4,277,1299
0.4,278,1278
0.4,279,1340
0.4,280,1298
0.4,281,1355
0.4,282,1305
0.4,283,1270
0.4,284,1265
0.4,285,1249
0.4,286,1295
0.4,287,1272
0.4,288,1277
0.4,289,1273
0.4,290,1252
0.4,291,1287
0.4,292,1250
0.4,293,1290
0.4,294,1255
0.4,295,1245
0.4,296,1241
0.4,297,1217
0.4,298,1289
0.4,299,1308
0.4,300,1281
0.4,301,1319
0.4,302,1288
0.4,303,1274
0.4,304,1252
0.4,305,1207
0.4,306,1255
0.4,307,1240
0.4,308,1178
0.4,309,1171
0.4,310,1190
0.4,311,1161
0.4,312,1237
0.4,313,1200
0.4,314,1206
0.4,315,1230
0.4,316,1216
0.4,317,1214
0.4,318,1216
0.4,319,1205
0.4,320,1249
0.4,321,1233
0.4,322,1223
0.4,323,1269
0.4,324,1242
0.4,325,1224
0.4,326,1249
0.4,327,1285
0.4,328,1303
0.4,329,1330
0.4,330,1315
0.4,331,1306
0.4,332,1281
0.4,333,1253
0.4,334,1286
0.4,335,1283
0.4,336,1270
0.4,337,1238
0.4,338,1220
0.4,339,1235
0.4,340,1219
0.4,341,1161
0.4,342,1160
0.4,343,1137
0.4,344,1138
0.4,345,1147
0.4,346,1173
0.4,347,1166
0.4,348,1179
0.4,349,1175
0.4,350,1195
0.4,351,1200
0.4,352,1180
0.4,353,1207
0.4,354,1184
0.4,355,1195
0.4,356,1180
0.4,357,1163
0.4,358,1163
0.4,359,1130
0.4,360,1161
0.4,361,1139
0.4,362,1135
0.4,363,1188
0.4,364,1105
0.4,365,1184
0.4,366,1205
0.4,367,1184
0.4,368,1238
0.4,369,1236
0.4,370,1275
0.4,371,1252
0.4,372,1262
0.4,373,1296
0.4,374,1248
0.4,375,1296
0.4,376,1255
0.4,377,1263
0.4,378,1262
0.4,379,1266
0.4,380,1252
0.4,381,1256
0.4,382,1220
0.4,383,1252
0.4,384,1257
0.4,385,1249
0.4,386,1296
0.4,387,1287
0.4,388,1231
0.4,389,1251
0.4,390,1226
0.4,391,1223
0.4,392,1259
0.4,393,1208
0.4,394,1181
0.4,395,1200
0.4,396,1192
0.4,397,1239
0.4,398,1205
0.4,399,1194
0.4,400,1141
0.4,401,1159
0.4,402,1102
0.4,403,1095
0.4,404,1110
0.4,405,1082
0.4,406,1085
0.4,407,1080
0.4,408,1098
0.4,409,1094
0.4,410,1126
0.4,411,1116
0.4,412,1121
0.4,413,1084
0.4,414,1084
0.4,415,1037
0.4,416,1060
0.4,417,1033
0.4,418,1040
0.4,419,1069
0.4,420,1063
0.4,421,1108
0.4,422,1098
0.4,423,1091
0.4,424,1030
0.4,425,1044
0.4,426,996
0.4,427,1005
0.4,428,1014
0.4,429,1012
0.4,430,1020
0.4,431,1018
0.4,432,1057
0.4,433,997
0.4,434,1066
0.4,435,987
0.4,436,1009
0.4,437,1041
0.4,438,1048
0.4,439,1063
0.4,440,999
0.4,441,972
0.4,442,930
0.4,443,967
0.4,444,936
0.4,445,949
0.4,446,933
0.4,447,900
0.4,448,926
0.4,449,918
0.4,450,959
0.4,451,926
0.4,452,917
0.4,453,906
0.4,454,904
0.4,455,897
0.4,456,907
0.4,457,916
0.4,458,897
0.4,459,862
0.4,460,834
0.4,461,829
0.4,462,829
0.4,463,833
0.4,464,870
0.4,465,885
0.4,466,863
0.4,467,881
0.4,468,822
0.4,469,833
0.4,470,788
0.4,471,797
0.4,472,759
0.4,473,767
0.4,474,743
0.4,475,742
0.4,476,718
0.4,477,707
0.4,478,738
0.4,479,755
0.4,480,756
0.4,481,779
0.4,482,764
0.4,483,762
0.4,484,777
0.4,485,801
0.4,486,782
0.4,487,806
0.4,488,801
0.4,489,765
0.4,490,735
0.4,491,734
0.4,492,724
0.4,493,756
0.4,494,738
0.4,495,768
0.4,496,744
0.4,497,779
0.4,498,787
0.4,499,757
0.4,500,790
0.4,501,790
0.4,502,796
0.4,503,764
0.4,504,759
0.4,505,743
0.4,506,749
0.4,507,751
0.4,508,749
0.4,509,747
0.4,510,745
0.4,511,737
0.4,512,710
0.4,513,696
0.4,514,686
0.4,515,708
0.4,516,684
0.4,517,676
0.4,518,660
0.4,519,691
0.4,520,697
0.4,521,729
0.4,522,721
0.4,523,731
0.4,524,785
0.4,525,777
0.4,526,784
0.4,527,762
0.4,528,771
0.4,529,750
0.4,530,762
0.4,531,756
0.4,532,768
0.4,533,778
0.4,534,777
0.4,535,770
0.4,536,737
0.4,537,738
0.4,538,731
0.4,539,731
0.4,540,735
0.4,541,752
0.4,542,747
0.4,543,724
0.4,544,770
0.4,545,756
0.4,546,745
0.4,547,792
0.4,548,781
0.4,549,783
0.4,550,791
0.4,551,736
0.4,552,727
0.4,553,737
0.4,554,734
0.4,555,757
0.4,556,752
0.4,557,709
0.4,558,718
0.4,559,714
0.4,560,699
0.4,561,745
0.4,562,682
0.4,563,666
0.4,564,642
0.4,565,645
0.4,566,649
0.4,567,619
0.4,568,629
0.4,569,588
0.4,570,616
0.4,571,608
0.4,572,621
0.4,573,617
0.4,574,623
0.4,575,624
0.4,576,613
0.4,577,639
0.4,578,634
0.4,579,645
0.4,580,659
0.4,581,643
0.4,582,658
0.4,583,658
0.4,584,635
0.4,585,661
0.4,586,649
0.4,587,620
0.4,588,634
0.4,589,642
0.4,590,642
0.4,591,668
0.4,592,688
0.4,593,697
0.4,594,662
0.4,595,658
0.4,596,673
0.4,597,685
0.4,598,707
0.4,599,692
0.4,600,668
0.4,601,689
0.4,602,670
0.4,603,680
0.4,604,692
0.4,605,702
0.4,606,673
0.4,607,688
0.4,608,666
0.4,609,642
0.4,610,667
0.4,611,670
0.4,612,699
0.4,613,679
0.4,614,694
0.4,615,692
0.4,616,722
0.4,617,701
0.4,618,670
0.4,619,683
0.4,620,692
0.4,621,689
0.4,622,658
0.4,623,688
0.4,624,677
0.4,625,669
0.4,626,661
0.4,627,689
0.4,628,665
0.4,629,702
0.4,630,675
0.4,631,676
0.4,632,694
0.4,633,682
0.4,634,666
0.4,635,678
0.4,636,681
0.4,637,691
0.4,638,671
0.4,639,691
0.4,640,718
0.4,641,717
0.4,642,729
0.4,643,693
0.4,644,692
0.4,645,706
0.4,646,662
0.4,647,666
0.4,648,654
0.4,649,661
0.4,650,644
0.4,651,645
0.4,652,658
0.4,653,652
0.4,654,649
0.4,655,639
0.4,656,644
0.4,657,621
0.4,658,611
0.4,659,611
0.4,660,605
0.4,661,597
0.4,662,573
0.4,663,573
0.4,664,592
0.4,665,577
0.4,666,572
0.4,667,576
0.4,668,545
0.4,669,564
0.4,670,551
0.4,671,538
0.4,672,571
0.4,673,551
0.4,674,558
0.4,675,563
0.4,676,567
0.4,677,564
0.4,678,581
0.4,679,557
0.4,680,565
0.4,681,582
0.4,682,622
0.4,683,594
0.4,684,613
0.4,685,565
0.4,686,593
0.4,687,555
0.4,688,563
0.4,689,554
0.4,690,582
0.4,691,574
0.4,692,606
0.4,693,625
0.4,694,641
0.4,695,637
0.4,696,618
0.4,697,634
0.4,698,637
0.4,699,645
0.4,700,637
0.4,701,608
0.4,702,612
0.4,703,616
0.4,704,632
0.4,705,609
0.4,706,590
0.4,707,603
0.4,708,607
0.4,709,620
0.4,710,635
0.4,711,630
0.4,712,638
0.4,713,631
0.4,714,615
0.4,715,630
0.4,716,607
0.4,717,628
0.4,718,613
0.4,719,615
0.4,720,630
0.4,721,594
0.4,722,602
0.4,723,598
0.4,724,609
0.4,725,603
0.4,726,587
0.4,727,605
0.4,728,576
0.4,729,582
0.4,730,590
0.4,731,564
0.4,732,575
0.4,733,561
0.4,734,564
0.4,735,580
0.4,736,577
0.4,737,569
0.4,738,575
0.4,739,580
0.4,740,590
0.4,741,586
0.4,742,577
0.4,743,591
0.4,744,608
0.4,745,573
0.4,746,592
0.4,747,575
0.4,748,594
0.4,749,604
0.4,750,589
0.4,751,614
0.4,752,613
0.4,753,601
0.4,754,623
0.4,755,623
0.4,756,621
0.4,757,643
0.4,758,610
0.4,759,606
0.4,760,609
0.4,761,607
0.4,762,631
0.4,763,610
0.4,764,648
0.4,765,613
0.4,766,626
0.4,767,592
0.4,768,593
0.4,769,599
0.4,770,597
0.4,771,607
0.4,772,619
0.4,773,614
0.4,774,638
0.4,775,649
0.4,776,632
0.4,777,638
0.4,778,623
0.4,779,638
0.4,780,627
0.4,781,624
0.4,782,635
0.4,783,621
0.4,784,657
0.4,785,622
0.4,786,641
0.4,787,639
0.4,788,643
0.4,789,616
0.4,790,617
0.4,791,601
0.4,792,627
0.4,793,617
0.4,794,630
0.4,795,622
0.4,796,630
0.4,797,588
0.4,798,602
0.4,799,578
0.4,800,587
0.4,801,564
0.4,802,563
0.4,803,555
0.4,804,576
0.4,805,556
0.4,806,565
0.4,807,554
0.4,808,577
0.4,809,567
0.4,810,586
0.4,811,560
0.4,812,588
0.4,813,567
0.4,814,561
0.4,815,546
0.4,816,537
0.4,817,539
0.4,818,540
0.4,819,543
0.4,820,554
0.4,821,575
0.4,822,548
0.4,823,546
0.4,824,538
0.4,825,530
0.4,826,536
0.4,827,541
0.4,828,530
0.4,829,555
0.4,830,542
0.4,831,529
0.4,832,527
0.4,833,521
0.4,834,526
0.4,835,542
0.4,836,530
0.4,837,538
0.4,838,532
0.4,839,553
0.4,840,548
0.4,841,559
0.4,842,568
0.4,843,589
0.4,844,588
0.4,845,591
0.4,846,586
0.4,847,594
0.4,848,607
0.4,849,600
0.4,850,585
0.4,851,594
0.4,852,594
0.4,853,599
0.4,854,619
0.4,855,618
0.4,856,614
0.4,857,630
0.4,858,595
0.4,859,612
0.4,860,560
0.4,861,568
0.4,862,558
0.4,863,564
0.4,864,548
0.4,865,559
0.4,866,564
0.4,867,587
0.4,868,577
0.4,869,589
0.4,870,561
0.4,871,586
0.4,872,561
0.4,873,559
0.4,874,543
0.4,875,531
0.4,876,515
0.4,877,525
0.4,878,522
0.4,879,534
0.4,880,514
0.4,881,520
0.4,882,526
0.4,883,507
0.4,884,520
0.4,885,525
0.4,886,517
0.4,887,520
0.4,888,492
0.4,889,505
0.4,890,499
0.4,891,485
0.4,892,485
0.4,893,477
0.4,894,482
0.4,895,477
0.4,896,464
0.4,897,462
0.4,898,455
0.4,899,466
0.4,900,457
0.4,901,455
0.4,902,458
0.4,903,457
0.4,904,456
0.4,905,462
0.4,906,451
0.4,907,463
0.4,908,450
0.4,909,456
0.4,910,454
0.4,911,464
0.4,912,453
0.4,913,460
0.4,914,470
0.4,915,461
0.4,916,467
0.4,917,463
0.4,918,466
0.4,919,461
0.4,920,462
0.4,921,444
0.4,922,445
0.4,923,427
0.4,924,433
0.4,925,435
0.4,926,433
0.4,927,434
0.4,928,429
0.4,929,430
0.4,930,439
0.4,931,439
0.4,932,445
0.4,933,453
0.4,934,445
0.4,935,455
0.4,936,459
0.4,937,475
0.4,938,467
0.4,939,465
0.4,940,479
0.4,941,468
0.4,942,464
0.4,943,452
0.4,944,442
0.4,945,446
0.4,946,435
0.4,947,429
0.4,948,421
0.4,949,422
0.4,950,411
0.4,951,411
0.4,952,412
0.4,953,412
0.4,954,411
0.4,955,414
0.4,956,414
0.4,957,416
0.4,958,411
0.4,959,423
0.4,960,412
0.4,961,414
0.4,962,413
0.4,963,417
0.4,964,419
0.4,965,422
0.4,966,414
0.4,967,420
0.4,968,420
0.4,969,418
0.4,970,422
0.4,971,414
0.4,972,421
0.4,973,422
0.4,974,412
0.4,975,405
0.4,976,406
0.4,977,408
0.4,978,407
0.4,979,401
0.4,980,410
0.4,981,411
0.4,982,415
0.4,983,409
0.4,984,413
0.4,985,414
0.4,986,396
0.4,987,387
0.4,988,385
0.4,989,384
0.4,990,382
0.4,991,382
0.4,992,382
0.5,0,8197
0.5,1,5395
0.5,2,5246
0.5,3,5105
0.5,4,4932
0.5,5,4686
0.5,6,4591
0.5,7,4473
0.5,8,4319
0.5,9,4391
0.5,10,4270
0.5,11,4129
0.5,12,4048
0.5,13,4024
0.5,14,3962
0.5,15,4037
0.5,16,3817
0.5,17,3804
0.5,18,3733
0.5,19,3635
0.5,20,3555
0.5,21,3443
0.5,22,3368
0.5,23,3375
0.5,24,3261
0.5,25,3216
0.5,26,3243
0.5,27,3186
0.5,28,3135
0.5,29,3074
0.5,30,3024
0.5,31,3070
0.5,32,2982
0.5,33,2975
0.5,34,2915
0.5,35,2911
0.5,36,2880
0.5,37,2855
0.5,38,2855
0.5,39,2822
0.5,40,2743
0.5,41,2768
0.5,42,2712
0.5,43,2682
0.5,44,2782
0.5,45,2760
0.5,46,2612
0.5,47,2676
0.5,48,2627
0.5,49,2617
0.5,50,2630
0.5,51,2577
0.5,52,2592
0.5,53,2582
0.5,54,2656
0.5,55,2637
0.5,56,2658
0.5,57,2656
0.5,58,2623
0.5,59,2541
0.5,60,2547
0.5,61,2486
0.5,62,2469
0.5,63,2472
0.5,64,2420
0.5,65,2378
0.5,66,2368
0.5,67,2295
0.5,68,2354
0.5,69,2326
0.5,70,2311
0.5,71,2425
0.5,72,2326
0.5,73,2382
0.5,74,2377
0.5,75,2351
0.5,76,2330
0.5,77,2373
0.5,78,2425
0.5,79,2326
0.5,80,2372
0.5,81,2405
0.5,82,2383
0.5,83,2371
0.5,84,2290
0.5,85,2345
0.5,86,2363
0.5,87,2325
0.5,88,2394
0.5,89,2423
0.5,90,2406
0.5,91,2320
0.5,92,2249
0.5,93,2316
0.5,94,2273
0.5,95,2320
0.5,96,2331
0.5,97,2332
0.5,98,2351
0.5,99,2335
0.5,100,2384
0.5,101,2380
0.5,102,2417
0.5,103,2379
0.5,104,2372
0.5,105,2279
0.5,106,2284
0.5,107,2244
0.5,108,2221
0.5,109,2220
0.5,110,2244
0.5,111,2217
0.5,112,2189
0.5,113,2121
0.5,114,2136
0.5,115,2095
0.5,116,2023
0.5,117,2028
0.5,118,1934
0.5,119,1953
0.5,120,1849
0.5,121,1936
0.5,122,1921
0.5,123,1929
0.5,124,1974
0.5,125,2003
0.5,126,1978
0.5,127,2029
0.5,128,1945
0.5,129,1976
0.5,130,1997
0.5,131,1950
0.5,132,2011
0.5,133,1978
0.5,134,2014
0.5,135,2031
0.5,136,2018
0.5,137,2022
0.5,138,2074
0.5,139,2121
0.5,140,2113
0.5,141,2161
0.5,142,2129
0.5,143,2153
0.5,144,2086
0.5,145,2192
0.5,146,2111
0.5,147,2169
0.5,148,2172
0.5,149,2164
0.5,150,2126
0.5,151,2022
0.5,152,2056
0.5,153,2010
0.5,154,2051
0.5,155,1934
0.5,156,1957
0.5,157,1844
0.5,158,1892
0.5,159,1813
0.5,160,1851
0.5,161,1864
0.5,162,1907
0.5,163,1903
0.5,164,1848
0.5,165,1874
0.5,166,1879
0.5,167,1902
0.5,168,1947
0.5,169,1920
0.5,170,1953
0.5,171,1897
0.5,172,1944
0.5,173,1906
0.5,174,1837
0.5,175,1895
0.5,176,1824
0.5,177,1889
0.5,178,1894
0.5,179,1859
0.5,180,1832
0.5,181,1817
0.5,182,1817
0.5,183,1733
0.5,184,1807
0.5,185,1751
0.5,186,1814
0.5,187,1688
0.5,188,1770
0.5,189,1726
0.5,190,1757
0.5,191,1691
0.5,192,1735
0.5,193,1729
0.5,194,1691
0.5,195,1606
0.5,196,1604
0.5,197,1593
0.5,198,1674
0.5,199,1657
0.5,200,1596
0.5,201,1655
0.5,202,1598
0.5,203,1636
0.5,204,1637
0.5,205,1663
0.5,206,1707
0.5,207,1681
0.5,208,1705
0.5,209,1657
0.5,210,1598
0.5,211,1623
0.5,212,1585
0.5,213,1637
0.5,214,1586
0.5,215,1647
0.5,216,1654
0.5,217,1609
0.5,218,1645
0.5,219,1696
0.5,220,1688
0.5,221,1624
0.5,222,1666
0.5,223,1649
0.5,224,1647
0.5,225,1684
0.5,226,1669
0.5,227,1652
0.5,228,1639
0.5,229,1614
0.5,230,1576
0.5,231,1580
0.5,232,1521
0.5,233,1489
0.5,234,1481
0.5,235,1526
0.5,236,1510
0.5,237,1415
0.5,238,1417
0.5,239,1374
0.5,240,1414
0.5,241,1389
0.5,242,1372
0.5,243,1356
0.5,244,1335
0.5,245,1330
0.5,246,1315
0.5,247,1249
0.5,248,1266
0.5,249,1277
0.5,250,1207
0.5,251,1192
0.5,252,1218
0.5,253,1219
0.5,254,1243
0.5,255,1222
0.5,256,1279
0.5,257,1260
0.5,258,1203
0.5,259,1184
0.5,260,1188
0.5,261,1191
0.5,262,1203
0.5,263,1222
0.5,264,1264
0.5,265,1224
0.5,266,1272
0.5,267,1236
0.5,268,1193
0.5,269,1198
0.5,270,1162
0.5,271,1189
0.5,272,1185
0.5,273,1190
0.5,274,1186
0.5,275,1168
0.5,276,1170
0.5,277,1174
0.5,278,1201
0.5,279,1196
0.5,280,1229
0.5,281,1218
0.5,282,1249
0.5,283,1195
0.5,284,1224
0.5,285,1208
0.5,286,1273
0.5,287,1171
0.5,288,1222
0.5,289,1225
0.5,290,1203
0.5,291,1200
0.5,292,1172
0.5,293,1177
0.5,294,1106
0.5,295,1135
0.5,296,1080
0.5,297,1088
0.5,298,1092
0.5,299,1105
0.5,300,1084
0.5,301,1106
0.5,302,1047
0.5,303,1084
0.5,304,1074
0.5,305,1076
0.5,306,1076
0.5,307,1037
0.5,308,1065
0.5,309,1046
0.5,310,1026
0.5,311,1013
0.5,312,1024
0.5,313,1021
0.5,314,985
0.5,315,947
0.5,316,972
0.5,317,951
0.5,318,1000
0.5,319,983
0.5,320,1018
0.5,321,983
0.5,322,1058
0.5,323,1041
0.5,324,1046
0.5,325,1007
0.5,326,1007
0.5,327,1015
0.5,328,1039
0.5,329,1002
0.5,330,987
0.5,331,986
0.5,332,1033
0.5,333,1024
0.5,334,1058
0.5,335,1047
0.5,336,1049
0.5,337,1055
0.5,338,1088
0.5,339,1026
0.5,340,1071
0.5,341,993
0.5,342,1018
0.5,343,1004
0.5,344,1012
0.5,345,1012
0.5,346,1002
0.5,347,980
0.5,348,1010
0.5,349,1013
0.5,350,1045
0.5,351,1036
0.5,352,1035
0.5,353,993
0.5,354,986
0.5,355,978
0.5,356,990
0.5,357,960
0.5,358,906
0.5,359,896
0.5,360,916
0.5,361,954
0.5,362,934
0.5,363,923
0.5,364,938
0.5,365,945
0.5,366,920
0.5,367,877
0.5,368,890
0.5,369,868
0.5,370,871
0.5,371,868
0.5,372,869
0.5,373,882
0.5,374,879
0.5,375,884
0.5,376,887
0.5,377,883
0.5,378,890
0.5,379,917
0.5,380,962
0.5,381,985
0.5,382,966
0.5,383,960
0.5,384,968
0.5,385,963
0.5,386,965
0.5,387,956
0.5,388,993
0.5,389,946
0.5,390,988
0.5,391,916
0.5,392,858
0.5,393,850
0.5,394,854
0.5,395,845
0.5,396,839
0.5,397,817
0.5,398,854
0.5,399,823
0.5,400,869
0.5,401,829
0.5,402,837
0.5,403,850
0.5,404,849
0.5,405,856
0.5,406,837
0.5,407,831
0.5,408,866
0.5,409,832
0.5,410,824
0.5,411,845
0.5,412,790
0.5,413,812
0.5,414,798
0.5,415,830
0.5,416,809
0.5,417,847
0.5,418,862
0.5,419,886
0.5,420,908
0.5,421,878
0.5,422,883
0.5,423,870
0.5,424,900
0.5,425,914
0.5,426,961
0.5,427,951
0.5,428,963
0.5,429,976
0.5,430,968
0.5,431,972
0.5,432,962
0.5,433,970
0.5,434,924
0.5,435,971
0.5,436,943
0.5,437,938
0.5,438,904
0.5,439,881
0.5,440,864
0.5,441,839
0.5,442,814
0.5,443,814
0.5,444,778
0.5,445,776
0.5,446,795
0.5,447,777
0.5,448,783
0.5,449,769
0.5,450,784
0.5,451,784
0.5,452,753
0.5,453,771
0.5,454,762
0.5,455,741
0.5,456,718
0.5,457,720
0.5,458,721
0.5,459,711
0.5,460,721
0.5,461,748
0.5,462,798
0.5,463,798
0.5,464,795
0.5,465,820
0.5,466,846
0.5,467,802
0.5,468,836
0.5,469,807
0.5,470,794
0.5,471,811
0.5,472,765
0.5,473,795
0.5,474,798
0.5,475,802
0.5,476,833
0.5,477,817
0.5,478,815
0.5,479,804
0.5,480,879
0.5,481,833
0.5,482,824
0.5,483,821
0.5,484,805
0.5,485,816
0.5,486,813
0.5,487,829
0.5,488,812
0.5,489,794
0.5,490,806
0.5,491,806
0.5,492,824
0.5,493,819
0.5,494,818
0.5,495,867
0.5,496,907
0.5,497,912
0.5,498,966
0.5,499,937
0.5,500,931
0.5,501,947
0.5,502,931
0.5,503,938
0.5,504,950
0.5,505,957
0.5,506,983
0.5,507,912
0.5,508,946
0.5,509,908
0.5,510,954
0.5,511,926
0.5,512,923
0.5,513,923
0.5,514,884
0.5,515,892
0.5,516,914
0.5,517,942
0.5,518,955
0.5,519,977
0.5,520,997
0.5,521,992
0.5,522,1004
0.5,523,1081
0.5,524,1035
0.5,525,1019
0.5,526,1012
0.5,527,943
0.5,528,927
0.5,529,947
0.5,530,951
0.5,531,985
0.5,532,999
0.5,533,989
0.5,534,992
0.5,535,967
0.5,536,980
0.5,537,958
0.5,538,954
0.5,539,981
0.5,540,970
0.5,541,1028
0.5,542,1023
0.5,543,1052
0.5,544,1059
0.5,545,1035
0.5,546,1020
0.5,547,1004
0.5,548,984
0.5,549,1042
0.5,550,1010
0.5,551,1021
0.5,552,1045
0.5,553,1021
0.5,554,1054
0.5,555,1046
0.5,556,1071
0.5,557,1022
0.5,558,1093
0.5,559,1038
0.5,560,1052
0.5,561,991
0.5,562,982
0.5,563,979
0.5,564,971
0.5,565,950
0.5,566,918
0.5,567,909
0.5,568,910
0.5,569,949
0.5,570,941
0.5,571,911
0.5,572,901
0.5,573,913
0.5,574,913
0.5,575,891
0.5,576,896
0.5,577,884
0.5,578,871
0.5,579,886
0.5,580,869
0.5,581,908
0.5,582,876
0.5,583,891
0.5,584,869
0.5,585,894
0.5,586,906
0.5,587,858
0.5,588,917
0.5,589,876
0.5,590,898
0.5,591,921
0.5,592,916
0.5,593,899
0.5,594,903
0.5,595,917
0.5,596,949
0.5,597,947
0.5,598,937
0.5,599,903
0.5,600,915
0.5,601,922
0.5,602,884
0.5,603,880
0.5,604,861
0.5,605,893
0.5,606,914
0.5,607,860
0.5,608,882
0.5,609,878
0.5,610,877
0.5,611,875
0.5,612,923
0.5,613,884
0.5,614,891
0.5,615,891
0.5,616,908
0.5,617,904
0.5,618,948
0.5,619,950
0.5,620,939
0.5,621,965
0.5,622,918
0.5,623,908
0.5,624,875
0.5,625,923
0.5,626,902
0.5,627,889
0.5,628,896
0.5,629,934
0.5,630,938
0.5,631,976
0.5,632,916
0.5,633,951
0.5,634,946
0.5,635,931
0.5,636,949
0.5,637,960
0.5,638,959
0.5,639,966
0.5,640,980
0.5,641,985
0.5,642,977
0.5,643,971
0.5,644,977
0.5,645,946
0.5,646,1009
0.5,647,1029
0.5,648,1061
0.5,649,1085
0.5,650,1072
0.5,651,1086
0.5,652,1028
0.5,653,1089
0.5,654,1022
0.5,655,1066
0.5,656,1021
0.5,657,1075
0.5,658,1022
0.5,659,1057
0.5,660,1030
0.5,661,1007
0.5,662,1029
0.5,663,1003
0.5,664,991
0.5,665,1002
0.5,666,984
0.5,667,998
0.5,668,1003
0.5,669,1018
0.5,670,1034
0.5,671,1030
0.5,672,980
0.5,673,1024
0.5,674,992
0.5,675,1077
0.5,676,1041
0.5,677,1059
0.5,678,1078
0.5,679,1065
0.5,680,1038
0.5,681,1024
0.5,682,1031
0.5,683,1046
0.5,684,1020
0.5,685,1113
0.5,686,1084
0.5,687,1054
0.5,688,1058
0.5,689,1051
0.5,690,1046
0.5,691,1047
0.5,692,1011
0.5,693,989
0.5,694,966
0.5,695,997
0.5,696,970
0.5,697,1009
0.5,698,984
0.5,699,1018
0.5,700,1004
0.5,701,988
0.5,702,959
0.5,703,1004
0.5,704,933
0.5,705,978
0.5,706,941
0.5,707,948
0.5,708,943
0.5,709,1006
0.5,710,982
0.5,711,1001
0.5,712,936
0.5,713,967
0.5,714,949
0.5,715,926
0.5,716,940
0.5,717,923
0.5,718,910
0.5,719,904
0.5,720,890
0.5,721,891
0.5,722,887
0.5,723,908
0.5,724,905
0.5,725,881
0.5,726,937
0.5,727,879
0.5,728,918
0.5,729,891
0.5,730,904
0.5,731,914
0.5,732,847
0.5,733,892
0.5,734,862
0.5,735,886
0.5,736,883
0.5,737,871
0.5,738,834
0.5,739,822
0.5,740,834
0.5,741,810
0.5,742,811
0.5,743,780
0.5,744,826
0.5,745,820
0.5,746,853
0.5,747,836
0.5,748,818
0.5,749,821
0.5,750,760
0.5,751,731
0.5,752,722
0.5,753,734
0.5,754,771
0.5,755,729
0.5,756,795
0.5,757,780
0.5,758,731
0.5,759,750
0.5,760,757
0.5,761,769
0.5,762,780
0.5,763,798
0.5,764,769
0.5,765,788
0.5,766,719
0.5,767,744
0.5,768,729
0.5,769,741
0.5,770,742
0.5,771,784
0.5,772,762
0.5,773,745
0.5,774,776
0.5,775,745
0.5,776,742
0.5,777,747
0.5,778,742
0.5,779,734
0.5,780,738
0.5,781,733
0.5,782,729
0.5,783,721
0.5,784,708
0.5,785,724
0.5,786,713
0.5,787,747
0.5,788,733
0.5,789,751
0.5,790,721
0.5,791,729
0.5,792,714
0.5,793,652
0.5,794,655
0.5,795,652
0.5,796,624
0.5,797,632
0.5,798,656
0.5,799,649
0.5,800,625
0.5,801,642
0.5,802,638
0.5,803,664
0.5,804,673
0.5,805,660
0.5,806,663
0.5,807,648
0.5,808,647
0.5,809,597
0.5,810,607
0.5,811,610
0.5,812,590
0.5,813,594
0.5,814,561
0.5,815,588
0.5,816,551
0.5,817,558
0.5,818,542
0.5,819,573
0.5,820,554
0.5,821,577
0.5,822,564
0.5,823,549
0.5,824,551
0.5,825,566
0.5,826,553
0.5,827,553
0.5,828,573
0.5,829,577
0.5,830,571
0.5,831,579
0.5,832,564
0.5,833,601
0.5,834,564
0.5,835,544
0.5,836,533
0.5,837,552
0.5,838,533
0.5,839,551
0.5,840,552
0.5,841,540
0.5,842,547
0.5,843,521
0.5,844,540
0.5,845,530
0.5,846,542
0.5,847,530
0.5,848,518
0.5,849,532
0.5,850,531
0.5,851,551
0.5,852,536
0.5,853,529
0.5,854,525
0.5,855,530
0.5,856,545
0.5,857,530
0.5,858,533
0.5,859,547
0.5,860,589
0.5,861,573
0.5,862,567
0.5,863,545
0.5,864,541
0.5,865,563
0.5,866,556
0.5,867,546
0.5,868,543
0.5,869,521
0.5,870,530
0.5,871,536
0.5,872,529
0.5,873,509
0.5,874,524
0.5,875,500
0.5,876,517
0.5,877,500
0.5,878,494
0.5,879,485
0.5,880,475
0.5,881,525
0.5,882,484
0.5,883,481
0.5,884,479
0.5,885,491
0.5,886,451
0.5,887,472
0.5,888,472
0.5,889,467
0.5,890,466
0.5,891,472
0.5,892,471
0.5,893,488
0.5,894,469
0.5,895,461
0.5,896,439
0.5,897,433
0.5,898,424
0.5,899,419
0.5,900,415
0.5,901,423
0.5,902,418
0.5,903,432
0.5,904,427
0.5,905,422
0.5,906,435
0.5,907,408
0.5,908,442
0.5,909,400
0.5,910,384
0.5,911,389
0.5,912,389
0.5,913,388
0.5,914,386
0.5,915,372
0.5,916,378
0.5,917,374
0.5,918,387
0.5,919,350
0.5,920,349
0.5,921,364
0.5,922,344
0.5,923,342
0.5,924,368
0.5,925,346
0.5,926,349
0.5,927,353
0.5,928,362
0.5,929,361
0.5,930,375
0.5,931,359
0.5,932,361
0.5,933,357
0.5,934,383
0.5,935,380
0.5,936,377
0.5,937,382
0.5,938,393
0.5,939,402
0.5,940,399
0.5,941,391
0.5,942,401
0.5,943,391
0.5,944,384
0.5,945,370
0.5,946,382
0.5,947,380
0.5,948,368
0.5,949,371
0.5,950,375
0.5,951,374
0.5,952,372
0.5,953,371
0.5,954,381
0.5,955,376
0.5,956,394
0.5,957,384
0.5,958,387
0.5,959,370
0.5,960,378
0.5,961,381
0.5,962,379
0.5,963,387
0.5,964,394
0.5,965,417
0.5,966,399
0.5,967,424
0.5,968,409
0.5,969,423
0.5,970,418
0.5,971,415
0.5,972,415
0.5,973,426
0.5,974,412
0.5,975,408
0.5,976,414
0.5,977,408
0.5,978,420
0.5,979,403
0.5,980,388
0.5,981,386
0.5,982,378
0.5,983,374
0.5,984,388
0.5,985,381
0.5,986,393
0.5,987,380
0.5,988,409
0.5,989,379
0.5,990,387
0.5,991,388
0.5,992,404
0.5,993,395
0.5,994,394
0.5,995,402
0.5,996,408
0.5,997,396
0.5,998,401
0.5,999,406
0.5,1000,421
0.5,1001,426
0.5,1002,423
0.5,1003,433
0.5,1004,431
0.5,1005,432
0.5,1006,422
0.5,1007,412
0.5,1008,433
0.5,1009,445
0.5,1010,441
0.5,1011,461
0.5,1012,448
0.5,1013,443
0.5,1014,448
0.5,1015,462
0.5,1016,491
0.5,1017,462
0.5,1018,465
0.5,1019,480
0.5,1020,462
0.5,1021,440
0.5,1022,435
0.5,1023,446
0.5,1024,436
0.5,1025,440
0.5,1026,407
0.5,1027,403
0.5,1028,405
0.5,1029,405
0.5,1030,408
0.5,1031,419
0.5,1032,391
0.5,1033,398
0.5,1034,378
0.5,1035,379
0.5,1036,389
0.5,1037,392
0.5,1038,397
0.5,1039,391
0.5,1040,386
0.5,1041,391
0.5,1042,397
0.5,1043,381
0.5,1044,386
0.5,1045,391
0.5,1046,388
0.5,1047,411
0.5,1048,402
0.5,1049,406
0.5,1050,398
0.5,1051,415
0.5,1052,400
0.5,1053,390
0.5,1054,403
0.5,1055,382
0.5,1056,395
0.5,1057,391
0.5,1058,383
0.5,1059,392
0.5,1060,388
0.5,1061,385
0.5,1062,380
0.5,1063,383
0.5,1064,389
0.5,1065,383
0.5,1066,400
0.5,1067,392
0.5,1068,394
0.5,1069,396
0.5,1070,408
0.5,1071,403
0.5,1072,400
0.5,1073,412
0.5,1074,413
0.5,1075,399
0.5,1076,383
0.5,1077,395
0.5,1078,387
0.5,1079,406
0.5,1080,387
0.5,1081,389
0.5,1082,393
0.5,1083,412
0.5,1084,394
0.5,1085,395
0.5,1086,397
0.5,1087,385
0.5,1088,373
0.5,1089,381
0.5,1090,380
0.5,1091,382
0.5,1092,372
0.5,1093,380
0.5,1094,366
0.5,1095,375
0.5,1096,366
0.5,1097,367
0.5,1098,365
0.5,1099,366
0.5,1100,363
0.5,1101,362
0.5,1102,359
0.5,1103,355
0.5,1104,368
0.5,1105,351
0.5,1106,350
0.5,1107,342
0.5,1108,338
0.5,1109,344
0.5,1110,351
0.5,1111,356
0.5,1112,351
0.5,1113,360
0.5,1114,350
0.5,1115,359
0.5,1116,357
0.5,1117,347
0.5,1118,343
0.5,1119,344
0.5,1120,353
0.5,1121,352
0.5,1122,364
0.5,1123,354
0.5,1124,356
0.5,1125,337
0.5,1126,343
0.5,1127,330
0.5,1128,339
0.5,1129,328
0.5,1130,324
0.5,1131,322
0.5,1132,326
0.5,1133,328
0.5,1134,325
0.5,1135,332
0.5,1136,325
0.5,1137,325
0.5,1138,325
0.5,1139,328
0.5,1140,338
0.5,1141,339
0.5,1142,339
0.5,1143,353
0.5,1144,334
0.5,1145,339
0.5,1146,329
0.5,1147,344
0.5,1148,338
0.5,1149,358
0.5,1150,341
0.5,1151,334
0.5,1152,345
0.5,1153,324
0.5,1154,325
0.5,1155,325
0.5,1156,327
0.5,1157,338
0.5,1158,334
0.5,1159,348
0.5,1160,339
0.5,1161,342
0.5,1162,342
0.5,1163,348
0.5,1164,350
0.5,1165,357
0.5,1166,352
0.5,1167,339
0.5,1168,347
0.5,1169,346
0.5,1170,348
0.5,1171,360
0.5,1172,350
0.5,1173,353
0.5,1174,350
0.5,1175,359
0.5,1176,355
0.5,1177,344
0.5,1178,344
0.5,1179,346
0.5,1180,365
0.5,1181,347
0.5,1182,356
0.5,1183,350
0.5,1184,364
0.5,1185,366
0.5,1186,361
0.5,1187,355
0.5,1188,353
0.5,1189,358
0.5,1190,367
0.5,1191,363
0.5,1192,358
0.5,1193,364
0.5,1194,342
0.5,1195,349
0.5,1196,343
0.5,1197,352
0.5,1198,354
0.5,1199,356
0.5,1200,364
0.5,1201,354
0.5,1202,358
0.5,1203,351
0.5,1204,340
0.5,1205,338
0.5,1206,330
0.5,1207,333
0.5,1208,330
0.5,1209,338
0.5,1210,340
0.5,1211,333
0.5,1212,327
0.5,1213,333
0.5,1214,330
0.5,1215,331
0.5,1216,323
0.5,1217,324
0.5,1218,329
0.5,1219,325
0.5,1220,334
0.5,1221,333
0.5,1222,333
0.5,1223,334
0.5,1224,355
0.5,1225,332
0.5,1226,343
0.5,1227,338
0.5,1228,333
0.5,1229,343
0.5,1230,340
0.5,1231,336
0.5,1232,347
0.5,1233,344
0.5,1234,356
0.5,1235,347
0.5,1236,344
0.5,1237,339
0.5,1238,337
0.5,1239,335
0.5,1240,335
0.5,1241,330
0.5,1242,336
0.5,1243,335
0.5,1244,341
0.5,1245,350
0.5,1246,338
0.5,1247,331
0.5,1248,332
0.5,1249,331
0.5,1250,340
0.5,1251,345
0.5,1252,341
0.5,1253,350
0.5,1254,350
0.5,1255,360
0.5,1256,364
0.5,1257,370
0.5,1258,352
0.5,1259,349
0.5,1260,352
0.5,1261,365
0.5,1262,335
0.5,1263,334
0.5,1264,339
0.5,1265,340
0.5,1266,337
0.5,1267,344
0.5,1268,346
0.5,1269,351
0.5,1270,351
0.5,1271,347
0.5,1272,345
0.5,1273,351
0.5,1274,340
0.5,1275,339
0.5,1276,347
0.5,1277,350
0.5,1278,337
0.5,1279,336
0.5,1280,353
0.5,1281,341
0.5,1282,356
0.5,1283,341
0.5,1284,347
0.5,1285,339
0.5,1286,346
0.5,1287,341
0.5,1288,349
0.5,1289,350
0.5,1290,346
0.5,1291,343
0.5,1292,351
0.5,1293,353
0.5,1294,345
0.5,1295,342
0.5,1296,337
0.5,1297,337
0.5,1298,332
0.5,1299,322
0.5,1300,323
0.5,1301,330
0.5,1302,335
0.5,1303,321
0.5,1304,320
0.5,1305,314
0.5,1306,318
0.5,1307,318
0.5,1308,313
0.5,1309,324
0.5,1310,313
0.5,1311,307
0.5,1312,318
0.5,1313,306
0.5,1314,311
0.5,1315,309
0.5,1316,306
0.5,1317,308
0.5,1318,314
0.5,1319,311
0.5,1320,319
0.5,1321,323
0.5,1322,326
0.5,1323,312
0.5,1324,313
0.5,1325,311
0.5,1326,319
0.5,1327,307
0.5,1328,310
0.5,1329,307
0.5,1330,308
0.5,1331,306
0.5,1332,305
0.5,1333,309
0.5,1334,309
0.5,1335,308
0.5,1336,309
0.5,1337,316
0.5,1338,318
0.5,1339,325
0.5,1340,337
0.5,1341,322
0.5,1342,327
0.5,1343,331
0.5,1344,336
0.5,1345,337
0.5,1346,343
0.5,1347,341
0.5,1348,343
0.5,1349,346
0.5,1350,334
0.5,1351,339
0.5,1352,337
0.5,1353,337
0.5,1354,334
0.5,1355,344
0.5,1356,344
0.5,1357,343
0.5,1358,343
0.5,1359,339
0.5,1360,353
0.5,1361,347
0.5,1362,334
0.5,1363,340
0.5,1364,340
0.5,1365,334
0.5,1366,328
0.5,1367,333
0.5,1368,338
0.5,1369,334
0.5,1370,332
0.5,1371,328
0.5,1372,320
0.5,1373,318
0.5,1374,320
0.5,1375,320
0.5,1376,323
0.5,1377,319
0.5,1378,328
0.5,1379,323
0.5,1380,331
0.5,1381,321
0.5,1382,331
0.5,1383,325
0.5,1384,330
0.5,1385,331
0.5,1386,330
0.5,1387,329
0.5,1388,335
0.5,1389,346
0.5,1390,343
0.5,1391,345
0.5,1392,348
0.5,1393,368
0.5,1394,346
0.5,1395,342
0.5,1396,338
0.5,1397,341
0.5,1398,337
0.5,1399,341
0.5,1400,343
0.5,1401,357
0.5,1402,353
0.5,1403,350
0.5,1404,337
0.5,1405,336
0.5,1406,337
0.5,1407,341
0.5,1408,337
0.5,1409,343
0.5,1410,335
0.5,1411,352
0.5,1412,343
0.5,1413,354
0.5,1414,355
0.5,1415,352
0.5,1416,368
0.5,1417,345
0.5,1418,341
0.5,1419,348
0.5,1420,343
0.5,1421,334
0.5,1422,330
0.5,1423,330
0.5,1424,328
0.5,1425,340
0.5,1426,340
0.5,1427,347
0.5,1428,342
0.5,1429,341
0.5,1430,342
0.5,1431,322
0.5,1432,324
0.5,1433,321
0.5,1434,326
0.5,1435,324
0.5,1436,334
0.5,1437,329
0.5,1438,335
0.5,1439,338
0.5,1440,331
0.5,1441,340
0.5,1442,332
0.5,1443,322
0.5,1444,325
0.5,1445,320
0.5,1446,323
0.5,1447,317
0.5,1448,317
0.5,1449,314
0.5,1450,313
0.5,1451,314
0.5,1452,319
0.5,1453,317
0.5,1454,322
0.5,1455,324
0.5,1456,324
0.5,1457,324
0.5,1458,336
0.5,1459,336
0.5,1460,326
0.5,1461,323
0.5,1462,322
0.5,1463,323
0.5,1464,331
0.5,1465,336
0.5,1466,325
0.5,1467,332
0.5,1468,332
0.5,1469,337
0.5,1470,335
0.5,1471,336
0.5,1472,338
0.5,1473,332
0.5,1474,336
0.5,1475,326
0.5,1476,331
0.5,1477,326
0.5,1478,327
0.5,1479,319
0.5,1480,320
0.5,1481,320
0.5,1482,308
0.5,1483,307
0.5,1484,306
0.5,1485,307
0.5,1486,306
0.5,1487,308
0.5,1488,310
0.5,1489,315
0.5,1490,313
0.5,1491,320
0.5,1492,317
0.5,1493,308
0.5,1494,310
0.5,1495,308
0.5,1496,306
0.5,1497,307
0.5,1498,312
0.5,1499,311
0.5,1500,316
0.5,1501,317
0.5,1502,314
0.5,1503,321
0.5,1504,320
0.5,1505,335
0.5,1506,325
0.5,1507,325
0.5,1508,331
0.5,1509,311
0.5,1510,301
0.5,1511,304
0.5,1512,302
0.5,1513,301
0.5,1514,303
0.5,1515,303
0.5,1516,303
0.5,1517,303
0.6,0,9802
0.6,1,3847
0.6,2,3835
0.6,3,3713
0.6,4,3589
0.6,5,3449
0.6,6,3333
0.6,7,3342
0.6,8,3254
0.6,9,3254
0.6,10,3163
0.6,11,3183
0.6,12,3158
0.6,13,3114
0.6,14,3014
0.6,15,3035
0.6,16,2972
0.6,17,3042
0.6,18,2937
0.6,19,2967
0.6,20,2919
0.6,21,2825
0.6,22,2847
0.6,23,2816
0.6,24,2796
0.6,25,2746
0.6,26,2636
0.6,27,2658
0.6,28,2647
0.6,29,2592
0.6,30,2682
0.6,31,2609
0.6,32,2653
0.6,33,2560
0.6,34,2565
0.6,35,2527
0.6,36,2503
0.6,37,2481
0.6,38,2474
0.6,39,2428
0.6,40,2367
0.6,41,2310
0.6,42,2339
0.6,43,2338
0.6,44,2316
0.6,45,2259
0.6,46,2208
0.6,47,2170
0.6,48,2174
0.6,49,2152
0.6,50,2149
0.6,51,2131
0.6,52,2088
0.6,53,2085
0.6,54,2031
0.6,55,2025
0.6,56,1983
0.6,57,1980
0.6,58,1954
0.6,59,1907
0.6,60,1915
0.6,61,1993
0.6,62,1911
0.6,63,1961
0.6,64,1959
0.6,65,1989
0.6,66,1923
0.6,67,1918
0.6,68,1872
0.6,69,1872
0.6,70,1900
0.6,71,1853
0.6,72,1889
0.6,73,1828
0.6,74,1855
0.6,75,1866
0.6,76,1857
0.6,77,1844
0.6,78,1829
0.6,79,1810
0.6,80,1802
0.6,81,1835
0.6,82,1790
0.6,83,1836
0.6,84,1823
0.6,85,1815
0.6,86,1745
0.6,87,1758
0.6,88,1760
0.6,89,1729
0.6,90,1737
0.6,91,1696
0.6,92,1714
0.6,93,1685
0.6,94,1689
0.6,95,1643
0.6,96,1621
0.6,97,1653
0.6,98,1713
0.6,99,1775
0.6,100,1696
0.6,101,1654
0.6,102,1618
0.6,103,1684
0.6,104,1602
0.6,105,1684
0.6,106,1588
0.6,107,1591
0.6,108,1559
0.6,109,1558
0.6,110,1513
0.6,111,1527
0.6,112,1560
0.6,113,1489
0.6,114,1507
0.6,115,1531
0.6,116,1509
0.6,117,1511
0.6,118,1490
0.6,119,1440
0.6,120,1493
0.6,121,1459
0.6,122,1478
0.6,123,1442
0.6,124,1430
0.6,125,1430
0.6,126,1359
0.6,127,1369
0.6,128,1343
0.6,129,1397
0.6,130,1396
0.6,131,1415
0.6,132,1426
0.6,133,1420
0.6,134,1405
0.6,135,1426
0.6,136,1422
0.6,137,1456
0.6,138,1461
0.6,139,1426
0.6,140,1416
0.6,141,1403
0.6,142,1380
0.6,143,1411
0.6,144,1410
0.6,145,1472
0.6,146,1504
0.6,147,1483
0.6,148,1432
0.6,149,1422
0.6,150,1373
0.6,151,1391
0.6,152,1356
0.6,153,1335
0.6,154,1327
0.6,155,1350
0.6,156,1342
0.6,157,1313
0.6,158,1352
0.6,159,1359
0.6,160,1359
0.6,161,1432
0.6,162,1428
0.6,163,1477
0.6,164,1464
0.6,165,1472
0.6,166,1498
0.6,167,1406
0.6,168,1377
0.6,169,1320
0.6,170,1321
0.6,171,1341
0.6,172,1363
0.6,173,1348
0.6,174,1341
0.6,175,1363
0.6,176,1334
0.6,177,1306
0.6,178,1304
0.6,179,1316
0.6,180,1297
0.6,181,1300
0.6,182,1306
0.6,183,1259
0.6,184,1274
0.6,185,1273
0.6,186,1271
0.6,187,1280
0.6,188,1241
0.6,189,1277
0.6,190,1224
0.6,191,1293
0.6,192,1273
0.6,193,1255
0.6,194,1210
0.6,195,1241
0.6,196,1201
0.6,197,1280
0.6,198,1258
0.6,199,1274
0.6,200,1309
0.6,201,1329
0.6,202,1355
0.6,203,1308
0.6,204,1371
0.6,205,1331
0.6,206,1363
0.6,207,1363
0.6,208,1356
0.6,209,1292
0.6,210,1323
0.6,211,1287
0.6,212,1355
0.6,213,1342
0.6,214,1341
0.6,215,1297
0.6,216,1342
0.6,217,1320
0.6,218,1280
0.6,219,1277
0.6,220,1246
0.6,221,1224
0.6,222,1211
0.6,223,1189
0.6,224,1228
0.6,225,1223
0.6,226,1177
0.6,227,1176
0.6,228,1153
0.6,229,1083
0.6,230,1148
0.6,231,1126
0.6,232,1179
0.6,233,1115
0.6,234,1112
0.6,235,1088
0.6,236,1085
0.6,237,1084
0.6,238,1092
0.6,239,1116
0.6,240,1147
0.6,241,1104
0.6,242,1044
0.6,243,1050
0.6,244,1117
0.6,245,1133
0.6,246,1114
0.6,247,1094
0.6,248,1139
0.6,249,1106
0.6,250,1182
0.6,251,1159
0.6,252,1158
0.6,253,1136
0.6,254,1167
0.6,255,1169
0.6,256,1174
0.6,257,1186
0.6,258,1157
0.6,259,1178
0.6,260,1174
0.6,261,1159
0.6,262,1130
0.6,263,1142
0.6,264,1140
0.6,265,1075
0.6,266,1066
0.6,267,1065
0.6,268,1067
0.6,269,1061
0.6,270,1082
0.6,271,1110
0.6,272,1134
0.6,273,1111
0.6,274,1100
0.6,275,1082
0.6,276,1021
0.6,277,985
0.6,278,947
0.6,279,922
0.6,280,895
0.6,281,902
0.6,282,914
0.6,283,894
0.6,284,895
0.6,285,891
0.6,286,898
0.6,287,882
0.6,288,892
0.6,289,930
0.6,290,903
0.6,291,918
0.6,292,890
0.6,293,896
0.6,294,859
0.6,295,845
0.6,296,837
0.6,297,846
0.6,298,851
0.6,299,857
0.6,300,852
0.6,301,838
0.6,302,880
0.6,303,861
0.6,304,936
0.6,305,896
0.6,306,884
0.6,307,858
0.6,308,879
0.6,309,844
0.6,310,885
0.6,311,866
0.6,312,854
0.6,313,804
0.6,314,807
0.6,315,860
0.6,316,830
0.6,317,836
0.6,318,825
0.6,319,867
0.6,320,855
0.6,321,888
0.6,322,880
0.6,323,831
0.6,324,844
0.6,325,840
0.6,326,860
0.6,327,812
0.6,328,904
0.6,329,865
0.6,330,874
0.6,331,883
0.6,332,875
0.6,333,881
0.6,334,901
0.6,335,901
0.6,336,900
0.6,337,881
0.6,338,923
0.6,339,894
0.6,340,927
0.6,341,891
0.6,342,887
0.6,343,877
0.6,344,871
0.6,345,880
0.6,346,878
0.6,347,898
0.6,348,867
0.6,349,863
0.6,350,875
0.6,351,915
0.6,352,875
0.6,353,910
0.6,354,869
0.6,355,874
0.6,356,855
0.6,357,890
0.6,358,869
0.6,359,899
0.6,360,926
0.6,361,897
0.6,362,912
0.6,363,912
0.6,364,946
0.6,365,889
0.6,366,922
0.6,367,930
0.6,368,900
0.6,369,904
0.6,370,951
0.6,371,942
0.6,372,931
0.6,373,887
0.6,374,924
0.6,375,896
0.6,376,905
0.6,377,846
0.6,378,877
0.6,379,837
0.6,380,814
0.6,381,790
0.6,382,790
0.6,383,780
0.6,384,810
0.6,385,818
0.6,386,798
0.6,387,841
0.6,388,799
0.6,389,764
0.6,390,750
0.6,391,735
0.6,392,741
0.6,393,740
0.6,394,744
0.6,395,744
0.6,396,750
0.6,397,728
0.6,398,752
0.6,399,727
0.6,400,721
0.6,401,718
0.6,402,730
0.6,403,779
0.6,404,743
0.6,405,745
0.6,406,751
0.6,407,724
0.6,408,694
0.6,409,704
0.6,410,715
0.6,411,713
0.6,412,696
0.6,413,706
0.6,414,684
0.6,415,686
0.6,416,707
0.6,417,714
0.6,418,725
0.6,419,714
0.6,420,692
0.6,421,728
0.6,422,733
0.6,423,746
0.6,424,742
0.6,425,762
0.6,426,748
0.6,427,752
0.6,428,742
0.6,429,754
0.6,430,735
0.6,431,755
0.6,432,704
0.6,433,735
0.6,434,739
0.6,435,708
0.6,436,689
0.6,437,714
0.6,438,721
0.6,439,718
0.6,440,704
0.6,441,704
0.6,442,691
0.6,443,732
0.6,444,700
0.6,445,688
0.6,446,713
0.6,447,719
0.6,448,725
0.6,449,724
0.6,450,700
0.6,451,723
0.6,452,742
0.6,453,747
0.6,454,723
0.6,455,745
0.6,456,687
0.6,457,741
0.6,458,727
0.6,459,750
0.6,460,752
0.6,461,789
0.6,462,778
0.6,463,790
0.6,464,806
0.6,465,760
0.6,466,783
0.6,467,764
0.6,468,794
0.6,469,764
0.6,470,760
0.6,471,748
0.6,472,748
0.6,473,759
0.6,474,728
0.6,475,770
0.6,476,735
0.6,477,774
0.6,478,745
0.6,479,763
0.6,480,768
0.6,481,799
0.6,482,804
0.6,483,804
0.6,484,825
0.6,485,785
0.6,486,845
0.6,487,789
0.6,488,794
0.6,489,823
0.6,490,830
0.6,491,808
0.6,492,793
0.6,493,820
0.6,494,797
0.6,495,791
0.6,496,811
0.6,497,805
0.6,498,813
0.6,499,792
0.6,500,772
0.6,501,780
0.6,502,791
0.6,503,809
0.6,504,780
0.6,505,781
0.6,506,774
0.6,507,786
0.6,508,781
0.6,509,792
0.6,510,774
0.6,511,787
0.6,512,780
0.6,513,763
0.6,514,752
0.6,515,769
0.6,516,747
0.6,517,761
0.6,518,787
0.6,519,774
0.6,520,741
0.6,521,747
0.6,522,765
0.6,523,708
0.6,524,723
0.6,525,707
0.6,526,721
0.6,527,699
0.6,528,718
0.6,529,726
0.6,530,750
0.6,531,753
0.6,532,738
0.6,533,773
0.6,534,737
0.6,535,752
0.6,536,723
0.6,537,731
0.6,538,665
0.6,539,682
0.6,540,667
0.6,541,713
0.6,542,682
0.6,543,671
0.6,544,670
0.6,545,665
0.6,546,684
0.6,547,713
0.6,548,672
0.6,549,677
0.6,550,672
0.6,551,663
0.6,552,646
0.6,553,660
0.6,554,660
0.6,555,668
0.6,556,663
0.6,557,683
0.6,558,646
0.6,559,609
0.6,560,593
0.6,561,624
0.6,562,604
0.6,563,638
0.6,564,613
0.6,565,627
0.6,566,637
0.6,567,635
0.6,568,645
0.6,569,637
0.6,570,644
0.6,571,652
0.6,572,671
0.6,573,667
0.6,574,644
0.6,575,684
0.6,576,672
0.6,577,685
0.6,578,732
0.6,579,720
0.6,580,687
0.6,581,687
0.6,582,713
0.6,583,692
0.6,584,706
0.6,585,718
0.6,586,695
0.6,587,730
0.6,588,734
0.6,589,748
0.6,590,735
0.6,591,730
0.6,592,747
0.6,593,707
0.6,594,712
0.6,595,707
0.6,596,721
0.6,597,710
0.6,598,712
0.6,599,703
0.6,600,721
0.6,601,764
0.6,602,731
0.6,603,772
0.6,604,711
0.6,605,743
0.6,606,732
0.6,607,687
0.6,608,715
0.6,609,671
0.6,610,687
0.6,611,670
0.6,612,698
0.6,613,677
0.6,614,645
0.6,615,666
0.6,616,645
0.6,617,589
0.6,618,569
0.6,619,569
0.6,620,567
0.6,621,583
0.6,622,569
0.6,623,597
0.6,624,613
0.6,625,597
0.6,626,637
0.6,627,609
0.6,628,623
0.6,629,611
0.6,630,633
0.6,631,614
0.6,632,588
0.6,633,624
0.6,634,623
0.6,635,655
0.6,636,612
0.6,637,650
0.6,638,620
0.6,639,638
0.6,640,615
0.6,641,666
0.6,642,603
0.6,643,625
0.6,644,611
0.6,645,613
0.6,646,616
0.6,647,612
0.6,648,619
0.6,649,622
0.6,650,613
0.6,651,639
0.6,652,604
0.6,653,592
0.6,654,597
0.6,655,576
0.6,656,571
0.6,657,551
0.6,658,573
0.6,659,578
0.6,660,593
0.6,661,572
0.6,662,595
0.6,663,584
0.6,664,582
0.6,665,555
0.6,666,555
0.6,667,539
0.6,668,518
0.6,669,510
0.6,670,529
0.6,671,502
0.6,672,501
0.6,673,506
0.6,674,490
0.6,675,495
0.6,676,516
0.6,677,515
0.6,678,529
0.6,679,515
0.6,680,513
0.6,681,506
0.6,682,513
0.6,683,510
0.6,684,497
0.6,685,499
0.6,686,514
0.6,687,521
0.6,688,503
0.6,689,526
0.6,690,499
0.6,691,500
0.6,692,501
0.6,693,500
0.6,694,530
0.6,695,527
0.6,696,557
0.6,697,553
0.6,698,545
0.6,699,548
0.6,700,535
0.6,701,533
0.6,702,508
0.6,703,496
0.6,704,501
0.6,705,491
0.6,706,496
0.6,707,468
0.6,708,451
0.6,709,442
0.6,710,437
0.6,711,438
0.6,712,446
0.6,713,463
0.6,714,467
0.6,715,498
0.6,716,469
0.6,717,466
0.6,718,476
0.6,719,485
0.6,720,511
0.6,721,487
0.6,722,505
0.6,723,503
0.6,724,503
0.6,725,526
0.6,726,528
0.6,727,513
0.6,728,513
0.6,729,528
0.6,730,548
0.6,731,538
0.6,732,536
0.6,733,520
0.6,734,521
0.6,735,553
0.6,736,497
0.6,737,500
0.6,738,494
0.6,739,496
0.6,740,503
0.6,741,494
0.6,742,490
0.6,743,515
0.6,744,530
0.6,745,523
0.6,746,542
0.6,747,548
0.6,748,546
0.6,749,548
0.6,750,570
0.6,751,560
0.6,752,545
0.6,753,560
0.6,754,548
0.6,755,542
0.6,756,550
0.6,757,577
0.6,758,580
0.6,759,578
0.6,760,579
0.6,761,570
0.6,762,561
0.6,763,571
0.6,764,580
0.6,765,569
0.6,766,582
0.6,767,561
0.6,768,554
0.6,769,580
0.6,770,547
0.6,771,573
0.6,772,552
0.6,773,569
0.6,774,571
0.6,775,577
0.6,776,582
0.6,777,526
0.6,778,539
0.6,779,545
0.6,780,547
0.6,781,538
0.6,782,548
0.6,783,565
0.6,784,552
0.6,785,524
0.6,786,515
0.6,787,506
0.6,788,530
0.6,789,516
0.6,790,536
0.6,791,521
0.6,792,512
0.6,793,517
0.6,794,520
0.6,795,528
0.6,796,536
0.6,797,530
0.6,798,544
0.6,799,565
0.6,800,553
0.6,801,588
0.6,802,579
0.6,803,580
0.6,804,554
0.6,805,547
0.6,806,528
0.6,807,550
0.6,808,546
0.6,809,530
0.6,810,524
0.6,811,546
0.6,812,557
0.6,813,554
0.6,814,565
0.6,815,587
0.6,816,570
0.6,817,576
0.6,818,573
0.6,819,607
0.6,820,593
0.6,821,626
0.6,822,594
0.6,823,589
0.6,824,584
0.6,825,569
0.6,826,593
0.6,827,569
0.6,828,573
0.6,829,591
0.6,830,590
0.6,831,581
0.6,832,592
0.6,833,579
0.6,834,558
0.6,835,543
0.6,836,541
0.6,837,562
0.6,838,558
0.6,839,557
0.6,840,549
0.6,841,542
0.6,842,529
0.6,843,544
0.6,844,509
0.6,845,523
0.6,846,532
0.6,847,529
0.6,848,557
0.6,849,520
0.6,850,540
0.6,851,516
0.6,852,510
0.6,853,483
0.6,854,509
0.6,855,502
0.6,856,510
0.6,857,488
0.6,858,500
0.6,859,502
0.6,860,493
0.6,861,505
0.6,862,503
0.6,863,496
0.6,864,505
0.6,865,497
0.6,866,479
0.6,867,464
0.6,868,478
0.6,869,463
0.6,870,475
0.6,871,465
0.6,872,491
0.6,873,505
0.6,874,508
0.6,875,517
0.6,876,510
0.6,877,522
0.6,878,505
0.6,879,530
0.6,880,507
0.6,881,501
0.6,882,497
0.6,883,486
0.6,884,487
0.6,885,490
0.6,886,518
0.6,887,514
0.6,888,503
0.6,889,495
0.6,890,512
0.6,891,498
0.6,892,494
0.6,893,497
0.6,894,492
0.6,895,494
0.6,896,514
0.6,897,503
0.6,898,491
0.6,899,508
0.6,900,500
0.6,901,505
0.6,902,485
0.6,903,489
0.6,904,480
0.6,905,496
0.6,906,490
0.6,907,487
0.6,908,487
0.6,909,492
0.6,910,469
0.6,911,487
0.6,912,487
0.6,913,487
0.6,914,467
0.6,915,481
0.6,916,487
0.6,917,457
0.6,918,483
0.6,919,478
0.6,920,457
0.6,921,478
0.6,922,482
0.6,923,473
0.6,924,483
0.6,925,489
0.6,926,474
0.6,927,490
0.6,928,477
0.6,929,467
0.6,930,466
0.6,931,470
0.6,932,455
0.6,933,441
0.6,934,449
0.6,935,462
0.6,936,455
0.6,937,439
0.6,938,418
0.6,939,419
0.6,940,399
0.6,941,397
0.6,942,391
0.6,943,400
0.6,944,412
0.6,945,413
0.6,946,438
0.6,947,429
0.6,948,429
0.6,949,431
0.6,950,439
0.6,951,435
0.6,952,447
0.6,953,422
0.6,954,423
0.6,955,415
0.6,956,422
0.6,957,426
0.6,958,436
0.6,959,448
0.6,960,446
0.6,961,425
0.6,962,421
0.6,963,418
0.6,964,419
0.6,965,437
0.6,966,442
0.6,967,420
0.6,968,441
0.6,969,439
0.6,970,445
0.6,971,439
0.6,972,433
0.6,973,438
0.6,974,450
0.6,975,455
0.6,976,471
0.6,977,462
0.6,978,440
0.6,979,439
0.6,980,444
0.6,981,457
0.6,982,433
0.6,983,436
0.6,984,463
0.6,985,442
0.6,986,457
0.6,987,482
0.6,988,472
0.6,989,483
0.6,990,465
0.6,991,480
0.6,992,459
0.6,993,478
0.6,994,465
0.6,995,459
0.6,996,459
0.6,997,478
0.6,998,467
0.6,999,485
0.6,1000,485
0.6,1001,497
0.6,1002,502
0.6,1003,498
0.6,1004,503
0.6,1005,499
0.6,1006,491
0.6,1007,491
0.6,1008,499
0.6,1009,487
0.6,1010,507
0.6,1011,481
0.6,1012,497
0.6,1013,494
0.6,1014,518
0.6,1015,513
0.6,1016,492
0.6,1017,502
0.6,1018,502
0.6,1019,484
0.6,1020,492
0.6,1021,520
0.6,1022,518
0.6,1023,500
0.6,1024,515
0.6,1025,501
0.6,1026,492
0.6,1027,503
0.6,1028,514
0.6,1029,517
0.6,1030,527
0.6,1031,506
0.6,1032,503
0.6,1033,518
0.6,1034,500
0.6,1035,518
0.6,1036,525
0.6,1037,530
0.6,1038,526
0.6,1039,525
0.6,1040,542
0.6,1041,531
0.6,1042,505
0.6,1043,493
0.6,1044,486
0.6,1045,490
0.6,1046,495
0.6,1047,471
0.6,1048,492
0.6,1049,486
0.6,1050,480
0.6,1051,480
0.6,1052,495
0.6,1053,470
0.6,1054,484
0.6,1055,465
0.6,1056,477
0.6,1057,470
0.6,1058,443
0.6,1059,455
0.6,1060,438
0.6,1061,446
0.6,1062,448
0.6,1063,456
0.6,1064,466
0.6,1065,471
0.6,1066,461
0.6,1067,466
0.6,1068,449
0.6,1069,439
0.6,1070,422
0.6,1071,416
0.6,1072,407
0.6,1073,422
0.6,1074,408
0.6,1075,401
0.6,1076,400
0.6,1077,393
0.6,1078,387
0.6,1079,387
0.6,1080,399
0.6,1081,376
0.6,1082,369
0.6,1083,357
0.6,1084,361
0.6,1085,356
0.6,1086,356
0.6,1087,353
0.6,1088,355
0.6,1089,363
0.6,1090,373
0.6,1091,370
0.6,1092,365
0.6,1093,339
0.6,1094,346
0.6,1095,335
0.6,1096,344
0.6,1097,341
0.6,1098,352
0.6,1099,352
0.6,1100,346
0.6,1101,330
0.6,1102,344
0.6,1103,327
0.6,1104,327
0.6,1105,321
0.6,1106,328
0.6,1107,312
0.6,1108,295
0.6,1109,294
0.6,1110,292
0.6,1111,292
0.6,1112,292
0.6,1113,292
0.6,1114,292
0.6,1115,292
0.6,1116,292
0.6,1117,292
0.6,1118,292
0.6,1119,292
0.6,1120,292
0.6,1121,292
0.6,1122,292
0.6,1123,292
0.6,1124,292
0.6,1125,292
0.6,1126,292
0.6,1127,292
0.6,1128,292
0.6,1129,292
0.6,1130,292
0.6,1131,292
0.6,1132,292
0.6,1133,292
0.6,1134,293
0.6,1135,291
0.6,1136,291
0.6,1137,293
0.6,1138,294
0.6,1139,294
0.6,1140,299
0.6,1141,297
0.6,1142,294
0.6,1143,296
0.6,1144,296
0.6,1145,298
0.6,1146,298
0.6,1147,301
0.6,1148,299
0.6,1149,302
0.6,1150,308
0.6,1151,305
0.6,1152,309
0.6,1153,299
0.6,1154,306
0.6,1155,303
0.6,1156,303
0.6,1157,296
0.6,1158,299
0.6,1159,304
0.6,1160,309
0.6,1161,308
0.6,1162,304
0.6,1163,309
0.6,1164,304
0.6,1165,301
0.6,1166,300
0.6,1167,308
0.6,1168,303
0.6,1169,308
0.6,1170,306
0.6,1171,299
0.6,1172,292
0.6,1173,287
0.6,1174,286
0.6,1175,284
0.6,1176,283
0.6,1177,282
0.6,1178,283
0.6,1179,283
0.6,1180,283
0.6,1181,283
0.6,1182,283
0.6,1183,283
0.6,1184,283
0.6,1185,283
0.6,1186,283
0.6,1187,283
0.6,1188,283
0.6,1189,283
0.6,1190,283
0.6,1191,283
0.6,1192,283
0.6,1193,283
0.6,1194,283
0.6,1195,283
0.6,1196,283
0.6,1197,283
0.6,1198,283
0.6,1199,283
0.6,1200,283
0.6,1201,283
0.6,1202,283
0.6,1203,283
0.6,1204,283
0.6,1205,283
0.6,1206,283
0.6,1207,283
0.6,1208,283
0.6,1209,283
0.6,1210,283
0.6,1211,283
0.6,1212,283
0.6,1213,283
0.6,1214,283
0.6,1215,283
0.6,1216,283
0.6,1217,283
0.6,1218,283
0.6,1219,283
0.6,1220,283
0.6,1221,283
0.6,1222,283
0.6,1223,283
0.6,1224,283
0.6,1225,283
0.6,1226,283
0.6,1227,283
0.6,1228,283
0.6,1229,283
0.6,1230,283
0.6,1231,283
0.6,1232,283
0.6,1233,283
0.6,1234,285
0.6,1235,280
0.6,1236,277
0.6,1237,274
0.6,1238,274
0.6,1239,274
0.7,0,11555
0.7,1,2238
0.7,2,1983
0.7,3,1881
0.7,4,1893
0.7,5,1896
0.7,6,1866
0.7,7,1921
0.7,8,1874
0.7,9,1847
0.7,10,1891
0.7,11,1868
0.7,12,1872
0.7,13,1847
0.7,14,1856
0.7,15,1771
0.7,16,1802
0.7,17,1811
0.7,18,1853
0.7,19,1819
0.7,20,1856
0.7,21,1878
0.7,22,1827
0.7,23,1869
0.7,24,1865
0.7,25,1847
0.7,26,1808
0.7,27,1849
0.7,28,1838
0.7,29,1816
0.7,30,1794
0.7,31,1807
0.7,32,1798
0.7,33,1760
0.7,34,1803
0.7,35,1793
0.7,36,1853
0.7,37,1847
0.7,38,1875
0.7,39,1869
0.7,40,1759
0.7,41,1778
0.7,42,1694
0.7,43,1668
0.7,44,1586
0.7,45,1600
0.7,46,1569
0.7,47,1638
0.7,48,1563
0.7,49,1649
0.7,50,1613
0.7,51,1631
0.7,52,1606
0.7,53,1624
0.7,54,1615
0.7,55,1624
0.7,56,1573
0.7,57,1551
0.7,58,1588
0.7,59,1601
0.7,60,1575
0.7,61,1567
0.7,62,1582
0.7,63,1568
0.7,64,1551
0.7,65,1541
0.7,66,1561
0.7,67,1553
0.7,68,1585
0.7,69,1566
0.7,70,1511
0.7,71,1517
0.7,72,1481
0.7,73,1481
0.7,74,1425
0.7,75,1508
0.7,76,1433
0.7,77,1401
0.7,78,1404
0.7,79,1477
0.7,80,1464
0.7,81,1492
0.7,82,1462
0.7,83,1471
0.7,84,1416
0.7,85,1400
0.7,86,1428
0.7,87,1435
0.7,88,1477
0.7,89,1382
0.7,90,1379
0.7,91,1338
0.7,92,1289
0.7,93,1337
0.7,94,1280
0.7,95,1342
0.7,96,1317
0.7,97,1316
0.7,98,1351
0.7,99,1353
0.7,100,1371
0.7,101,1318
0.7,102,1298
0.7,103,1285
0.7,104,1276
0.7,105,1290
0.7,106,1237
0.7,107,1234
0.7,108,1244
0.7,109,1251
0.7,110,1242
0.7,111,1256
0.7,112,1242
0.7,113,1258
0.7,114,1231
0.7,115,1214
0.7,116,1229
0.7,117,1180
0.7,118,1218
0.7,119,1223
0.7,120,1264
0.7,121,1275
0.7,122,1309
0.7,123,1198
0.7,124,1195
0.7,125,1164
0.7,126,1142
0.7,127,1129
0.7,128,1127
0.7,129,1110
0.7,130,1092
0.7,131,1094
0.7,132,1108
0.7,133,1088
0.7,134,1119
0.7,135,1085
0.7,136,1078
0.7,137,1098
0.7,138,1063
0.7,139,1036
0.7,140,1053
0.7,141,1056
0.7,142,1082
0.7,143,1070
0.7,144,1109
0.7,145,1055
0.7,146,1093
0.7,147,1025
0.7,148,1045
0.7,149,1039
0.7,150,1015
0.7,151,996
0.7,152,1003
0.7,153,988
0.7,154,973
0.7,155,1008
0.7,156,969
0.7,157,1011
0.7,158,945
0.7,159,927
0.7,160,918
0.7,161,903
0.7,162,918
0.7,163,920
0.7,164,898
0.7,165,927
0.7,166,899
0.7,167,904
0.7,168,906
0.7,169,863
0.7,170,841
0.7,171,840
0.7,172,781
0.7,173,747
0.7,174,777
0.7,175,759
0.7,176,780
0.7,177,797
0.7,178,828
0.7,179,803
0.7,180,807
0.7,181,792
0.7,182,790
0.7,183,788
0.7,184,808
0.7,185,804
0.7,186,790
0.7,187,783
0.7,188,757
0.7,189,794
0.7,190,749
0.7,191,776
0.7,192,773
0.7,193,767
0.7,194,769
0.7,195,725
0.7,196,726
0.7,197,721
0.7,198,729
0.7,199,712
0.7,200,756
0.7,201,744
0.7,202,773
0.7,203,784
0.7,204,779
0.7,205,792
0.7,206,755
0.7,207,742
0.7,208,750
0.7,209,748
0.7,210,747
0.7,211,761
0.7,212,750
0.7,213,776
0.7,214,786
0.7,215,822
0.7,216,806
0.7,217,822
0.7,218,831
0.7,219,837
0.7,220,841
0.7,221,836
0.7,222,849
0.7,223,854
0.7,224,844
0.7,225,865
0.7,226,801
0.7,227,804
0.7,228,812
0.7,229,837
0.7,230,849
0.7,231,873
0.7,232,862
0.7,233,871
0.7,234,846
0.7,235,865
0.7,236,822
0.7,237,874
0.7,238,853
0.7,239,857
0.7,240,867
0.7,241,873
0.7,242,869
0.7,243,903
0.7,244,888
0.7,245,928
0.7,246,872
0.7,247,932
0.7,248,926
0.7,249,909
0.7,250,934
0.7,251,951
0.7,252,921
0.7,253,942
0.7,254,944
0.7,255,943
0.7,256,991
0.7,257,955
0.7,258,931
0.7,259,943
0.7,260,903
0.7,261,982
0.7,262,936
0.7,263,925
0.7,264,893
0.7,265,910
0.7,266,840
0.7,267,851
0.7,268,854
0.7,269,859
0.7,270,895
0.7,271,902
0.7,272,885
0.7,273,913
0.7,274,864
0.7,275,844
0.7,276,810
0.7,277,787
0.7,278,799
0.7,279,763
0.7,280,757
0.7,281,791
0.7,282,766
0.7,283,810
0.7,284,809
0.7,285,847
0.7,286,823
0.7,287,832
0.7,288,842
0.7,289,802
0.7,290,782
0.7,291,809
0.7,292,807
0.7,293,813
0.7,294,822
0.7,295,827
0.7,296,798
0.7,297,831
0.7,298,820
0.7,299,807
0.7,300,782
0.7,301,786
0.7,302,777
0.7,303,777
0.7,304,771
0.7,305,760
0.7,306,740
0.7,307,782
0.7,308,736
0.7,309,745
0.7,310,703
0.7,311,750
0.7,312,750
0.7,313,764
0.7,314,758
0.7,315,733
0.7,316,719
0.7,317,705
0.7,318,714
0.7,319,714
0.7,320,695
0.7,321,695
0.7,322,718
0.7,323,706
0.7,324,705
0.7,325,649
0.7,326,705
0.7,327,692
0.7,328,711
0.7,329,695
0.7,330,707
0.7,331,674
0.7,332,688
0.7,333,679
0.7,334,672
0.7,335,679
0.7,336,666
0.7,337,638
0.7,338,610
0.7,339,599
0.7,340,581
0.7,341,596
0.7,342,588
0.7,343,575
0.7,344,559
0.7,345,564
0.7,346,575
0.7,347,558
0.7,348,580
0.7,349,586
0.7,350,605
0.7,351,592
0.7,352,614
0.7,353,615
0.7,354,622
0.7,355,607
0.7,356,613
0.7,357,614
0.7,358,576
0.7,359,604
0.7,360,598
0.7,361,600
0.7,362,591
0.7,363,605
0.7,364,596
0.7,365,597
0.7,366,575
0.7,367,582
0.7,368,549
0.7,369,566
0.7,370,563
0.7,371,576
0.7,372,581
0.7,373,579
0.7,374,580
0.7,375,565
0.7,376,554
0.7,377,554
0.7,378,586
0.7,379,568
0.7,380,586
0.7,381,581
0.7,382,611
0.7,383,584
0.7,384,580
0.7,385,585
0.7,386,567
0.7,387,582
0.7,388,573
0.7,389,579
0.7,390,623
0.7,391,572
0.7,392,577
0.7,393,596
0.7,394,576
0.7,395,578
0.7,396,549
0.7,397,565
0.7,398,533
0.7,399,538
0.7,400,518
0.7,401,548
0.7,402,523
0.7,403,527
0.7,404,517
0.7,405,523
0.7,406,534
0.7,407,518
0.7,408,520
0.7,409,527
0.7,410,512
0.7,411,527
0.7,412,523
0.7,413,499
0.7,414,520
0.7,415,508
0.7,416,503
0.7,417,500
0.7,418,504
0.7,419,494
0.7,420,482
0.7,421,499
0.7,422,498
0.7,423,497
0.7,424,516
0.7,425,538
0.7,426,517
0.7,427,496
0.7,428,522
0.7,429,497
0.7,430,502
0.7,431,503
0.7,432,509
0.7,433,498
0.7,434,497
0.7,435,497
0.7,436,502
0.7,437,482
0.7,438,471
0.7,439,478
0.7,440,467
0.7,441,469
0.7,442,475
0.7,443,465
0.7,444,450
0.7,445,451
0.7,446,461
0.7,447,475
0.7,448,484
0.7,449,498
0.7,450,487
0.7,451,481
0.7,452,497
0.7,453,483
0.7,454,484
0.7,455,480
0.7,456,482
0.7,457,486
0.7,458,506
0.7,459,497
0.7,460,485
0.7,461,500
0.7,462,491
0.7,463,496
0.7,464,518
0.7,465,514
0.7,466,539
0.7,467,528
0.7,468,521
0.7,469,516
0.7,470,514
0.7,471,503
0.7,472,516
0.7,473,515
0.7,474,524
0.7,475,549
0.7,476,528
0.7,477,556
0.7,478,539
0.7,479,554
0.7,480,555
0.7,481,567
0.7,482,554
0.7,483,563
0.7,484,556
0.7,485,558
0.7,486,565
0.7,487,541
0.7,488,548
0.7,489,527
0.7,490,543
0.7,491,547
0.7,492,519
0.7,493,542
0.7,494,504
0.7,495,531
0.7,496,519
0.7,497,517
0.7,498,533
0.7,499,537
0.7,500,545
0.7,501,549
0.7,502,541
0.7,503,558
0.7,504,536
0.7,505,540
0.7,506,537
0.7,507,538
0.7,508,526
0.7,509,545
0.7,510,507
0.7,511,527
0.7,512,510
0.7,513,511
0.7,514,518
0.7,515,534
0.7,516,543
0.7,517,530
0.7,518,535
0.7,519,524
0.7,520,520
0.7,521,543
0.7,522,532
0.7,523,550
0.7,524,545
0.7,525,536
0.7,526,554
0.7,527,539
0.7,528,530
0.7,529,548
0.7,530,551
0.7,531,577
0.7,532,564
0.7,533,558
0.7,534,554
0.7,535,590
0.7,536,577
0.7,537,580
0.7,538,576
0.7,539,597
0.7,540,595
0.7,541,598
0.7,542,617
0.7,543,594
0.7,544,611
0.7,545,614
0.7,546,640
0.7,547,602
0.7,548,616
0.7,549,588
0.7,550,585
0.7,551,627
0.7,552,596
0.7,553,668
0.7,554,596
0.7,555,621
0.7,556,579
0.7,557,587
0.7,558,573
0.7,559,591
0.7,560,577
0.7,561,584
0.7,562,591
0.7,563,620
0.7,564,611
0.7,565,623
0.7,566,587
0.7,567,610
0.7,568,614
0.7,569,608
0.7,570,619
0.7,571,631
0.7,572,613
0.7,573,630
0.7,574,624
0.7,575,664
0.7,576,619
0.7,577,630
0.7,578,629
0.7,579,618
0.7,580,625
0.7,581,625
0.7,582,621
0.7,583,605
0.7,584,614
0.7,585,619
0.7,586,650
0.7,587,610
0.7,588,609
0.7,589,598
0.7,590,605
0.7,591,593
0.7,592,586
0.7,593,602
0.7,594,595
0.7,595,606
0.7,596,588
0.7,597,596
0.7,598,594
0.7,599,619
0.7,600,617
0.7,601,602
0.7,602,609
0.7,603,583
0.7,604,573
0.7,605,563
0.7,606,559
0.7,607,591
0.7,608,562
0.7,609,583
0.7,610,555
0.7,611,560
0.7,612,566
0.7,613,553
0.7,614,548
0.7,615,566
0.7,616,574
0.7,617,565
0.7,618,562
0.7,619,550
0.7,620,526
0.7,621,529
0.7,622,523
0.7,623,495
0.7,624,515
0.7,625,517
0.7,626,530
0.7,627,536
0.7,628,503
0.7,629,524
0.7,630,516
0.7,631,533
0.7,632,515
0.7,633,520
0.7,634,545
0.7,635,512
0.7,636,505
0.7,637,490
0.7,638,514
0.7,639,505
0.7,640,507
0.7,641,524
0.7,642,488
0.7,643,503
0.7,644,508
0.7,645,488
0.7,646,483
0.7,647,485
0.7,648,488
0.7,649,495
0.7,650,501
0.7,651,506
0.7,652,495
0.7,653,520
0.7,654,506
0.7,655,489
0.7,656,488
0.7,657,505
0.7,658,484
0.7,659,484
0.7,660,491
0.7,661,472
0.7,662,470
0.7,663,487
0.7,664,456
0.7,665,466
0.7,666,459
0.7,667,459
0.7,668,457
0.7,669,467
0.7,670,473
0.7,671,473
0.7,672,489
0.7,673,479
0.7,674,512
0.7,675,517
0.7,676,515
0.7,677,521
0.7,678,504
0.7,679,503
0.7,680,504
0.7,681,521
0.7,682,513
0.7,683,524
0.7,684,531
0.7,685,511
0.7,686,531
0.7,687,534
0.7,688,526
0.7,689,531
0.7,690,525
0.7,691,509
0.7,692,513
0.7,693,514
0.7,694,511
0.7,695,509
0.7,696,515
0.7,697,526
0.7,698,490
0.7,699,496
0.7,700,492
0.7,701,484
0.7,702,490
0.7,703,478
0.7,704,480
0.7,705,469
0.7,706,453
0.7,707,456
0.7,708,447
0.7,709,454
0.7,710,455
0.7,711,444
0.7,712,474
0.7,713,448
0.7,714,456
0.7,715,467
0.7,716,431
0.7,717,432
0.7,718,413
0.7,719,415
0.7,720,432
0.7,721,422
0.7,722,442
0.7,723,416
0.7,724,413
0.7,725,433
0.7,726,429
0.7,727,438
0.7,728,434
0.7,729,439
0.7,730,448
0.7,731,446
0.7,732,436
0.7,733,439
0.7,734,443
0.7,735,435
0.7,736,430
0.7,737,436
0.7,738,436
0.7,739,456
0.7,740,445
0.7,741,440
0.7,742,454
0.7,743,448
0.7,744,455
0.7,745,457
0.7,746,459
0.7,747,467
0.7,748,469
0.7,749,467
0.7,750,454
0.7,751,432
0.7,752,417
0.7,753,416
0.7,754,425
0.7,755,427
0.7,756,423
0.7,757,418
0.7,758,434
0.7,759,432
0.7,760,431
0.7,761,456
0.7,762,463
0.7,763,456
0.7,764,460
0.7,765,475
0.7,766,466
0.7,767,455
0.7,768,470
0.7,769,467
0.7,770,486
0.7,771,487
0.7,772,494
0.7,773,514
0.7,774,488
0.7,775,503
0.7,776,497
0.7,777,500
0.7,778,519
0.7,779,503
0.7,780,503
0.7,781,504
0.7,782,498
0.7,783,510
0.7,784,494
0.7,785,516
0.7,786,508
0.7,787,484
0.7,788,500
0.7,789,491
0.7,790,519
0.7,791,528
0.7,792,529
0.7,793,533
0.7,794,542
0.7,795,526
0.7,796,554
0.7,797,490
0.7,798,463
0.7,799,465
0.7,800,464
0.7,801,449
0.7,802,444
0.7,803,456
0.7,804,458
0.7,805,477
0.7,806,454
0.7,807,452
0.7,808,450
0.7,809,468
0.7,810,475
0.7,811,463
0.7,812,458
0.7,813,471
0.7,814,452
0.7,815,450
0.7,816,434
0.7,817,441
0.7,818,454
0.7,819,457
0.7,820,459
0.7,821,480
0.7,822,455
0.7,823,481
0.7,824,477
0.7,825,479
0.7,826,464
0.7,827,474
0.7,828,485
0.7,829,487
0.7,830,470
0.7,831,480
0.7,832,479
0.7,833,476
0.7,834,470
0.7,835,460
0.7,836,439
0.7,837,434
0.7,838,445
0.7,839,447
0.7,840,449
0.7,841,446
0.7,842,461
0.7,843,445
0.7,844,445
0.7,845,434
0.7,846,440
0.7,847,445
0.7,848,438
0.7,849,439
0.7,850,428
0.7,851,434
0.7,852,431
0.7,853,424
0.7,854,435
0.7,855,443
0.7,856,440
0.7,857,453
0.7,858,447
0.7,859,474
0.7,860,440
0.7,861,444
0.7,862,448
0.7,863,444
0.7,864,447
0.7,865,438
0.7,866,440
0.7,867,440
0.7,868,446
0.7,869,431
0.7,870,451
0.7,871,441
0.7,872,440
0.7,873,452
0.7,874,443
0.7,875,453
0.7,876,454
0.7,877,444
0.7,878,446
0.7,879,440
0.7,880,433
0.7,881,437
0.7,882,451
0.7,883,432
0.7,884,443
0.7,885,439
0.7,886,433
0.7,887,445
0.7,888,460
0.7,889,442
0.7,890,446
0.7,891,439
0.7,892,436
0.7,893,440
0.7,894,445
0.7,895,437
0.7,896,441
0.7,897,455
0.7,898,460
0.7,899,454
0.7,900,453
0.7,901,424
0.7,902,433
0.7,903,432
0.7,904,445
0.7,905,436
0.7,906,457
0.7,907,426
0.7,908,440
0.7,909,437
0.7,910,443
0.7,911,458
0.7,912,455
0.7,913,454
0.7,914,481
0.7,915,468
0.7,916,489
0.7,917,467
0.7,918,474
0.7,919,474
0.7,920,477
0.7,921,481
0.7,922,474
0.7,923,499
0.7,924,488
0.7,925,471
0.7,926,474
0.7,927,435
0.7,928,444
0.7,929,444
0.7,930,439
0.7,931,436
0.7,932,438
0.7,933,441
0.7,934,449
0.7,935,451
0.7,936,451
0.7,937,468
0.7,938,463
0.7,939,457
0.7,940,453
0.7,941,479
0.7,942,457
0.7,943,459
0.7,944,454
0.7,945,470
0.7,946,462
0.7,947,462
0.7,948,454
0.7,949,456
0.7,950,462
0.7,951,451
0.7,952,460
0.7,953,443
0.7,954,461
0.7,955,445
0.7,956,453
0.7,957,469
0.7,958,461
0.7,959,470
0.7,960,478
0.7,961,487
0.7,962,483
0.7,963,495
0.7,964,490
0.7,965,496
0.7,966,474
0.7,967,480
0.7,968,481
0.7,969,474
0.7,970,455
0.7,971,457
0.7,972,481
0.7,973,471
0.7,974,481
0.7,975,470
0.7,976,466
0.7,977,463
0.7,978,466
0.7,979,474
0.7,980,478
0.7,981,476
0.7,982,489
0.7,983,481
0.7,984,491
0.7,985,492
0.7,986,493
0.7,987,489
0.7,988,493
0.7,989,508
0.7,990,500
0.7,991,493
0.7,992,490
0.7,993,512
0.7,994,511
0.7,995,485
0.7,996,498
0.7,997,484
0.7,998,488
0.7,999,469
0.7,1000,475
0.7,1001,472
0.7,1002,466
0.7,1003,468
0.7,1004,483
0.7,1005,474
0.7,1006,483
0.7,1007,492
0.7,1008,511
0.7,1009,467
0.7,1010,490
0.7,1011,469
0.7,1012,478
0.7,1013,464
0.7,1014,482
0.7,1015,467
0.7,1016,483
0.7,1017,473
0.7,1018,490
0.7,1019,492
0.7,1020,492
0.7,1021,506
0.7,1022,491
0.7,1023,493
0.7,1024,506
0.7,1025,481
0.7,1026,483
0.7,1027,489
0.7,1028,482
0.7,1029,469
0.7,1030,481
0.7,1031,489
0.7,1032,479
0.7,1033,494
0.7,1034,502
0.7,1035,484
0.7,1036,473
0.7,1037,477
0.7,1038,484
0.7,1039,460
0.7,1040,478
0.7,1041,464
0.7,1042,472
0.7,1043,478
0.7,1044,467
0.7,1045,464
0.7,1046,468
0.7,1047,475
0.7,1048,470
0.7,1049,480
0.7,1050,460
0.7,1051,484
0.7,1052,468
0.7,1053,457
0.7,1054,461
0.7,1055,454
0.7,1056,458
0.7,1057,464
0.7,1058,453
0.7,1059,462
0.7,1060,448
0.7,1061,474
0.7,1062,467
0.7,1063,466
0.7,1064,467
0.7,1065,482
0.7,1066,485
0.7,1067,462
0.7,1068,472
0.7,1069,465
0.7,1070,453
0.7,1071,461
0.7,1072,459
0.7,1073,471
0.7,1074,452
0.7,1075,466
0.7,1076,462
0.7,1077,475
0.7,1078,467
0.7,1079,479
0.7,1080,477
0.7,1081,483
0.7,1082,493
0.7,1083,480
0.7,1084,472
0.7,1085,490
0.7,1086,505
0.7,1087,482
0.7,1088,495
0.7,1089,495
0.7,1090,506
0.7,1091,517
0.7,1092,520
0.7,1093,535
0.7,1094,514
0.7,1095,523
0.7,1096,536
0.7,1097,503
0.7,1098,500
0.7,1099,522
0.7,1100,516
0.7,1101,511
0.7,1102,506
0.7,1103,518
0.7,1104,531
0.7,1105,533
0.7,1106,549
0.7,1107,548
0.7,1108,532
0.7,1109,540
0.7,1110,508
0.7,1111,524
0.7,1112,491
0.7,1113,510
0.7,1114,495
0.7,1115,491
0.7,1116,506
0.7,1117,518
0.7,1118,544
0.7,1119,518
0.7,1120,523
0.7,1121,526
0.7,1122,526
0.7,1123,559
0.7,1124,552
0.7,1125,555
0.7,1126,570
0.7,1127,579
0.7,1128,553
0.7,1129,571
0.7,1130,571
0.7,1131,566
0.7,1132,549
0.7,1133,535
0.7,1134,544
0.7,1135,532
0.7,1136,521
0.7,1137,522
0.7,1138,536
0.7,1139,544
0.7,1140,550
0.7,1141,545
0.7,1142,548
0.7,1143,552
0.7,1144,544
0.7,1145,548
0.7,1146,530
0.7,1147,519
0.7,1148,529
0.7,1149,504
0.7,1150,517
0.7,1151,512
0.7,1152,529
0.7,1153,530
0.7,1154,543
0.7,1155,548
0.7,1156,535
0.7,1157,546
0.7,1158,560
0.7,1159,551
0.7,1160,556
0.7,1161,559
0.7,1162,576
0.7,1163,596
0.7,1164,608
0.7,1165,620
0.7,1166,605
0.7,1167,562
0.7,1168,566
0.7,1169,557
0.7,1170,556
0.7,1171,542
0.7,1172,549
0.7,1173,541
0.7,1174,532
0.7,1175,520
0.7,1176,531
0.7,1177,521
0.7,1178,513
0.7,1179,509
0.7,1180,508
0.7,1181,492
0.7,1182,508
0.7,1183,511
0.7,1184,533
0.7,1185,532
0.7,1186,564
0.7,1187,546
0.7,1188,533
0.7,1189,539
0.7,1190,531
0.7,1191,510
0.7,1192,517
0.7,1193,507
0.7,1194,512
0.7,1195,478
0.7,1196,483
0.7,1197,470
0.7,1198,475
0.7,1199,478
0.7,1200,469
0.7,1201,456
0.7,1202,461
0.7,1203,446
0.7,1204,458
0.7,1205,454
0.7,1206,447
0.7,1207,452
0.7,1208,441
0.7,1209,443
0.7,1210,450
0.7,1211,445
0.7,1212,445
0.7,1213,441
0.7,1214,451
0.7,1215,440
0.7,1216,432
0.7,1217,454
0.7,1218,443
0.7,1219,431
0.7,1220,432
0.7,1221,432
0.7,1222,442
0.7,1223,441
0.7,1224,445
0.7,1225,436
0.7,1226,430
0.7,1227,425
0.7,1228,426
0.7,1229,420
0.7,1230,426
0.7,1231,441
0.7,1232,433
0.7,1233,433
0.7,1234,405
0.7,1235,402
0.7,1236,394
0.7,1237,393
0.7,1238,395
0.7,1239,400
0.7,1240,406
0.7,1241,412
0.7,1242,430
0.7,1243,412
0.7,1244,396
0.7,1245,404
0.7,1246,395
0.7,1247,397
0.7,1248,390
0.7,1249,388
0.7,1250,387
0.7,1251,396
0.7,1252,381
0.7,1253,381
0.7,1254,378
0.7,1255,380
0.7,1256,380
0.7,1257,375
0.7,1258,378
0.7,1259,386
0.7,1260,383
0.7,1261,383
0.7,1262,385
0.7,1263,395
0.7,1264,399
0.7,1265,403
0.7,1266,405
0.7,1267,407
0.7,1268,422
0.7,1269,424
0.7,1270,415
0.7,1271,421
0.7,1272,418
0.7,1273,419
0.7,1274,424
0.7,1275,427
0.7,1276,417
0.7,1277,435
0.7,1278,431
0.7,1279,419
0.7,1280,430
0.7,1281,426
0.7,1282,415
0.7,1283,423
0.7,1284,441
0.7,1285,430
0.7,1286,422
0.7,1287,429
0.7,1288,423
0.7,1289,432
0.7,1290,417
0.7,1291,430
0.7,1292,435
0.7,1293,426
0.7,1294,443
0.7,1295,420
0.7,1296,436
0.7,1297,430
0.7,1298,437
0.7,1299,445
0.7,1300,436
0.7,1301,444
0.7,1302,434
0.7,1303,425
0.7,1304,438
0.7,1305,423
0.7,1306,405
0.7,1307,395
0.7,1308,405
0.7,1309,397
0.7,1310,402
0.7,1311,399
0.7,1312,400
0.7,1313,403
0.7,1314,398
0.7,1315,389
0.7,1316,385
0.7,1317,398
0.7,1318,392
0.7,1319,381
0.7,1320,373
0.7,1321,371
0.7,1322,361
0.7,1323,362
0.7,1324,364
0.7,1325,355
0.7,1326,362
0.7,1327,365
0.7,1328,374
0.7,1329,377
0.7,1330,390
0.7,1331,394
0.7,1332,397
0.7,1333,418
0.7,1334,389
0.7,1335,408
0.7,1336,390
0.7,1337,388
0.7,1338,392
0.7,1339,396
0.7,1340,399
0.7,1341,399
0.7,1342,401
0.7,1343,398
0.7,1344,408
0.7,1345,407
0.7,1346,415
0.7,1347,420
0.7,1348,400
0.7,1349,402
0.7,1350,417
0.7,1351,406
0.7,1352,400
0.7,1353,408
0.7,1354,405
0.7,1355,399
0.7,1356,393
0.7,1357,390
0.7,1358,381
0.7,1359,369
0.7,1360,367
0.7,1361,364
0.7,1362,362
0.7,1363,369
0.7,1364,362
0.7,1365,367
0.7,1366,364
0.7,1367,366
0.7,1368,362
0.7,1369,361
0.7,1370,356
0.7,1371,352
0.7,1372,348
0.7,1373,356
0.7,1374,358
0.7,1375,362
0.7,1376,362
0.7,1377,359
0.7,1378,360
0.7,1379,365
0.7,1380,354
0.7,1381,356
0.7,1382,354
0.7,1383,358
0.7,1384,364
0.7,1385,359
0.7,1386,358
0.7,1387,354
0.7,1388,356
0.7,1389,360
0.7,1390,355
0.7,1391,364
0.7,1392,358
0.7,1393,364
0.7,1394,368
0.7,1395,365
0.7,1396,364
0.7,1397,376
0.7,1398,368
0.7,1399,367
0.7,1400,362
0.7,1401,367
0.7,1402,368
0.7,1403,368
0.7,1404,370
0.7,1405,365
0.7,1406,372
0.7,1407,371
0.7,1408,360
0.7,1409,353
0.7,1410,357
0.7,1411,366
0.7,1412,369
0.7,1413,372
0.7,1414,372
0.7,1415,365
0.7,1416,377
0.7,1417,383
0.7,1418,377
0.7,1419,381
0.7,1420,382
0.7,1421,387
0.7,1422,380
0.7,1423,397
0.7,1424,388
0.7,1425,399
0.7,1426,398
0.7,1427,410
0.7,1428,401
0.7,1429,411
0.7,1430,404
0.7,1431,411
0.7,1432,418
0.7,1433,410
0.7,1434,416
0.7,1435,423
0.7,1436,430
0.7,1437,431
0.7,1438,436
0.7,1439,447
0.7,1440,438
0.7,1441,426
0.7,1442,437
0.7,1443,438
0.7,1444,430
0.7,1445,442
0.7,1446,439
0.7,1447,439
0.7,1448,427
0.7,1449,433
0.7,1450,429
0.7,1451,430
0.7,1452,428
0.7,1453,423
0.7,1454,422
0.7,1455,429
0.7,1456,417
0.7,1457,436
0.7,1458,439
0.7,1459,466
0.7,1460,464
0.7,1461,467
0.7,1462,450
0.7,1463,461
0.7,1464,444
0.7,1465,457
0.7,1466,460
0.7,1467,459
0.7,1468,455
0.7,1469,460
0.7,1470,458
0.7,1471,467
0.7,1472,454
0.7,1473,451
0.7,1474,476
0.7,1475,463
0.7,1476,498
0.7,1477,501
0.7,1478,492
0.7,1479,515
0.7,1480,500
0.7,1481,521
0.7,1482,502
0.7,1483,494
0.7,1484,501
0.7,1485,488
0.7,1486,484
0.7,1487,475
0.7,1488,489
0.7,1489,479
0.7,1490,471
0.7,1491,486
0.7,1492,478
0.7,1493,509
0.7,1494,469
0.7,1495,476
0.7,1496,464
0.7,1497,470
0.7,1498,482
0.7,1499,462
0.7,1500,454
0.7,1501,457
0.7,1502,454
0.7,1503,464
0.7,1504,453
0.7,1505,470
0.7,1506,464
0.7,1507,464
0.7,1508,457
0.7,1509,460
0.7,1510,465
0.7,1511,469
0.7,1512,480
0.7,1513,458
0.7,1514,456
0.7,1515,456
0.7,1516,463
0.7,1517,458
0.7,1518,476
0.7,1519,489
0.7,1520,502
0.7,1521,507
0.7,1522,515
0.7,1523,510
0.7,1524,509
0.7,1525,519
0.7,1526,501
0.7,1527,523
0.7,1528,522
0.7,1529,515
0.7,1530,520
0.7,1531,515
0.7,1532,533
0.7,1533,516
0.7,1534,547
0.7,1535,511
0.7,1536,516
0.7,1537,526
0.7,1538,512
0.7,1539,517
0.7,1540,514
0.7,1541,489
0.7,1542,495
0.7,1543,483
0.7,1544,480
0.7,1545,477
0.7,1546,469
0.7,1547,459
0.7,1548,463
0.7,1549,457
0.7,1550,436
0.7,1551,452
0.7,1552,440
0.7,1553,423
0.7,1554,413
0.7,1555,401
0.7,1556,396
0.7,1557,387
0.7,1558,376
0.7,1559,379
0.7,1560,375
0.7,1561,378
0.7,1562,389
0.7,1563,391
0.7,1564,410
0.7,1565,414
0.7,1566,411
0.7,1567,410
0.7,1568,406
0.7,1569,418
0.7,1570,421
0.7,1571,431
0.7,1572,424
0.7,1573,436
0.7,1574,426
0.7,1575,427
0.7,1576,417
0.7,1577,421
0.7,1578,429
0.7,1579,428
0.7,1580,430
0.7,1581,427
0.7,1582,417
0.7,1583,416
0.7,1584,408
0.7,1585,405
0.7,1586,422
0.7,1587,432
0.7,1588,415
0.7,1589,432
0.7,1590,432
0.7,1591,441
0.7,1592,429
0.7,1593,443
0.7,1594,442
0.7,1595,458
0.7,1596,448
0.7,1597,463
0.7,1598,448
0.7,1599,461
0.7,1600,450
0.7,1601,466
0.7,1602,468
0.7,1603,474
0.7,1604,476
0.7,1605,475
0.7,1606,494
0.7,1607,472
0.7,1608,483
0.7,1609,466
0.7,1610,459
0.7,1611,448
0.7,1612,441
0.7,1613,455
0.7,1614,447
0.7,1615,445
0.7,1616,440
0.7,1617,428
0.7,1618,432
0.7,1619,451
0.7,1620,447
0.7,1621,423
0.7,1622,416
0.7,1623,399
0.7,1624,402
0.7,1625,396
0.7,1626,399
0.7,1627,396
0.7,1628,405
0.7,1629,399
0.7,1630,402
0.7,1631,402
0.7,1632,412
0.7,1633,407
0.7,1634,408
0.7,1635,406
0.7,1636,409
0.7,1637,388
0.7,1638,381
0.7,1639,384
0.7,1640,388
0.7,1641,363
0.7,1642,365
0.7,1643,355
0.7,1644,354
0.7,1645,349
0.7,1646,350
0.7,1647,348
0.7,1648,349
0.7,1649,350
0.7,1650,353
0.7,1651,356
0.7,1652,358
0.7,1653,357
0.7,1654,367
0.7,1655,367
0.7,1656,381
0.7,1657,377
0.7,1658,383
0.7,1659,387
0.7,1660,380
0.7,1661,383
0.7,1662,389
0.7,1663,376
0.7,1664,375
0.7,1665,376
0.7,1666,384
0.7,1667,395
0.7,1668,391
0.7,1669,384
0.7,1670,384
0.7,1671,382
0.7,1672,391
0.7,1673,392
0.7,1674,391
0.7,1675,390
0.7,1676,375
0.7,1677,387
0.7,1678,373
0.7,1679,383
0.7,1680,377
0.7,1681,377
0.7,1682,383
0.7,1683,392
0.7,1684,392
0.7,1685,379
0.7,1686,385
0.7,1687,387
0.7,1688,379
0.7,1689,391
0.7,1690,384
0.7,1691,385
0.7,1692,393
0.7,1693,377
0.7,1694,379
0.7,1695,385
0.7,1696,382
0.7,1697,388
0.7,1698,383
0.7,1699,383
0.7,1700,381
0.7,1701,391
0.7,1702,385
0.7,1703,377
0.7,1704,371
0.7,1705,380
0.7,1706,376
0.7,1707,366
0.7,1708,364
0.7,1709,377
0.7,1710,375
0.7,1711,359
0.7,1712,371
0.7,1713,364
0.7,1714,366
0.7,1715,349
0.7,1716,347
0.7,1717,339
0.7,1718,342
0.7,1719,341
0.7,1720,337
0.7,1721,345
0.7,1722,330
0.7,1723,334
0.7,1724,328
0.7,1725,330
0.7,1726,327
0.7,1727,334
0.7,1728,327
0.7,1729,325
0.7,1730,326
0.7,1731,329
0.7,1732,334
0.7,1733,333
0.7,1734,332
0.7,1735,333
0.7,1736,334
0.7,1737,331
0.7,1738,330
0.7,1739,328
0.7,1740,333
0.7,1741,330
0.7,1742,330
0.7,1743,331
0.7,1744,327
0.7,1745,326
0.7,1746,327
0.7,1747,326
0.7,1748,328
0.7,1749,329
0.7,1750,331
0.7,1751,328
0.7,1752,332
0.7,1753,333
0.7,1754,325
0.7,1755,322
0.7,1756,321
0.7,1757,320
0.7,1758,319
0.7,1759,317
0.7,1760,317
0.7,1761,317
0.8,0,13127
0.8,1,1090
0.8,2,712
0.8,3,595
0.8,4,559
0.8,5,544
0.8,6,520
0.8,7,503
0.8,8,478
0.8,9,477
0.8,10,481
0.8,11,485
0.8,12,516
0.8,13,530
0.8,14,506
0.8,15,531
0.8,16,510
0.8,17,546
0.8,18,546
0.8,19,581
0.8,20,569
0.8,21,552
0.8,22,550
0.8,23,549
0.8,24,568
0.8,25,545
0.8,26,563
0.8,27,540
0.8,28,532
0.8,29,568
0.8,30,580
0.8,31,540
0.8,32,578
0.8,33,574
0.8,34,572
0.8,35,555
0.8,36,536
0.8,37,530
0.8,38,550
0.8,39,517
0.8,40,534
0.8,41,526
0.8,42,523
0.8,43,523
0.8,44,561
0.8,45,540
0.8,46,577
0.8,47,579
0.8,48,581
0.8,49,554
0.8,50,544
0.8,51,542
0.8,52,524
0.8,53,531
0.8,54,527
0.8,55,519
0.8,56,539
0.8,57,523
0.8,58,513
0.8,59,503
0.8,60,524
0.8,61,480
0.8,62,483
0.8,63,489
0.8,64,478
0.8,65,482
0.8,66,470
0.8,67,435
0.8,68,439
0.8,69,444
0.8,70,427
0.8,71,439
0.8,72,434
0.8,73,442
0.8,74,424
0.8,75,426
0.8,76,433
0.8,77,408
0.8,78,403
0.8,79,406
0.8,80,415
0.8,81,431
0.8,82,433
0.8,83,424
0.8,84,410
0.8,85,415
0.8,86,411
0.8,87,405
0.8,88,409
0.8,89,424
0.8,90,392
0.8,91,405
0.8,92,399
0.8,93,410
0.8,94,395
0.8,95,403
0.8,96,393
0.8,97,399
0.8,98,407
0.8,99,429
0.8,100,403
0.8,101,406
0.8,102,412
0.8,103,399
0.8,104,401
0.8,105,415
0.8,106,397
0.8,107,397
0.8,108,387
0.8,109,390
0.8,110,388
0.8,111,381
0.8,112,388
0.8,113,381
0.8,114,397
0.8,115,388
0.8,116,378
0.8,117,376
0.8,118,374
0.8,119,381
0.8,120,382
0.8,121,380
0.8,122,382
0.8,123,393
0.8,124,383
0.8,125,395
0.8,126,387
0.8,127,399
0.8,128,399
0.8,129,404
0.8,130,419
0.8,131,411
0.8,132,432
0.8,133,404
0.8,134,410
0.8,135,419
0.8,136,437
0.8,137,427
0.8,138,414
0.8,139,422
0.8,140,419
0.8,141,405
0.8,142,416
0.8,143,424
0.8,144,420
0.8,145,434
0.8,146,426
0.8,147,428
0.8,148,406
0.8,149,416
0.8,150,410
0.8,151,425
0.8,152,419
0.8,153,434
0.8,154,438
0.8,155,424
0.8,156,439
0.8,157,429
0.8,158,418
0.8,159,433
0.8,160,425
0.8,161,414
0.8,162,439
0.8,163,414
0.8,164,424
0.8,165,416
0.8,166,419
0.8,167,408
0.8,168,414
0.8,169,416
0.8,170,413
0.8,171,417
0.8,172,428
0.8,173,424
0.8,174,426
0.8,175,448
0.8,176,456
0.8,177,471
0.8,178,457
0.8,179,463
0.8,180,437
0.8,181,474
0.8,182,455
0.8,183,466
0.8,184,445
0.8,185,455
0.8,186,444
0.8,187,436
0.8,188,432
0.8,189,445
0.8,190,454
0.8,191,453
0.8,192,453
0.8,193,466
0.8,194,469
0.8,195,468
0.8,196,462
0.8,197,482
0.8,198,467
0.8,199,472
0.8,200,460
0.8,201,473
0.8,202,479
0.8,203,471
0.8,204,471
0.8,205,469
0.8,206,470
0.8,207,455
0.8,208,454
0.8,209,455
0.8,210,459
0.8,211,460
0.8,212,452
0.8,213,455
0.8,214,440
0.8,215,441
0.8,216,452
0.8,217,445
0.8,218,455
0.8,219,467
0.8,220,467
0.8,221,461
0.8,222,462
0.8,223,484
0.8,224,481
0.8,225,496
0.8,226,513
0.8,227,516
0.8,228,539
0.8,229,555
0.8,230,568
0.8,231,554
0.8,232,583
0.8,233,564
0.8,234,538
0.8,235,565
0.8,236,567
0.8,237,539
0.8,238,559
0.8,239,563
0.8,240,553
0.8,241,566
0.8,242,546
0.8,243,548
0.8,244,531
0.8,245,515
0.8,246,526
0.8,247,535
0.8,248,540
0.8,249,529
0.8,250,536
0.8,251,535
0.8,252,545
0.8,253,544
0.8,254,526
0.8,255,543
0.8,256,497
0.8,257,508
0.8,258,481
0.8,259,508
0.8,260,497
0.8,261,484
0.8,262,493
0.8,263,495
0.8,264,517
0.8,265,512
0.8,266,518
0.8,267,530
0.8,268,560
0.8,269,549
0.8,270,554
0.8,271,559
0.8,272,556
0.8,273,581
0.8,274,546
0.8,275,558
0.8,276,543
0.8,277,554
0.8,278,530
0.8,279,526
0.8,280,525
0.8,281,515
0.8,282,525
0.8,283,537
0.8,284,519
0.8,285,536
0.8,286,542
0.8,287,553
0.8,288,559
0.8,289,558
0.8,290,565
0.8,291,564
0.8,292,557
0.8,293,554
0.8,294,543
0.8,295,522
0.8,296,535
0.8,297,556
0.8,298,527
0.8,299,506
0.8,300,520
0.8,301,523
0.8,302,527
0.8,303,534
0.8,304,528
0.8,305,534
0.8,306,558
0.8,307,586
0.8,308,573
0.8,309,581
0.8,310,574
0.8,311,560
0.8,312,533
0.8,313,543
0.8,314,530
0.8,315,541
0.8,316,560
0.8,317,549
0.8,318,584
0.8,319,561
0.8,320,588
0.8,321,590
0.8,322,589
0.8,323,588
0.8,324,573
0.8,325,578
0.8,326,578
0.8,327,565
0.8,328,580
0.8,329,586
0.8,330,585
0.8,331,620
0.8,332,622
0.8,333,610
0.8,334,591
0.8,335,577
0.8,336,573
0.8,337,562
0.8,338,554
0.8,339,569
0.8,340,559
0.8,341,574
0.8,342,566
0.8,343,570
0.8,344,579
0.8,345,598
0.8,346,569
0.8,347,565
0.8,348,582
0.8,349,598
0.8,350,578
0.8,351,570
0.8,352,560
0.8,353,569
0.8,354,564
0.8,355,544
0.8,356,548
0.8,357,527
0.8,358,522
0.8,359,540
0.8,360,565
0.8,361,567
0.8,362,594
0.8,363,569
0.8,364,570
0.8,365,568
0.8,366,600
0.8,367,568
0.8,368,574
0.8,369,580
0.8,370,568
0.8,371,589
0.8,372,584
0.8,373,593
0.8,374,597
0.8,375,567
0.8,376,575
0.8,377,567
0.8,378,587
0.8,379,575
0.8,380,597
0.8,381,587
0.8,382,609
0.8,383,620
0.8,384,609
0.8,385,586
0.8,386,581
0.8,387,582
0.8,388,550
0.8,389,568
0.8,390,577
0.8,391,591
0.8,392,586
0.8,393,576
0.8,394,572
0.8,395,584
0.8,396,551
0.8,397,527
0.8,398,540
0.8,399,543
0.8,400,548
0.8,401,548
0.8,402,534
0.8,403,547
0.8,404,541
0.8,405,548
0.8,406,538
0.8,407,535
0.8,408,521
0.8,409,519
0.8,410,541
0.8,411,547
0.8,412,563
0.8,413,555
0.8,414,586
0.8,415,596
0.8,416,586
0.8,417,580
0.8,418,590
0.8,419,575
0.8,420,591
0.8,421,581
0.8,422,608
0.8,423,587
0.8,424,585
0.8,425,580
0.8,426,569
0.8,427,591
0.8,428,577
0.8,429,576
0.8,430,559
0.8,431,545
0.8,432,518
0.8,433,528
0.8,434,527
0.8,435,526
0.8,436,537
0.8,437,522
0.8,438,496
0.8,439,484
0.8,440,469
0.8,441,454
0.8,442,469
0.8,443,460
0.8,444,462
0.8,445,473
0.8,446,468
0.8,447,472
0.8,448,488
0.8,449,496
0.8,450,493
0.8,451,496
0.8,452,509
0.8,453,511
0.8,454,517
0.8,455,530
0.8,456,514
0.8,457,523
0.8,458,509
0.8,459,506
0.8,460,543
0.8,461,526
0.8,462,538
0.8,463,504
0.8,464,504
0.8,465,501
0.8,466,494
0.8,467,472
0.8,468,481
0.8,469,469
0.8,470,488
0.8,471,475
0.8,472,467
0.8,473,485
0.8,474,477
0.8,475,480
0.8,476,483
0.8,477,506
0.8,478,485
0.8,479,479
0.8,480,481
0.8,481,456
0.8,482,469
0.8,483,465
0.8,484,464
0.8,485,462
0.8,486,463
0.8,487,454
0.8,488,439
0.8,489,463
0.8,490,451
0.8,491,456
0.8,492,479
0.8,493,454
0.8,494,434
0.8,495,440
0.8,496,427
0.8,497,442
0.8,498,437
0.8,499,415
0.8,500,440
0.8,501,429
0.8,502,432
0.8,503,443
0.8,504,433
0.8,505,437
0.8,506,421
0.8,507,434
0.8,508,434
0.8,509,435
0.8,510,439
0.8,511,433
0.8,512,444
0.8,513,459
0.8,514,458
0.8,515,456
0.8,516,449
0.8,517,436
0.8,518,438
0.8,519,425
0.8,520,419
0.8,521,422
0.8,522,427
0.8,523,421
0.8,524,415
0.8,525,410
0.8,526,413
0.8,527,397
0.8,528,392
0.8,529,394
0.8,530,378
0.8,531,376
0.8,532,369
0.8,533,359
0.8,534,369
0.8,535,369
0.8,536,366
0.8,537,374
0.8,538,369
0.8,539,362
0.8,540,369
0.8,541,366
0.8,542,369
0.8,543,370
0.8,544,373
0.8,545,374
0.8,546,379
0.8,547,381
0.8,548,391
0.8,549,385
0.8,550,393
0.8,551,401
0.8,552,415
0.8,553,412
0.8,554,415
0.8,555,428
0.8,556,416
0.8,557,408
0.8,558,421
0.8,559,412
0.8,560,417
0.8,561,420
0.8,562,405
0.8,563,400
0.8,564,396
0.8,565,397
0.8,566,391
0.8,567,406
0.8,568,400
0.8,569,404
0.8,570,417
0.8,571,411
0.8,572,398
0.8,573,388
0.8,574,394
0.8,575,393
0.8,576,406
0.8,577,400
0.8,578,412
0.8,579,416
0.8,580,402
0.8,581,395
0.8,582,399
0.8,583,401
0.8,584,400
0.8,585,406
0.8,586,402
0.8,587,413
0.8,588,398
0.8,589,411
0.8,590,425
0.8,591,432
0.8,592,443
0.8,593,467
0.8,594,463
0.8,595,429
0.8,596,446
0.8,597,448
0.8,598,441
0.8,599,455
0.8,600,444
0.8,601,444
0.8,602,438
0.8,603,438
0.8,604,437
0.8,605,456
0.8,606,456
0.8,607,467
0.8,608,478
0.8,609,469
0.8,610,477
0.8,611,469
0.8,612,499
0.8,613,479
0.8,614,488
0.8,615,492
0.8,616,486
0.8,617,507
0.8,618,529
0.8,619,540
0.8,620,507
0.8,621,549
0.8,622,499
0.8,623,505
0.8,624,498
0.8,625,523
0.8,626,508
0.8,627,515
0.8,628,513
0.8,629,531
0.8,630,530
0.8,631,539
0.8,632,525
0.8,633,531
0.8,634,537
0.8,635,558
0.8,636,531
0.8,637,535
0.8,638,524
0.8,639,530
0.8,640,539
0.8,641,559
0.8,642,553
0.8,643,536
0.8,644,518
0.8,645,525
0.8,646,523
0.8,647,544
0.8,648,534
0.8,649,536
0.8,650,530
0.8,651,549
0.8,652,555
0.8,653,531
0.8,654,532
0.8,655,531
0.8,656,504
0.8,657,483
0.8,658,482
0.8,659,488
0.8,660,487
0.8,661,495
0.8,662,511
0.8,663,524
0.8,664,509
0.8,665,502
0.8,666,486
0.8,667,478
0.8,668,469
0.8,669,469
0.8,670,495
0.8,671,470
0.8,672,470
0.8,673,489
0.8,674,463
0.8,675,480
0.8,676,463
0.8,677,474
0.8,678,470
0.8,679,448
0.8,680,455
0.8,681,431
0.8,682,421
0.8,683,422
0.8,684,409
0.8,685,405
0.8,686,395
0.8,687,405
0.8,688,407
0.8,689,411
0.8,690,420
0.8,691,432
0.8,692,419
0.8,693,434
0.8,694,447
0.8,695,434
0.8,696,405
0.8,697,407
0.8,698,407
0.8,699,395
0.8,700,407
0.8,701,388
0.8,702,379
0.8,703,385
0.8,704,365
0.8,705,375
0.8,706,383
0.8,707,397
0.8,708,399
0.8,709,421
0.8,710,403
0.8,711,404
0.8,712,412
0.8,713,434
0.8,714,408
0.8,715,434
0.8,716,410
0.8,717,405
0.8,718,408
0.8,719,403
0.8,720,399
0.8,721,415
0.8,722,422
0.8,723,438
0.8,724,448
0.8,725,444
0.8,726,427
0.8,727,455
0.8,728,429
0.8,729,446
0.8,730,464
0.8,731,462
0.8,732,409
0.8,733,426
0.8,734,420
0.8,735,422
0.8,736,427
0.8,737,424
0.8,738,412
0.8,739,436
0.8,740,415
0.8,741,401
0.8,742,411
0.8,743,395
0.8,744,371
0.8,745,383
0.8,746,386
0.8,747,375
0.8,748,391
0.8,749,381
0.8,750,379
0.8,751,382
0.8,752,388
0.8,753,401
0.8,754,409
0.8,755,439
0.8,756,427
0.8,757,435
0.8,758,421
0.8,759,425
0.8,760,418
0.8,761,414
0.8,762,426
0.8,763,445
0.8,764,435
0.8,765,438
0.8,766,406
0.8,767,411
0.8,768,418
0.8,769,413
0.8,770,414
0.8,771,421
0.8,772,430
0.8,773,454
0.8,774,451
0.8,775,446
0.8,776,452
0.8,777,430
0.8,778,446
0.8,779,431
0.8,780,462
0.8,781,417
0.8,782,418
0.8,783,393
0.8,784,392
0.8,785,386
0.8,786,396
0.8,787,392
0.8,788,406
0.8,789,414
0.8,790,406
0.8,791,400
0.8,792,399
0.8,793,408
0.8,794,422
0.8,795,411
0.8,796,399
0.8,797,404
0.8,798,412
0.8,799,420
0.8,800,415
0.8,801,408
0.8,802,418
0.8,803,408
0.8,804,405
0.8,805,422
0.8,806,402
0.8,807,406
0.8,808,409
0.8,809,421
0.8,810,420
0.8,811,432
0.8,812,436
0.8,813,433
0.8,814,447
0.8,815,435
0.8,816,438
0.8,817,442
0.8,818,417
0.8,819,437
0.8,820,420
0.8,821,430
0.8,822,422
0.8,823,416
0.8,824,414
0.8,825,401
0.8,826,430
0.8,827,421
0.8,828,429
0.8,829,422
0.8,830,434
0.8,831,433
0.8,832,444
0.8,833,451
0.8,834,456
0.8,835,421
0.8,836,438
0.8,837,426
0.8,838,448
0.8,839,451
0.8,840,444
0.8,841,467
0.8,842,444
0.8,843,462
0.8,844,426
0.8,845,437
0.8,846,434
0.8,847,423
0.8,848,409
0.8,849,415
0.8,850,413
0.8,851,395
0.8,852,402
0.8,853,404
0.8,854,407
0.8,855,411
0.8,856,402
0.8,857,403
0.8,858,396
0.8,859,395
0.8,860,399
0.8,861,394
0.8,862,394
0.8,863,392
0.8,864,403
0.8,865,384
0.8,866,387
0.8,867,383
0.8,868,394
0.8,869,389
0.8,870,395
0.8,871,395
0.8,872,398
0.8,873,409
0.8,874,405
0.8,875,426
0.8,876,415
0.8,877,439
0.8,878,416
0.8,879,434
0.8,880,418
0.8,881,428
0.8,882,408
0.8,883,414
0.8,884,415
0.8,885,403
0.8,886,417
0.8,887,427
0.8,888,419
0.8,889,422
0.8,890,419
0.8,891,425
0.8,892,411
0.8,893,415
0.8,894,408
0.8,895,401
0.8,896,404
0.8,897,406
0.8,898,420
0.8,899,382
0.8,900,396
0.8,901,383
0.8,902,390
0.8,903,390
0.8,904,383
0.8,905,371
0.8,906,372
0.8,907,379
0.8,908,380
0.8,909,389
0.8,910,388
0.8,911,381
0.8,912,389
0.8,913,393
0.8,914,389
0.8,915,390
0.8,916,388
0.8,917,394
0.8,918,378
0.8,919,383
0.8,920,371
0.8,921,375
0.8,922,366
0.8,923,363
0.8,924,358
0.8,925,357
0.8,926,357
0.8,927,358
0.8,928,362
0.8,929,359
0.8,930,372
0.8,931,374
0.8,932,380
0.8,933,382
0.8,934,370
0.8,935,378
0.8,936,369
0.8,937,369
0.8,938,377
0.8,939,386
0.8,940,382
0.8,941,378
0.8,942,380
0.8,943,374
0.8,944,367
0.8,945,377
0.8,946,374
0.8,947,384
0.8,948,365
0.8,949,374
0.8,950,370
0.8,951,369
0.8,952,376
0.8,953,362
0.8,954,373
0.8,955,374
0.8,956,382
0.8,957,397
0.8,958,403
0.8,959,402
0.8,960,394
0.8,961,378
0.8,962,387
0.8,963,395
0.8,964,393
0.8,965,390
0.8,966,390
0.8,967,399
0.8,968,393
0.8,969,390
0.8,970,388
0.8,971,383
0.8,972,394
0.8,973,386
0.8,974,383
0.8,975,389
0.8,976,383
0.8,977,377
0.8,978,377
0.8,979,395
0.8,980,385
0.8,981,388
0.8,982,393
0.8,983,388
0.8,984,374
0.8,985,388
0.8,986,381
0.8,987,398
0.8,988,403
0.8,989,397
0.8,990,389
0.8,991,400
0.8,992,384
0.8,993,384
0.8,994,380
0.8,995,375
0.8,996,384
0.8,997,384
0.8,998,385
0.8,999,389
0.8,1000,385
0.8,1001,393
0.8,1002,390
0.8,1003,383
0.8,1004,383
0.8,1005,399
0.8,1006,397
0.8,1007,397
0.8,1008,409
0.8,1009,392
0.8,1010,428
0.8,1011,390
0.8,1012,404
0.8,1013,378
0.8,1014,369
0.8,1015,370
0.8,1016,377
0.8,1017,385
0.8,1018,388
0.8,1019,380
0.8,1020,374
0.8,1021,376
0.8,1022,356
0.8,1023,360
0.8,1024,352
0.8,1025,369
0.8,1026,363
0.8,1027,365
0.8,1028,378
0.8,1029,390
0.8,1030,389
0.8,1031,395
0.8,1032,389
0.8,1033,405
0.8,1034,406
0.8,1035,380
0.8,1036,390
0.8,1037,385
0.8,1038,396
0.8,1039,381
0.8,1040,387
0.8,1041,391
0.8,1042,380
0.8,1043,382
0.8,1044,379
0.8,1045,377
0.8,1046,381
0.8,1047,374
0.8,1048,376
0.8,1049,372
0.8,1050,378
0.8,1051,372
0.8,1052,364
0.8,1053,371
0.8,1054,360
0.8,1055,363
0.8,1056,371
0.8,1057,368
0.8,1058,376
0.8,1059,375
0.8,1060,387
0.8,1061,379
0.8,1062,357
0.8,1063,347
0.8,1064,356
0.8,1065,350
0.8,1066,354
0.8,1067,347
0.8,1068,350
0.8,1069,348
0.8,1070,347
0.8,1071,349
0.8,1072,335
0.8,1073,340
0.8,1074,335
0.8,1075,337
0.8,1076,337
0.8,1077,341
0.8,1078,344
0.8,1079,343
0.8,1080,349
0.8,1081,349
0.8,1082,354
0.8,1083,363
0.8,1084,352
0.8,1085,346
0.8,1086,353
0.8,1087,354
0.8,1088,350
0.8,1089,347
0.8,1090,352
0.8,1091,347
0.8,1092,362
0.8,1093,358
0.8,1094,359
0.8,1095,364
0.8,1096,356
0.8,1097,358
0.8,1098,354
0.8,1099,353
0.8,1100,356
0.8,1101,347
0.8,1102,356
0.8,1103,341
0.8,1104,341
0.8,1105,338
0.8,1106,339
0.8,1107,337
0.8,1108,342
0.8,1109,345
0.8,1110,338
0.8,1111,342
0.8,1112,341
0.8,1113,333
0.8,1114,336
0.8,1115,330
0.8,1116,336
0.8,1117,328
0.8,1118,326
0.8,1119,328
0.8,1120,325
0.8,1121,329
0.8,1122,332
0.8,1123,334
0.8,1124,338
0.8,1125,337
0.8,1126,347
0.8,1127,344
0.8,1128,359
0.8,1129,351
0.8,1130,373
0.8,1131,358
0.8,1132,374
0.8,1133,367
0.8,1134,381
0.8,1135,372
0.8,1136,388
0.8,1137,389
0.8,1138,377
0.8,1139,385
0.8,1140,364
0.8,1141,362
0.8,1142,370
0.8,1143,367
0.8,1144,371
0.8,1145,365
0.8,1146,373
0.8,1147,362
0.8,1148,378
0.8,1149,368
0.8,1150,357
0.8,1151,367
0.8,1152,358
0.8,1153,367
0.8,1154,375
0.8,1155,370
0.8,1156,366
0.8,1157,369
0.8,1158,361
0.8,1159,369
0.8,1160,365
0.8,1161,368
0.8,1162,358
0.8,1163,365
0.8,1164,357
0.8,1165,369
0.8,1166,368
0.8,1167,375
0.8,1168,364
0.8,1169,377
0.8,1170,360
0.8,1171,368
0.8,1172,357
0.8,1173,355
0.8,1174,349
0.8,1175,347
0.8,1176,345
0.8,1177,351
0.8,1178,354
0.8,1179,359
0.8,1180,362
0.8,1181,356
0.8,1182,351
0.8,1183,351
0.8,1184,346
0.8,1185,357
0.8,1186,364
0.8,1187,359
0.8,1188,368
0.8,1189,363
0.8,1190,374
0.8,1191,372
0.8,1192,370
0.8,1193,377
0.8,1194,376
0.8,1195,374
0.8,1196,379
0.8,1197,371
0.8,1198,377
0.8,1199,370
0.8,1200,397
0.8,1201,387
0.8,1202,397
0.8,1203,386
0.8,1204,402
0.8,1205,382
0.8,1206,394
0.8,1207,395
0.8,1208,403
0.8,1209,397
0.8,1210,392
0.8,1211,385
0.8,1212,381
0.8,1213,386
0.8,1214,388
0.8,1215,380
0.8,1216,389
0.8,1217,394
0.8,1218,402
0.8,1219,407
0.8,1220,390
0.8,1221,407
0.8,1222,410
0.8,1223,423
0.8,1224,399
0.8,1225,409
0.8,1226,392
0.8,1227,415
0.8,1228,398
0.8,1229,404
0.8,1230,415
0.8,1231,418
0.8,1232,432
0.8,1233,413
0.8,1234,425
0.8,1235,427
0.8,1236,438
0.8,1237,441
0.8,1238,456
0.8,1239,429
0.8,1240,453
0.8,1241,436
0.8,1242,436
0.8,1243,436
0.8,1244,455
0.8,1245,424
0.8,1246,435
0.8,1247,435
0.8,1248,437
0.8,1249,437
0.8,1250,460
0.8,1251,445
0.8,1252,451
0.8,1253,432
0.8,1254,442
0.8,1255,419
0.8,1256,436
0.8,1257,429
0.8,1258,433
0.8,1259,432
0.8,1260,436
0.8,1261,437
0.8,1262,429
0.8,1263,413
0.8,1264,427
0.8,1265,433
0.8,1266,440
0.8,1267,444
0.8,1268,451
0.8,1269,467
0.8,1270,449
0.8,1271,465
0.8,1272,468
0.8,1273,442
0.8,1274,466
0.8,1275,467
0.8,1276,460
0.8,1277,471
0.8,1278,464
0.8,1279,488
0.8,1280,482
0.8,1281,505
0.8,1282,486
0.8,1283,488
0.8,1284,465
0.8,1285,462
0.8,1286,463
0.8,1287,459
0.8,1288,464
0.8,1289,466
0.8,1290,470
0.8,1291,472
0.8,1292,453
0.8,1293,447
0.8,1294,439
0.8,1295,424
0.8,1296,428
0.8,1297,437
0.8,1298,445
0.8,1299,438
0.8,1300,432
0.8,1301,436
0.8,1302,454
0.8,1303,480
0.8,1304,458
0.8,1305,432
0.8,1306,436
0.8,1307,421
0.8,1308,414
0.8,1309,423
0.8,1310,431
0.8,1311,441
0.8,1312,431
0.8,1313,444
0.8,1314,458
0.8,1315,446
0.8,1316,475
0.8,1317,456
0.8,1318,489
0.8,1319,450
0.8,1320,479
0.8,1321,459
0.8,1322,476
0.8,1323,452
0.8,1324,463
0.8,1325,471
0.8,1326,507
0.8,1327,473
0.8,1328,501
0.8,1329,483
0.8,1330,486
0.8,1331,465
0.8,1332,460
0.8,1333,470
0.8,1334,450
0.8,1335,458
0.8,1336,466
0.8,1337,462
0.8,1338,470
0.8,1339,448
0.8,1340,433
0.8,1341,436
0.8,1342,423
0.8,1343,442
0.8,1344,430
0.8,1345,416
0.8,1346,417
0.8,1347,409
0.8,1348,405
0.8,1349,426
0.8,1350,405
0.8,1351,405
0.8,1352,408
0.8,1353,413
0.8,1354,410
0.8,1355,418
0.8,1356,416
0.8,1357,403
0.8,1358,389
0.8,1359,405
0.8,1360,407
0.8,1361,413
0.8,1362,413
0.8,1363,425
0.8,1364,451
0.8,1365,426
0.8,1366,447
0.8,1367,433
0.8,1368,446
0.8,1369,422
0.8,1370,427
0.8,1371,412
0.8,1372,412
0.8,1373,409
0.8,1374,403
0.8,1375,407
0.8,1376,413
0.8,1377,415
0.8,1378,417
0.8,1379,419
0.8,1380,432
0.8,1381,443
0.8,1382,441
0.8,1383,434
0.8,1384,449
0.8,1385,437
0.8,1386,457
0.8,1387,431
0.8,1388,439
0.8,1389,463
0.8,1390,473
0.8,1391,470
0.8,1392,487
0.8,1393,491
0.8,1394,489
0.8,1395,502
0.8,1396,491
0.8,1397,491
0.8,1398,483
0.8,1399,506
0.8,1400,494
0.8,1401,524
0.8,1402,508
0.8,1403,495
0.8,1404,500
0.8,1405,480
0.8,1406,500
0.8,1407,505
0.8,1408,501
0.8,1409,493
0.8,1410,504
0.8,1411,490
0.8,1412,507
0.8,1413,469
0.8,1414,491
0.8,1415,486
0.8,1416,506
0.8,1417,499
0.8,1418,515
0.8,1419,517
0.8,1420,480
0.8,1421,493
0.8,1422,490
0.8,1423,485
0.8,1424,482
0.8,1425,481
0.8,1426,465
0.8,1427,433
0.8,1428,429
0.8,1429,423
0.8,1430,424
0.8,1431,427
0.8,1432,410
0.8,1433,408
0.8,1434,389
0.8,1435,390
0.8,1436,380
0.8,1437,385
0.8,1438,400
0.8,1439,381
0.8,1440,382
0.8,1441,377
0.8,1442,379
0.8,1443,371
0.8,1444,380
0.8,1445,383
0.8,1446,385
0.8,1447,387
0.8,1448,402
0.8,1449,398
0.8,1450,409
0.8,1451,396
0.8,1452,383
0.8,1453,393
0.8,1454,401
0.8,1455,381
0.8,1456,399
0.8,1457,392
0.8,1458,394
0.8,1459,388
0.8,1460,391
0.8,1461,383
0.8,1462,392
0.8,1463,401
0.8,1464,400
0.8,1465,378
0.8,1466,385
0.8,1467,379
0.8,1468,387
0.8,1469,384
0.8,1470,392
0.8,1471,392
0.8,1472,401
0.8,1473,386
0.8,1474,391
0.8,1475,387
0.8,1476,403
0.8,1477,383
0.8,1478,381
0.8,1479,373
0.8,1480,367
0.8,1481,381
0.8,1482,379
0.8,1483,401
0.8,1484,394
0.8,1485,391
0.8,1486,415
0.8,1487,408
0.8,1488,417
0.8,1489,418
0.8,1490,417
0.8,1491,420
0.8,1492,424
0.8,1493,427
0.8,1494,430
0.8,1495,447
0.8,1496,435
0.8,1497,431
0.8,1498,435
0.8,1499,420
0.8,1500,425
0.8,1501,434
0.8,1502,426
0.8,1503,418
0.8,1504,406
0.8,1505,409
0.8,1506,395
0.8,1507,394
0.8,1508,383
0.8,1509,392
0.8,1510,388
0.8,1511,396
0.8,1512,389
0.8,1513,408
0.8,1514,403
0.8,1515,419
0.8,1516,409
0.8,1517,422
0.8,1518,424
0.8,1519,438
0.8,1520,453
0.8,1521,441
0.8,1522,461
0.8,1523,464
0.8,1524,468
0.8,1525,481
0.8,1526,468
0.8,1527,475
0.8,1528,474
0.8,1529,451
0.8,1530,471
0.8,1531,460
0.8,1532,451
0.8,1533,449
0.8,1534,438
0.8,1535,437
0.8,1536,430
0.8,1537,434
0.8,1538,432
0.8,1539,455
0.8,1540,450
0.8,1541,446
0.8,1542,467
0.8,1543,466
0.8,1544,476
0.8,1545,471
0.8,1546,464
0.8,1547,459
0.8,1548,455
0.8,1549,466
0.8,1550,476
0.8,1551,458
0.8,1552,461
0.8,1553,460
0.8,1554,456
0.8,1555,466
0.8,1556,458
0.8,1557,459
0.8,1558,468
0.8,1559,474
0.8,1560,469
0.8,1561,479
0.8,1562,473
0.8,1563,474
0.8,1564,483
0.8,1565,478
0.8,1566,487
0.8,1567,490
0.8,1568,495
0.8,1569,503
0.8,1570,502
0.8,1571,493
0.8,1572,488
0.8,1573,490
0.8,1574,497
0.8,1575,510
0.8,1576,503
0.8,1577,516
0.8,1578,523
0.8,1579,530
0.8,1580,521
0.8,1581,540
0.8,1582,508
0.8,1583,480
0.8,1584,469
0.8,1585,475
0.8,1586,483
0.8,1587,494
0.8,1588,487
0.8,1589,517
0.8,1590,478
0.8,1591,488
0.8,1592,483
0.8,1593,478
0.8,1594,464
0.8,1595,458
0.8,1596,483
0.8,1597,473
0.8,1598,477
0.8,1599,459
0.8,1600,459
0.8,1601,454
0.8,1602,437
0.8,1603,429
0.8,1604,419
0.8,1605,418
0.8,1606,437
0.8,1607,424
0.8,1608,448
0.8,1609,426
0.8,1610,443
0.8,1611,435
0.8,1612,435
0.8,1613,417
0.8,1614,391
0.8,1615,411
0.8,1616,397
0.8,1617,399
0.8,1618,409
0.8,1619,396
0.8,1620,399
0.8,1621,394
0.8,1622,392
0.8,1623,398
0.8,1624,401
0.8,1625,403
0.8,1626,415
0.8,1627,416
0.8,1628,419
0.8,1629,410
0.8,1630,426
0.8,1631,411
0.8,1632,423
0.8,1633,439
0.8,1634,437
0.8,1635,469
0.8,1636,459
0.8,1637,472
0.8,1638,478
0.8,1639,459
0.8,1640,474
0.8,1641,488
0.8,1642,489
0.8,1643,498
0.8,1644,500
0.8,1645,518
0.8,1646,511
0.8,1647,485
0.8,1648,495
0.8,1649,500
0.8,1650,490
0.8,1651,493
0.8,1652,488
0.8,1653,471
0.8,1654,476
0.8,1655,478
0.8,1656,469
0.8,1657,483
0.8,1658,482
0.8,1659,490
0.8,1660,462
0.8,1661,468
0.8,1662,484
0.8,1663,483
0.8,1664,494
0.8,1665,520
0.8,1666,520
0.8,1667,499
0.8,1668,497
0.8,1669,480
0.8,1670,477
0.8,1671,481
0.8,1672,467
0.8,1673,491
0.8,1674,467
0.8,1675,460
0.8,1676,450
0.8,1677,453
0.8,1678,451
0.8,1679,463
0.8,1680,440
0.8,1681,411
0.8,1682,408
0.8,1683,389
0.8,1684,374
0.8,1685,374
0.8,1686,374
0.8,1687,366
0.8,1688,386
0.8,1689,380
0.8,1690,381
0.8,1691,377
0.8,1692,373
0.8,1693,379
0.8,1694,379
0.8,1695,392
0.8,1696,384
0.8,1697,398
0.8,1698,389
0.8,1699,384
0.8,1700,384
0.8,1701,386
0.8,1702,381
0.8,1703,381
0.8,1704,381
0.8,1705,392
0.8,1706,393
0.8,1707,395
0.8,1708,405
0.8,1709,385
0.8,1710,382
0.8,1711,385
0.8,1712,393
0.8,1713,374
0.8,1714,390
0.8,1715,383
0.8,1716,374
0.8,1717,374
0.8,1718,387
0.8,1719,376
0.8,1720,387
0.8,1721,396
0.8,1722,400
0.8,1723,391
0.8,1724,401
0.8,1725,386
0.8,1726,384
0.8,1727,384
0.8,1728,387
0.8,1729,399
0.8,1730,397
0.8,1731,370
0.8,1732,383
0.8,1733,382
0.8,1734,380
0.8,1735,388
0.8,1736,378
0.8,1737,381
0.8,1738,384
0.8,1739,380
0.8,1740,383
0.8,1741,389
0.8,1742,383
0.8,1743,368
0.8,1744,360
0.8,1745,362
0.8,1746,357
0.8,1747,362
0.8,1748,367
0.8,1749,366
0.8,1750,380
0.8,1751,380
0.8,1752,402
0.8,1753,394
0.8,1754,411
0.8,1755,395
0.8,1756,398
0.8,1757,389
0.8,1758,386
0.8,1759,400
0.8,1760,378
0.8,1761,372
0.8,1762,367
0.8,1763,375
0.8,1764,377
0.8,1765,375
0.8,1766,387
0.8,1767,399
0.8,1768,382
0.8,1769,387
0.8,1770,396
0.8,1771,396
0.8,1772,407
0.8,1773,392
0.8,1774,392
0.8,1775,403
0.8,1776,394
0.8,1777,403
0.8,1778,404
0.8,1779,423
0.8,1780,390
0.8,1781,388
0.8,1782,369
0.8,1783,367
0.8,1784,356
0.8,1785,358
0.8,1786,356
0.8,1787,360
0.8,1788,375
0.8,1789,364
0.8,1790,375
0.8,1791,375
0.8,1792,378
0.8,1793,377
0.8,1794,363
0.8,1795,342
0.8,1796,337
0.8,1797,336
0.8,1798,340
0.8,1799,337
0.8,1800,336
0.8,1801,343
0.8,1802,343
0.8,1803,347
0.8,1804,344
0.8,1805,345
0.8,1806,353
0.8,1807,350
0.8,1808,349
0.8,1809,360
0.8,1810,347
0.8,1811,354
0.8,1812,336
0.8,1813,339
0.8,1814,343
0.8,1815,340
0.8,1816,351
0.8,1817,351
0.8,1818,361
0.8,1819,345
0.8,1820,347
0.8,1821,346
0.8,1822,345
0.8,1823,353
0.8,1824,351
0.8,1825,342
0.8,1826,346
0.8,1827,353
0.8,1828,351
0.8,1829,349
0.8,1830,344
0.8,1831,343
0.8,1832,351
0.8,1833,344
0.8,1834,349
0.8,1835,341
0.8,1836,349
0.8,1837,355
0.8,1838,352
0.8,1839,350
0.8,1840,345
0.8,1841,350
0.8,1842,347
0.8,1843,343
0.8,1844,359
0.8,1845,353
0.8,1846,359
0.8,1847,355
0.8,1848,345
0.8,1849,345
0.8,1850,344
0.8,1851,347
0.8,1852,357
0.8,1853,360
0.8,1854,349
0.8,1855,349
0.8,1856,350
0.8,1857,350
0.8,1858,359
0.8,1859,359
0.8,1860,364
0.8,1861,368
0.8,1862,368
0.8,1863,357
0.8,1864,362
0.8,1865,366
0.8,1866,366
0.8,1867,379
0.8,1868,357
0.8,1869,364
0.8,1870,366
0.8,1871,369
0.8,1872,365
0.8,1873,363
0.8,1874,367
0.8,1875,375
0.8,1876,372
0.8,1877,368
0.8,1878,359
0.8,1879,356
0.8,1880,355
0.8,1881,353
0.8,1882,358
0.8,1883,353
0.8,1884,354
0.8,1885,361
0.8,1886,360
0.8,1887,363
0.8,1888,366
0.8,1889,358
0.8,1890,363
0.8,1891,365
0.8,1892,363
0.8,1893,381
0.8,1894,354
0.8,1895,363
0.8,1896,361
0.8,1897,365
0.8,1898,370
0.8,1899,359
0.8,1900,357
0.8,1901,365
0.8,1902,362
0.8,1903,365
0.8,1904,363
0.8,1905,370
0.8,1906,362
0.8,1907,367
0.8,1908,366
0.8,1909,359
0.8,1910,360
0.8,1911,350
0.8,1912,350
0.8,1913,355
0.8,1914,360
0.8,1915,352
0.8,1916,343
0.8,1917,348
0.8,1918,344
0.8,1919,340
0.8,1920,342
0.8,1921,354
0.8,1922,349
0.8,1923,353
0.8,1924,339
0.8,1925,341
0.8,1926,337
0.8,1927,341
0.8,1928,341
0.8,1929,343
0.8,1930,336
0.8,1931,341
0.8,1932,341
0.8,1933,334
0.8,1934,337
0.8,1935,332
0.8,1936,331
0.8,1937,334
0.8,1938,335
0.8,1939,337
0.8,1940,339
0.8,1941,333
0.8,1942,335
0.8,1943,340
0.8,1944,341
0.8,1945,344
0.8,1946,347
0.8,1947,356
0.8,1948,352
0.8,1949,359
0.8,1950,361
0.8,1951,373
0.8,1952,366
0.8,1953,369
0.8,1954,369
0.8,1955,379
0.8,1956,378
0.8,1957,380
0.8,1958,370
0.8,1959,379
0.8,1960,378
0.8,1961,381
0.8,1962,379
0.8,1963,385
0.8,1964,384
0.8,1965,387
0.8,1966,385
0.8,1967,386
0.8,1968,372
0.8,1969,365
0.8,1970,362
0.8,1971,361
0.8,1972,355
0.8,1973,353
0.8,1974,356
0.8,1975,351
0.8,1976,345
0.8,1977,350
0.8,1978,352
0.8,1979,343
0.8,1980,349
0.8,1981,350
0.8,1982,355
0.8,1983,351
0.8,1984,351
0.8,1985,343
0.8,1986,345
0.8,1987,347
0.8,1988,345
0.8,1989,350
0.8,1990,350
0.8,1991,354
0.8,1992,351
0.8,1993,359
0.8,1994,363
0.8,1995,364
0.8,1996,361
0.8,1997,359
0.8,1998,356
0.8,1999,356
0.8,2000,362
0.8,2001,361
0.8,2002,356
0.8,2003,358
0.8,2004,353
0.8,2005,356
0.8,2006,348
0.8,2007,355
0.8,2008,352
0.8,2009,358
0.8,2010,354
0.8,2011,361
0.8,2012,355
0.8,2013,362
0.8,2014,364
0.8,2015,373
0.8,2016,366
0.8,2017,359
0.8,2018,366
0.8,2019,367
0.8,2020,374
0.8,2021,367
0.8,2022,356
0.8,2023,357
0.8,2024,351
0.8,2025,352
0.8,2026,346
0.8,2027,349
0.8,2028,345
0.8,2029,348
0.8,2030,354
0.8,2031,353
0.8,2032,362
0.8,2033,361
0.8,2034,362
0.8,2035,354
0.8,2036,360
0.8,2037,359
0.8,2038,362
0.8,2039,358
0.8,2040,353
0.8,2041,360
0.8,2042,340
0.8,2043,345
0.8,2044,344
0.8,2045,349
0.8,2046,347
0.8,2047,352
0.8,2048,347
0.8,2049,346
0.8,2050,343
0.8,2051,344
0.8,2052,346
0.8,2053,345
0.8,2054,352
0.8,2055,342
0.8,2056,340
0.8,2057,341
0.8,2058,341
0.8,2059,343
0.8,2060,354
0.8,2061,338
0.8,2062,342
0.8,2063,342
0.8,2064,355
0.8,2065,353
0.8,2066,342
0.8,2067,347
0.8,2068,343
0.8,2069,349
0.8,2070,354
0.8,2071,355
0.8,2072,360
0.8,2073,359
0.8,2074,366
0.8,2075,360
0.8,2076,367
0.8,2077,360
0.8,2078,366
0.8,2079,359
0.8,2080,362
0.8,2081,365
0.8,2082,363
0.8,2083,364
0.8,2084,375
0.8,2085,372
0.8,2086,376
0.8,2087,376
0.8,2088,385
0.8,2089,382
0.8,2090,385
0.8,2091,370
0.8,2092,376
0.8,2093,377
0.8,2094,382
0.8,2095,385
0.8,2096,379
0.8,2097,395
0.8,2098,392
0.8,2099,385
0.8,2100,380
0.8,2101,393
0.8,2102,384
0.8,2103,386
0.8,2104,387
0.8,2105,398
0.8,2106,390
0.8,2107,378
0.8,2108,382
0.8,2109,376
0.8,2110,376
0.8,2111,378
0.8,2112,382
0.8,2113,393
0.8,2114,407
0.8,2115,401
0.8,2116,402
0.8,2117,398
0.8,2118,400
0.8,2119,413
0.8,2120,409
0.8,2121,421
0.8,2122,429
0.8,2123,417
0.8,2124,403
0.8,2125,408
0.8,2126,403
0.8,2127,412
0.8,2128,412
0.8,2129,416
0.8,2130,413
0.8,2131,397
0.8,2132,403
0.8,2133,405
0.8,2134,411
0.8,2135,415
0.8,2136,420
0.8,2137,422
0.8,2138,420
0.8,2139,454
0.8,2140,443
0.8,2141,450
0.8,2142,445
0.8,2143,432
0.8,2144,441
0.8,2145,427
0.8,2146,434
0.8,2147,433
0.8,2148,426
0.8,2149,444
0.8,2150,443
0.8,2151,450
0.8,2152,446
0.8,2153,451
0.8,2154,444
0.8,2155,478
0.8,2156,453
0.8,2157,459
0.8,2158,445
0.8,2159,451
0.8,2160,445
0.8,2161,463
0.8,2162,439
0.8,2163,430
0.8,2164,423
0.8,2165,424
0.8,2166,437
0.8,2167,429
0.8,2168,426
0.8,2169,435
0.8,2170,434
0.8,2171,443
0.8,2172,433
0.8,2173,426
0.8,2174,417
0.8,2175,423
0.8,2176,422
0.8,2177,418
0.8,2178,416
0.8,2179,413
0.8,2180,432
0.8,2181,414
0.8,2182,421
0.8,2183,421
0.8,2184,426
0.8,2185,414
0.8,2186,429
0.8,2187,422
0.8,2188,421
0.8,2189,409
0.8,2190,419
0.8,2191,397
0.8,2192,404
0.8,2193,398
0.8,2194,404
0.8,2195,402
0.8,2196,400
0.8,2197,405
0.8,2198,397
0.8,2199,398
0.8,2200,396
0.8,2201,393
0.8,2202,402
0.8,2203,388
0.8,2204,396
0.8,2205,381
0.8,2206,384
0.8,2207,382
0.8,2208,377
0.8,2209,378
0.8,2210,367
0.8,2211,371
0.8,2212,375
0.8,2213,378
0.8,2214,382
0.8,2215,381
0.8,2216,372
0.8,2217,376
0.8,2218,375
0.8,2219,370
0.8,2220,380
0.8,2221,383
0.8,2222,385
0.8,2223,394
0.8,2224,388
0.8,2225,372
0.8,2226,376
0.8,2227,356
0.8,2228,356
0.8,2229,354
0.8,2230,354
0.8,2231,357
0.8,2232,366
0.8,2233,356
0.8,2234,360
0.8,2235,357
0.8,2236,366
0.8,2237,368
0.8,2238,383
0.8,2239,359
0.8,2240,368
0.8,2241,375
0.8,2242,364
0.8,2243,355
0.8,2244,355
0.8,2245,352
0.8,2246,352
0.8,2247,348
0.8,2248,357
0.8,2249,357
0.8,2250,359
0.8,2251,356
0.8,2252,375
0.8,2253,364
0.8,2254,349
0.8,2255,345
0.8,2256,342
0.8,2257,343
0.8,2258,340
0.8,2259,336
0.8,2260,341
0.8,2261,343
0.8,2262,335
0.8,2263,329
0.8,2264,333
0.8,2265,333
0.8,2266,341
0.8,2267,341
0.8,2268,356
0.8,2269,343
0.8,2270,345
0.8,2271,349
0.8,2272,339
0.8,2273,333
0.8,2274,329
0.8,2275,333
0.8,2276,333
0.8,2277,333
