density,generation,population
0.05,0,825
0.05,1,104
0.05,2,58
0.05,3,59
0.05,4,58
0.05,5,59
0.05,6,60
0.05,7,58
0.05,8,68
0.05,9,62
0.05,10,78
0.05,11,70
0.05,12,86
0.05,13,78
0.05,14,86
0.05,15,90
0.05,16,102
0.05,17,66
0.05,18,70
0.05,19,70
0.05,20,70
0.05,21,70
0.1,0,1669
0.1,1,753
0.1,2,615
0.1,3,607
0.1,4,621
0.1,5,629
0.1,6,657
0.1,7,679
0.1,8,710
0.1,9,728
0.1,10,752
0.1,11,711
0.1,12,753
0.1,13,799
0.1,14,776
0.1,15,751
0.1,16,823
0.1,17,798
0.1,18,870
0.1,19,818
0.1,20,851
0.1,21,822
0.1,22,848
0.1,23,832
0.1,24,882
0.1,25,852
0.1,26,850
0.1,27,889
0.1,28,937
0.1,29,912
0.1,30,921
0.1,31,893
0.1,32,937
0.1,33,976
0.1,34,1004
0.1,35,981
0.1,36,1012
0.1,37,1034
0.1,38,1041
0.1,39,992
0.1,40,986
0.1,41,982
0.1,42,1023
0.1,43,1032
0.1,44,1061
0.1,45,1077
0.1,46,1053
0.1,47,1047
0.1,48,1048
0.1,49,1033
0.1,50,1037
0.1,51,994
0.1,52,1002
0.1,53,975
0.1,54,1031
0.1,55,1018
0.1,56,1000
0.1,57,1056
0.1,58,980
0.1,59,965
0.1,60,971
0.1,61,998
0.1,62,1022
0.1,63,1011
0.1,64,1006
0.1,65,1027
0.1,66,1037
0.1,67,1008
0.1,68,988
0.1,69,1020
0.1,70,991
0.1,71,980
0.1,72,976
0.1,73,1003
0.1,74,978
0.1,75,977
0.1,76,1019
0.1,77,1019
0.1,78,1015
0.1,79,1005
0.1,80,1039
0.1,81,1024
0.1,82,1024
0.1,83,995
0.1,84,1022
0.1,85,993
0.1,86,999
0.1,87,1028
0.1,88,1044
0.1,89,1020
0.1,90,971
0.1,91,995
0.1,92,996
0.1,93,972
0.1,94,916
0.1,95,952
0.1,96,954
0.1,97,991
0.1,98,958
0.1,99,937
0.1,100,924
0.1,101,946
0.1,102,928
0.1,103,946
0.1,104,955
0.1,105,970
0.1,106,934
0.1,107,961
0.1,108,941
0.1,109,971
0.1,110,946
0.1,111,997
0.1,112,1010
0.1,113,1015
0.1,114,1024
0.1,115,1014
0.1,116,1045
0.1,117,993
0.1,118,1007
0.1,119,988
0.1,120,953
0.1,121,942
0.1,122,953
0.1,123,901
0.1,124,882
0.1,125,864
0.1,126,899
0.1,127,895
0.1,128,935
0.1,129,945
0.1,130,954
0.1,131,992
0.1,132,975
0.1,133,1018
0.1,134,1001
0.1,135,1028
0.1,136,1013
0.1,137,1044
0.1,138,1025
0.1,139,1068
0.1,140,990
0.1,141,1022
0.1,142,1047
0.1,143,1047
0.1,144,996
0.1,145,1017
0.1,146,1023
0.1,147,1022
0.1,148,1013
0.1,149,1017
0.1,150,1017
0.1,151,970
0.1,152,931
0.1,153,992
0.1,154,939
0.1,155,1003
0.1,156,988
0.1,157,994
0.1,158,988
0.1,159,984
0.1,160,946
0.1,161,934
0.1,162,887
0.1,163,885
0.1,164,886
0.1,165,906
0.1,166,922
0.1,167,848
0.1,168,875
0.1,169,890
0.1,170,853
0.1,171,851
0.1,172,837
0.1,173,811
0.1,174,814
0.1,175,811
0.1,176,780
0.1,177,792
0.1,178,826
0.1,179,838
0.1,180,869
0.1,181,829
0.1,182,812
0.1,183,798
0.1,184,807
0.1,185,833
0.1,186,844
0.1,187,863
0.1,188,820
0.1,189,870
0.1,190,802
0.1,191,826
0.1,192,795
0.1,193,826
0.1,194,806
0.1,195,827
0.1,196,816
0.1,197,866
0.1,198,824
0.1,199,818
0.1,200,805
0.1,201,817
0.1,202,789
0.1,203,823
0.1,204,791
0.1,205,808
0.1,206,779
0.1,207,819
0.1,208,787
0.1,209,795
0.1,210,821
0.1,211,749
0.1,212,782
0.1,213,775
0.1,214,775
0.1,215,777
0.1,216,788
0.1,217,803
0.1,218,776
0.1,219,797
0.1,220,769
0.1,221,783
0.1,222,795
0.1,223,823
0.1,224,839
0.1,225,862
0.1,226,879
0.1,227,892
0.1,228,867
0.1,229,819
0.1,230,794
0.1,231,791
0.1,232,825
0.1,233,795
0.1,234,825
0.1,235,784
0.1,236,797
0.1,237,780
0.1,238,792
0.1,239,791
0.1,240,828
0.1,241,808
0.1,242,790
0.1,243,828
0.1,244,813
0.1,245,811
0.1,246,774
0.1,247,793
0.1,248,744
0.1,249,766
0.1,250,766
0.1,251,777
0.1,252,742
0.1,253,737
0.1,254,772
0.1,255,746
0.1,256,796
0.1,257,797
0.1,258,835
0.1,259,835
0.1,260,878
0.1,261,801
0.1,262,821
0.1,263,824
0.1,264,844
0.1,265,803
0.1,266,844
0.1,267,843
0.1,268,862
0.1,269,805
0.1,270,831
0.1,271,826
0.1,272,819
0.1,273,794
0.1,274,770
0.1,275,786
0.1,276,777
0.1,277,788
0.1,278,815
0.1,279,822
0.1,280,786
0.1,281,832
0.1,282,809
0.1,283,801
0.1,284,792
0.1,285,824
0.1,286,808
0.1,287,839
0.1,288,825
0.1,289,824
0.1,290,854
0.1,291,817
0.1,292,819
0.1,293,762
0.1,294,759
0.1,295,765
0.1,296,774
0.1,297,795
0.1,298,796
0.1,299,793
0.1,300,816
0.1,301,805
0.1,302,832
0.1,303,766
0.1,304,779
0.1,305,768
0.1,306,782
0.1,307,783
0.1,308,819
0.1,309,844
0.1,310,849
0.1,311,864
0.1,312,826
0.1,313,839
0.1,314,810
0.1,315,840
0.1,316,851
0.1,317,831
0.1,318,843
0.1,319,813
0.1,320,854
0.1,321,828
0.1,322,853
0.1,323,809
0.1,324,832
0.1,325,808
0.1,326,812
0.1,327,843
0.1,328,867
0.1,329,852
0.1,330,823
0.1,331,844
0.1,332,816
0.1,333,852
0.1,334,858
0.1,335,830
0.1,336,836
0.1,337,895
0.1,338,886
0.1,339,867
0.1,340,883
0.1,341,858
0.1,342,893
0.1,343,832
0.1,344,874
0.1,345,877
0.1,346,910
0.1,347,861
0.1,348,893
0.1,349,845
0.1,350,868
0.1,351,834
0.1,352,828
0.1,353,828
0.1,354,856
0.1,355,810
0.1,356,826
0.1,357,794
0.1,358,796
0.1,359,795
0.1,360,812
0.1,361,804
0.1,362,811
0.1,363,818
0.1,364,784
0.1,365,803
0.1,366,791
0.1,367,834
0.1,368,792
0.1,369,829
0.1,370,776
0.1,371,850
0.1,372,789
0.1,373,856
0.1,374,830
0.1,375,842
0.1,376,822
0.1,377,849
0.1,378,794
0.1,379,804
0.1,380,763
0.1,381,770
0.1,382,774
0.1,383,783
0.1,384,806
0.1,385,804
0.1,386,787
0.1,387,779
0.1,388,810
0.1,389,794
0.1,390,828
0.1,391,813
0.1,392,836
0.1,393,814
0.1,394,807
0.1,395,771
0.1,396,796
0.1,397,784
0.1,398,793
0.1,399,793
0.1,400,803
0.1,401,819
0.1,402,817
0.1,403,808
0.1,404,840
0.1,405,830
0.1,406,835
0.1,407,823
0.1,408,811
0.1,409,850
0.1,410,820
0.1,411,841
0.1,412,840
0.1,413,848
0.1,414,824
0.1,415,850
0.1,416,832
0.1,417,811
0.1,418,840
0.1,419,813
0.1,420,806
0.1,421,799
0.1,422,784
0.1,423,800
0.1,424,808
0.1,425,813
0.1,426,778
0.1,427,769
0.1,428,757
0.1,429,770
0.1,430,749
0.1,431,762
0.1,432,760
0.1,433,767
0.1,434,789
0.1,435,806
0.1,436,804
0.1,437,812
0.1,438,800
0.1,439,812
0.1,440,847
0.1,441,811
0.1,442,823
0.1,443,804
0.1,444,798
0.1,445,803
0.1,446,808
0.1,447,814
0.1,448,824
0.1,449,840
0.1,450,835
0.1,451,842
0.1,452,841
0.1,453,826
0.1,454,820
0.1,455,857
0.1,456,863
0.1,457,862
0.1,458,857
0.1,459,833
0.1,460,866
0.1,461,869
0.1,462,887
0.1,463,885
0.1,464,898
0.1,465,866
0.1,466,882
0.1,467,906
0.1,468,932
0.1,469,887
0.1,470,896
0.1,471,893
0.1,472,918
0.1,473,891
0.1,474,906
0.1,475,904
0.1,476,890
0.1,477,894
0.1,478,902
0.1,479,891
0.1,480,888
0.1,481,845
0.1,482,893
0.1,483,826
0.1,484,817
0.1,485,814
0.1,486,826
0.1,487,818
0.1,488,816
0.1,489,795
0.1,490,818
0.1,491,779
0.1,492,805
0.1,493,825
0.1,494,843
0.1,495,832
0.1,496,820
0.1,497,806
0.1,498,789
0.1,499,771
0.1,500,812
0.1,501,836
0.1,502,815
0.1,503,802
0.1,504,808
0.1,505,792
0.1,506,781
0.1,507,777
0.1,508,768
0.1,509,777
0.1,510,762
0.1,511,743
0.1,512,761
0.1,513,754
0.1,514,754
0.1,515,773
0.1,516,733
0.1,517,704
0.1,518,719
0.1,519,713
0.1,520,735
0.1,521,727
0.1,522,720
0.1,523,729
0.1,524,746
0.1,525,744
0.1,526,757
0.1,527,752
0.1,528,753
0.1,529,777
0.1,530,784
0.1,531,804
0.1,532,811
0.1,533,767
0.1,534,789
0.1,535,749
0.1,536,778
0.1,537,755
0.1,538,742
0.1,539,753
0.1,540,773
0.1,541,740
0.1,542,741
0.1,543,721
0.1,544,737
0.1,545,693
0.1,546,721
0.1,547,704
0.1,548,713
0.1,549,699
0.1,550,721
0.1,551,745
0.1,552,715
0.1,553,748
0.1,554,755
0.1,555,746
0.1,556,715
0.1,557,718
0.1,558,719
0.1,559,700
0.1,560,744
0.1,561,732
0.1,562,763
0.1,563,747
0.1,564,721
0.1,565,711
0.1,566,688
0.1,567,706
0.1,568,698
0.1,569,710
0.1,570,702
0.1,571,685
0.1,572,695
0.1,573,709
0.1,574,707
0.1,575,692
0.1,576,703
0.1,577,710
0.1,578,694
0.1,579,711
0.1,580,697
0.1,581,677
0.1,582,695
0.1,583,675
0.1,584,691
0.1,585,662
0.1,586,665
0.1,587,659
0.1,588,696
0.1,589,665
0.1,590,681
0.1,591,672
0.1,592,674
0.1,593,671
0.1,594,644
0.1,595,639
0.1,596,619
0.1,597,641
0.1,598,640
0.1,599,627
0.1,600,667
0.1,601,651
0.1,602,670
0.1,603,639
0.1,604,662
0.1,605,652
0.1,606,658
0.1,607,646
0.1,608,644
0.1,609,684
0.1,610,657
0.1,611,690
0.1,612,674
0.1,613,671
0.1,614,683
0.1,615,660
0.1,616,670
0.1,617,687
0.1,618,686
0.1,619,686
0.1,620,674
0.1,621,677
0.1,622,671
0.1,623,680
0.1,624,678
0.1,625,691
0.1,626,669
0.1,627,684
0.1,628,696
0.1,629,702
0.1,630,706
0.1,631,690
0.1,632,715
0.1,633,715
0.1,634,757
0.1,635,734
0.1,636,741
0.1,637,729
0.1,638,735
0.1,639,730
0.1,640,714
0.1,641,745
0.1,642,736
0.1,643,772
0.1,644,714
0.1,645,720
0.1,646,724
0.1,647,717
0.1,648,705
0.1,649,724
0.1,650,726
0.1,651,710
0.1,652,667
0.1,653,675
0.1,654,678
0.1,655,685
0.1,656,674
0.1,657,680
0.1,658,687
0.1,659,683
0.1,660,708
0.1,661,727
0.1,662,692
0.1,663,684
0.1,664,655
0.1,665,653
0.1,666,648
0.1,667,658
0.1,668,636
0.1,669,662
0.1,670,657
0.1,671,673
0.1,672,687
0.1,673,671
0.1,674,652
0.1,675,666
0.1,676,667
0.1,677,675
0.1,678,722
0.1,679,699
0.1,680,722
0.1,681,727
0.1,682,705
0.1,683,707
0.1,684,738
0.1,685,707
0.1,686,707
0.1,687,723
0.1,688,728
0.1,689,690
0.1,690,694
0.1,691,709
0.1,692,679
0.1,693,697
0.1,694,691
0.1,695,698
0.1,696,686
0.1,697,678
0.1,698,691
0.1,699,684
0.1,700,716
0.1,701,712
0.1,702,714
0.1,703,726
0.1,704,730
0.1,705,719
0.1,706,717
0.1,707,703
0.1,708,713
0.1,709,718
0.1,710,746
0.1,711,734
0.1,712,758
0.1,713,755
0.1,714,748
0.1,715,740
0.1,716,776
0.1,717,767
0.1,718,767
0.1,719,805
0.1,720,804
0.1,721,805
0.1,722,780
0.1,723,765
0.1,724,763
0.1,725,757
0.1,726,792
0.1,727,785
0.1,728,768
0.1,729,810
0.1,730,776
0.1,731,782
0.1,732,771
0.1,733,770
0.1,734,781
0.1,735,802
0.1,736,824
0.1,737,822
0.1,738,873
0.1,739,876
0.1,740,893
0.1,741,831
0.1,742,861
0.1,743,835
0.1,744,832
0.1,745,827
0.1,746,797
0.1,747,784
0.1,748,803
0.1,749,767
0.1,750,781
0.1,751,761
0.1,752,755
0.1,753,789
0.1,754,745
0.1,755,748
0.1,756,762
0.1,757,766
0.1,758,776
0.1,759,774
0.1,760,766
0.1,761,777
0.1,762,776
0.1,763,803
0.1,764,802
0.1,765,838
0.1,766,812
0.1,767,837
0.1,768,812
0.1,769,812
0.1,770,811
0.1,771,816
0.1,772,838
0.1,773,868
0.1,774,851
0.1,775,859
0.1,776,856
0.1,777,842
0.1,778,824
0.1,779,824
0.1,780,852
0.1,781,846
0.1,782,862
0.1,783,801
0.1,784,793
0.1,785,788
0.1,786,758
0.1,787,771
0.1,788,769
0.1,789,759
0.1,790,757
0.1,791,752
0.1,792,742
0.1,793,722
0.1,794,693
0.1,795,698
0.1,796,693
0.1,797,690
0.1,798,669
0.1,799,684
0.1,800,657
0.1,801,669
0.1,802,671
0.1,803,688
0.1,804,665
0.1,805,670
0.1,806,648
0.1,807,643
0.1,808,658
0.1,809,642
0.1,810,664
0.1,811,650
0.1,812,669
0.1,813,688
0.1,814,676
0.1,815,710
0.1,816,708
0.1,817,695
0.1,818,690
0.1,819,705
0.1,820,702
0.1,821,702
0.1,822,697
0.1,823,724
0.1,824,702
0.1,825,741
0.1,826,714
0.1,827,739
0.1,828,726
0.1,829,727
0.1,830,742
0.1,831,724
0.1,832,727
0.1,833,738
0.1,834,746
0.1,835,761
0.1,836,754
0.1,837,764
0.1,838,739
0.1,839,739
0.1,840,712
0.1,841,715
0.1,842,707
0.1,843,695
0.1,844,683
0.1,845,672
0.1,846,661
0.1,847,664
0.1,848,684
0.1,849,677
0.1,850,698
0.1,851,675
0.1,852,685
0.1,853,705
0.1,854,707
0.1,855,696
0.1,856,682
0.1,857,676
0.1,858,675
0.1,859,682
0.1,860,673
0.1,861,691
0.1,862,677
0.1,863,695
0.1,864,675
0.1,865,728
0.1,866,701
0.1,867,711
0.1,868,714
0.1,869,743
0.1,870,756
0.1,871,795
0.1,872,714
0.1,873,701
0.1,874,714
0.1,875,690
0.1,876,701
0.1,877,696
0.1,878,697
0.1,879,706
0.1,880,712
0.1,881,703
0.1,882,698
0.1,883,700
0.1,884,703
0.1,885,701
0.1,886,721
0.1,887,685
0.1,888,700
0.1,889,690
0.1,890,701
0.1,891,693
0.1,892,696
0.1,893,695
0.1,894,729
0.1,895,727
0.1,896,766
0.1,897,751
0.1,898,745
0.1,899,766
0.1,900,763
0.1,901,770
0.1,902,769
0.1,903,790
0.1,904,764
0.1,905,779
0.1,906,787
0.1,907,762
0.1,908,789
0.1,909,775
0.1,910,768
0.1,911,767
0.1,912,755
0.1,913,770
0.1,914,796
0.1,915,775
0.1,916,753
0.1,917,739
0.1,918,746
0.1,919,745
0.1,920,770
0.1,921,749
0.1,922,745
0.1,923,740
0.1,924,725
0.1,925,739
0.1,926,718
0.1,927,717
0.1,928,719
0.1,929,723
0.1,930,722
0.1,931,735
0.1,932,742
0.1,933,724
0.1,934,678
0.1,935,693
0.1,936,676
0.1,937,686
0.1,938,690
0.1,939,674
0.1,940,668
0.1,941,665
0.1,942,666
0.1,943,676
0.1,944,657
0.1,945,667
0.1,946,676
0.1,947,696
0.1,948,711
0.1,949,688
0.1,950,691
0.1,951,682
0.1,952,666
0.1,953,670
0.1,954,648
0.1,955,672
0.1,956,641
0.1,957,657
0.1,958,646
0.1,959,658
0.1,960,666
0.1,961,668
0.1,962,667
0.1,963,691
0.1,964,671
0.1,965,664
0.1,966,663
0.1,967,667
0.1,968,653
0.1,969,664
0.1,970,660
0.1,971,675
0.1,972,688
0.1,973,708
0.1,974,702
0.1,975,725
0.1,976,678
0.1,977,683
0.1,978,685
0.1,979,690
0.1,980,685
0.1,981,679
0.1,982,670
0.1,983,680
0.1,984,672
0.1,985,679
0.1,986,678
0.1,987,685
0.1,988,672
0.1,989,685
0.1,990,683
0.1,991,679
0.1,992,697
0.1,993,689
0.1,994,709
0.1,995,709
0.1,996,704
0.1,997,683
0.1,998,702
0.1,999,689
0.1,1000,663
0.1,1001,656
0.1,1002,643
0.1,1003,639
0.1,1004,656
0.1,1005,648
0.1,1006,660
0.1,1007,667
0.1,1008,673
0.1,1009,708
0.1,1010,690
0.1,1011,705
0.1,1012,721
0.1,1013,717
0.1,1014,705
0.1,1015,691
0.1,1016,685
0.1,1017,689
0.1,1018,681
0.1,1019,676
0.1,1020,696
0.1,1021,697
0.1,1022,709
0.1,1023,703
0.1,1024,696
0.1,1025,683
0.1,1026,683
0.1,1027,690
0.1,1028,680
0.1,1029,697
0.1,1030,691
0.1,1031,678
0.1,1032,682
0.1,1033,698
0.1,1034,676
0.1,1035,682
0.1,1036,691
0.1,1037,675
0.1,1038,665
0.1,1039,670
0.1,1040,676
0.1,1041,704
0.1,1042,707
0.1,1043,712
0.1,1044,701
0.1,1045,691
0.1,1046,663
0.1,1047,648
0.1,1048,649
0.1,1049,650
0.1,1050,644
0.1,1051,646
0.1,1052,672
0.1,1053,641
0.1,1054,664
0.1,1055,658
0.1,1056,668
0.1,1057,661
0.1,1058,670
0.1,1059,651
0.1,1060,646
0.1,1061,633
0.1,1062,640
0.1,1063,665
0.1,1064,651
0.1,1065,656
0.1,1066,642
0.1,1067,639
0.1,1068,639
0.1,1069,645
0.1,1070,680
0.1,1071,666
0.1,1072,687
0.1,1073,695
0.1,1074,721
0.1,1075,714
0.1,1076,731
0.1,1077,726
0.1,1078,714
0.1,1079,713
0.1,1080,715
0.1,1081,709
0.1,1082,691
0.1,1083,710
0.1,1084,703
0.1,1085,722
0.1,1086,726
0.1,1087,726
0.1,1088,719
0.1,1089,729
0.1,1090,744
0.1,1091,743
0.1,1092,753
0.1,1093,741
0.1,1094,762
0.1,1095,732
0.1,1096,729
0.1,1097,728
0.1,1098,733
0.1,1099,740
0.1,1100,756
0.1,1101,734
0.1,1102,734
0.1,1103,731
0.1,1104,746
0.1,1105,765
0.1,1106,774
0.1,1107,773
0.1,1108,758
0.1,1109,756
0.1,1110,771
0.1,1111,765
0.1,1112,776
0.1,1113,758
0.1,1114,752
0.1,1115,761
0.1,1116,761
0.1,1117,742
0.1,1118,757
0.1,1119,723
0.1,1120,737
0.1,1121,708
0.1,1122,712
0.1,1123,722
0.1,1124,730
0.1,1125,718
0.1,1126,709
0.1,1127,701
0.1,1128,708
0.1,1129,686
0.1,1130,703
0.1,1131,679
0.1,1132,673
0.1,1133,668
0.1,1134,674
0.1,1135,654
0.1,1136,684
0.1,1137,681
0.1,1138,688
0.1,1139,684
0.1,1140,699
0.1,1141,698
0.1,1142,732
0.1,1143,718
0.1,1144,726
0.1,1145,731
0.1,1146,744
0.1,1147,745
0.1,1148,755
0.1,1149,734
0.1,1150,748
0.1,1151,714
0.1,1152,735
0.1,1153,719
0.1,1154,720
0.1,1155,718
0.1,1156,710
0.1,1157,722
0.1,1158,718
0.1,1159,730
0.1,1160,707
0.1,1161,711
0.1,1162,710
0.1,1163,708
0.1,1164,701
0.1,1165,710
0.1,1166,723
0.1,1167,721
0.1,1168,739
0.1,1169,737
0.1,1170,731
0.1,1171,758
0.1,1172,743
0.1,1173,731
0.1,1174,735
0.1,1175,743
0.1,1176,746
0.1,1177,751
0.1,1178,755
0.1,1179,778
0.1,1180,773
0.1,1181,761
0.1,1182,774
0.1,1183,777
0.1,1184,780
0.1,1185,784
0.1,1186,787
0.1,1187,791
0.1,1188,782
0.1,1189,793
0.1,1190,775
0.1,1191,787
0.1,1192,779
0.1,1193,744
0.1,1194,755
0.1,1195,733
0.1,1196,775
0.1,1197,722
0.1,1198,706
0.1,1199,687
0.1,1200,662
0.1,1201,660
0.1,1202,677
0.1,1203,635
0.1,1204,651
0.1,1205,637
0.1,1206,648
0.1,1207,637
0.1,1208,625
0.1,1209,612
0.1,1210,624
0.1,1211,619
0.1,1212,626
0.1,1213,605
0.1,1214,625
0.1,1215,591
0.1,1216,595
0.1,1217,572
0.1,1218,582
0.1,1219,577
0.1,1220,564
0.1,1221,577
0.1,1222,580
0.1,1223,591
0.1,1224,588
0.1,1225,596
0.1,1226,589
0.1,1227,598
0.1,1228,606
0.1,1229,615
0.1,1230,597
0.1,1231,613
0.1,1232,610
0.1,1233,624
0.1,1234,599
0.1,1235,599
0.1,1236,604
0.1,1237,599
0.1,1238,602
0.1,1239,624
0.1,1240,602
0.1,1241,622
0.1,1242,614
0.1,1243,611
0.1,1244,618
0.1,1245,610
0.1,1246,615
0.1,1247,600
0.1,1248,605
0.1,1249,606
0.1,1250,594
0.1,1251,608
0.1,1252,602
0.1,1253,617
0.1,1254,637
0.1,1255,626
0.1,1256,620
0.1,1257,637
0.1,1258,626
0.1,1259,613
0.1,1260,630
0.1,1261,637
0.1,1262,658
0.1,1263,647
0.1,1264,628
0.1,1265,624
0.1,1266,602
0.1,1267,609
0.1,1268,601
0.1,1269,618
0.1,1270,595
0.1,1271,601
0.1,1272,597
0.1,1273,613
0.1,1274,601
0.1,1275,601
0.1,1276,617
0.1,1277,613
0.1,1278,635
0.1,1279,635
0.1,1280,627
0.1,1281,620
0.1,1282,619
0.1,1283,647
0.1,1284,634
0.1,1285,661
0.1,1286,673
0.1,1287,681
0.1,1288,692
0.1,1289,692
0.1,1290,704
0.1,1291,711
0.1,1292,693
0.1,1293,694
0.1,1294,682
0.1,1295,683
0.1,1296,687
0.1,1297,701
0.1,1298,668
0.1,1299,670
0.1,1300,669
0.1,1301,672
0.1,1302,671
0.1,1303,687
0.1,1304,668
0.1,1305,673
0.1,1306,673
0.1,1307,697
0.1,1308,663
0.1,1309,683
0.1,1310,685
0.1,1311,682
0.1,1312,652
0.1,1313,652
0.1,1314,629
0.1,1315,624
0.1,1316,622
0.1,1317,633
0.1,1318,646
0.1,1319,650
0.1,1320,668
0.1,1321,683
0.1,1322,670
0.1,1323,677
0.1,1324,654
0.1,1325,661
0.1,1326,660
0.1,1327,646
0.1,1328,676
0.1,1329,644
0.1,1330,645
0.1,1331,634
0.1,1332,616
0.1,1333,624
0.1,1334,626
0.1,1335,610
0.1,1336,611
0.1,1337,615
0.1,1338,609
0.1,1339,625
0.1,1340,605
0.1,1341,600
0.1,1342,595
0.1,1343,580
0.1,1344,576
0.1,1345,580
0.1,1346,584
0.1,1347,592
0.1,1348,589
0.1,1349,592
0.1,1350,598
0.1,1351,605
0.1,1352,614
0.1,1353,611
0.1,1354,620
0.1,1355,624
0.1,1356,636
0.1,1357,612
0.1,1358,606
0.1,1359,606
0.1,1360,610
0.1,1361,593
0.1,1362,584
0.1,1363,575
0.1,1364,560
0.1,1365,541
0.1,1366,537
0.1,1367,541
0.1,1368,552
0.1,1369,551
0.1,1370,553
0.1,1371,564
0.1,1372,558
0.1,1373,557
0.1,1374,560
0.1,1375,557
0.1,1376,547
0.1,1377,561
0.1,1378,565
0.1,1379,559
0.1,1380,566
0.1,1381,566
0.1,1382,586
0.1,1383,557
0.1,1384,580
0.1,1385,561
0.1,1386,573
0.1,1387,563
0.1,1388,564
0.1,1389,562
0.1,1390,575
0.1,1391,557
0.1,1392,561
0.1,1393,559
0.1,1394,561
0.1,1395,556
0.1,1396,569
0.1,1397,556
0.1,1398,567
0.1,1399,575
0.1,1400,566
0.1,1401,557
0.1,1402,570
0.1,1403,560
0.1,1404,572
0.1,1405,575
0.1,1406,567
0.1,1407,573
0.1,1408,582
0.1,1409,578
0.1,1410,597
0.1,1411,578
0.1,1412,578
0.1,1413,579
0.1,1414,582
0.1,1415,595
0.1,1416,585
0.1,1417,598
0.1,1418,612
0.1,1419,603
0.1,1420,609
0.1,1421,614
0.1,1422,598
0.1,1423,601
0.1,1424,589
0.1,1425,595
0.1,1426,600
0.1,1427,637
0.1,1428,602
0.1,1429,625
0.1,1430,606
0.1,1431,608
0.1,1432,600
0.1,1433,591
0.1,1434,604
0.1,1435,594
0.1,1436,602
0.1,1437,596
0.1,1438,601
0.1,1439,584
0.1,1440,583
0.1,1441,579
0.1,1442,592
0.1,1443,618
0.1,1444,602
0.1,1445,612
0.1,1446,605
0.1,1447,612
0.1,1448,612
0.1,1449,621
0.1,1450,595
0.1,1451,595
0.1,1452,601
0.1,1453,593
0.1,1454,585
0.1,1455,594
0.1,1456,598
0.1,1457,587
0.1,1458,592
0.1,1459,599
0.1,1460,579
0.1,1461,565
0.1,1462,550
0.1,1463,544
0.1,1464,538
0.1,1465,547
0.1,1466,556
0.1,1467,561
0.1,1468,557
0.1,1469,548
0.1,1470,542
0.1,1471,547
0.1,1472,529
0.1,1473,531
0.1,1474,541
0.1,1475,535
0.1,1476,540
0.1,1477,535
0.1,1478,554
0.1,1479,553
0.1,1480,576
0.1,1481,570
0.1,1482,584
0.1,1483,581
0.1,1484,590
0.1,1485,608
0.1,1486,595
0.1,1487,624
0.1,1488,612
0.1,1489,602
0.1,1490,593
0.1,1491,586
0.1,1492,581
0.1,1493,579
0.1,1494,577
0.1,1495,574
0.1,1496,587
0.1,1497,584
0.1,1498,596
0.1,1499,594
0.1,1500,603
0.1,1501,598
0.1,1502,591
0.1,1503,584
0.1,1504,570
0.1,1505,564
0.1,1506,573
0.1,1507,574
0.1,1508,577
0.1,1509,590
0.1,1510,546
0.1,1511,540
0.1,1512,537
0.1,1513,544
0.1,1514,540
0.1,1515,554
0.1,1516,539
0.1,1517,540
0.1,1518,536
0.1,1519,529
0.1,1520,537
0.1,1521,523
0.1,1522,526
0.1,1523,529
0.1,1524,530
0.1,1525,533
0.1,1526,531
0.1,1527,539
0.1,1528,532
0.1,1529,532
0.1,1530,544
0.1,1531,545
0.1,1532,545
0.1,1533,553
0.1,1534,554
0.1,1535,558
0.1,1536,552
0.1,1537,560
0.1,1538,561
0.1,1539,549
0.1,1540,556
0.1,1541,554
0.1,1542,583
0.1,1543,573
0.1,1544,585
0.1,1545,565
0.1,1546,562
0.1,1547,565
0.1,1548,559
0.1,1549,566
0.1,1550,567
0.1,1551,580
0.1,1552,597
0.1,1553,593
0.1,1554,586
0.1,1555,561
0.1,1556,555
0.1,1557,557
0.1,1558,552
0.1,1559,545
0.1,1560,557
0.1,1561,562
0.1,1562,580
0.1,1563,541
0.1,1564,557
0.1,1565,537
0.1,1566,542
0.1,1567,531
0.1,1568,537
0.1,1569,529
0.1,1570,521
0.1,1571,526
0.1,1572,519
0.1,1573,518
0.1,1574,521
0.1,1575,520
0.1,1576,523
0.1,1577,506
0.1,1578,512
0.1,1579,516
0.1,1580,516
0.1,1581,516
0.1,1582,518
0.1,1583,509
0.1,1584,519
0.1,1585,510
0.1,1586,514
0.1,1587,506
0.1,1588,531
0.1,1589,512
0.1,1590,519
0.1,1591,513
0.1,1592,510
0.1,1593,517
0.1,1594,522
0.1,1595,536
0.1,1596,523
0.1,1597,535
0.1,1598,529
0.1,1599,526
0.1,1600,536
0.1,1601,529
0.1,1602,525
0.1,1603,532
0.1,1604,531
0.1,1605,546
0.1,1606,541
0.1,1607,535
0.1,1608,538
0.1,1609,535
0.1,1610,528
0.1,1611,558
0.1,1612,555
0.1,1613,578
0.1,1614,554
0.1,1615,550
0.1,1616,555
0.1,1617,554
0.1,1618,552
0.1,1619,558
0.1,1620,544
0.1,1621,550
0.1,1622,554
0.1,1623,550
0.1,1624,562
0.1,1625,558
0.1,1626,537
0.1,1627,536
0.1,1628,529
0.1,1629,538
0.1,1630,529
0.1,1631,523
0.1,1632,517
0.1,1633,530
0.1,1634,527
0.1,1635,525
0.1,1636,531
0.1,1637,538
0.1,1638,535
0.1,1639,534
0.1,1640,538
0.1,1641,532
0.1,1642,534
0.1,1643,532
0.1,1644,551
0.1,1645,535
0.1,1646,551
0.1,1647,543
0.1,1648,544
0.1,1649,535
0.1,1650,535
0.1,1651,512
0.1,1652,506
0.1,1653,511
0.1,1654,515
0.1,1655,532
0.1,1656,515
0.1,1657,517
0.1,1658,510
0.1,1659,520
0.1,1660,522
0.1,1661,524
0.1,1662,509
0.1,1663,504
0.1,1664,507
0.1,1665,506
0.1,1666,516
0.1,1667,509
0.1,1668,522
0.1,1669,513
0.1,1670,509
0.1,1671,513
0.1,1672,516
0.1,1673,522
0.1,1674,515
0.1,1675,514
0.1,1676,525
0.1,1677,523
0.1,1678,515
0.1,1679,523
0.1,1680,521
0.1,1681,522
0.1,1682,538
0.1,1683,529
0.1,1684,549
0.1,1685,514
0.1,1686,526
0.1,1687,521
0.1,1688,518
0.1,1689,519
0.1,1690,516
0.1,1691,527
0.1,1692,518
0.1,1693,520
0.1,1694,510
0.1,1695,511
0.1,1696,511
0.1,1697,514
0.1,1698,514
0.1,1699,530
0.1,1700,517
0.1,1701,525
0.1,1702,524
0.1,1703,526
0.1,1704,523
0.1,1705,518
0.1,1706,522
0.1,1707,519
0.1,1708,525
0.1,1709,513
0.1,1710,516
0.1,1711,519
0.1,1712,534
0.1,1713,522
0.1,1714,542
0.1,1715,534
0.1,1716,547
0.1,1717,539
0.1,1718,528
0.1,1719,517
0.1,1720,517
0.1,1721,512
0.1,1722,513
0.1,1723,499
0.1,1724,511
0.1,1725,499
0.1,1726,504
0.1,1727,500
0.1,1728,504
0.1,1729,511
0.1,1730,518
0.1,1731,521
0.1,1732,518
0.1,1733,519
0.1,1734,528
0.1,1735,520
0.1,1736,528
0.1,1737,524
0.1,1738,522
0.1,1739,519
0.1,1740,512
0.1,1741,521
0.1,1742,521
0.1,1743,516
0.1,1744,512
0.1,1745,512
0.1,1746,497
0.1,1747,493
0.1,1748,479
0.1,1749,473
0.1,1750,471
0.1,1751,473
0.1,1752,469
0.1,1753,468
0.1,1754,469
0.1,1755,468
0.1,1756,466
0.1,1757,465
0.1,1758,463
0.1,1759,463
0.1,1760,463
0.15,0,2515
0.15,1,1976
0.15,2,1641
0.15,3,1741
0.15,4,1625
0.15,5,1678
0.15,6,1566
0.15,7,1586
0.15,8,1588
0.15,9,1609
0.15,10,1613
0.15,11,1639
0.15,12,1690
0.15,13,1601
0.15,14,1696
0.15,15,1670
0.15,16,1677
0.15,17,1687
0.15,18,1702
0.15,19,1561
0.15,20,1677
0.15,21,1583
0.15,22,1644
0.15,23,1601
0.15,24,1706
0.15,25,1664
0.15,26,1739
0.15,27,1756
0.15,28,1724
0.15,29,1766
0.15,30,1719
0.15,31,1745
0.15,32,1665
0.15,33,1592
0.15,34,1573
0.15,35,1556
0.15,36,1568
0.15,37,1498
0.15,38,1508
0.15,39,1569
0.15,40,1513
0.15,41,1512
0.15,42,1502
0.15,43,1527
0.15,44,1483
0.15,45,1516
0.15,46,1504
0.15,47,1429
0.15,48,1415
0.15,49,1386
0.15,50,1378
0.15,51,1336
0.15,52,1358
0.15,53,1339
0.15,54,1375
0.15,55,1328
0.15,56,1354
0.15,57,1349
0.15,58,1400
0.15,59,1408
0.15,60,1416
0.15,61,1442
0.15,62,1469
0.15,63,1472
0.15,64,1455
0.15,65,1454
0.15,66,1474
0.15,67,1454
0.15,68,1463
0.15,69,1477
0.15,70,1433
0.15,71,1419
0.15,72,1411
0.15,73,1423
0.15,74,1402
0.15,75,1456
0.15,76,1433
0.15,77,1431
0.15,78,1427
0.15,79,1404
0.15,80,1410
0.15,81,1426
0.15,82,1416
0.15,83,1442
0.15,84,1407
0.15,85,1413
0.15,86,1400
0.15,87,1390
0.15,88,1423
0.15,89,1465
0.15,90,1450
0.15,91,1398
0.15,92,1439
0.15,93,1389
0.15,94,1339
0.15,95,1295
0.15,96,1259
0.15,97,1265
0.15,98,1330
0.15,99,1295
0.15,100,1374
0.15,101,1339
0.15,102,1355
0.15,103,1354
0.15,104,1369
0.15,105,1399
0.15,106,1404
0.15,107,1387
0.15,108,1390
0.15,109,1366
0.15,110,1389
0.15,111,1343
0.15,112,1323
0.15,113,1318
0.15,114,1285
0.15,115,1296
0.15,116,1302
0.15,117,1300
0.15,118,1310
0.15,119,1255
0.15,120,1328
0.15,121,1331
0.15,122,1289
0.15,123,1329
0.15,124,1284
0.15,125,1276
0.15,126,1338
0.15,127,1310
0.15,128,1287
0.15,129,1275
0.15,130,1291
0.15,131,1301
0.15,132,1282
0.15,133,1301
0.15,134,1327
0.15,135,1324
0.15,136,1355
0.15,137,1373
0.15,138,1410
0.15,139,1385
0.15,140,1440
0.15,141,1391
0.15,142,1454
0.15,143,1393
0.15,144,1452
0.15,145,1367
0.15,146,1405
0.15,147,1387
0.15,148,1376
0.15,149,1305
0.15,150,1272
0.15,151,1292
0.15,152,1277
0.15,153,1288
0.15,154,1303
0.15,155,1316
0.15,156,1259
0.15,157,1304
0.15,158,1257
0.15,159,1204
0.15,160,1234
0.15,161,1220
0.15,162,1235
0.15,163,1262
0.15,164,1231
0.15,165,1226
0.15,166,1260
0.15,167,1209
0.15,168,1220
0.15,169,1259
0.15,170,1229
0.15,171,1246
0.15,172,1202
0.15,173,1250
0.15,174,1231
0.15,175,1242
0.15,176,1196
0.15,177,1198
0.15,178,1188
0.15,179,1191
0.15,180,1164
0.15,181,1182
0.15,182,1211
0.15,183,1211
0.15,184,1168
0.15,185,1191
0.15,186,1210
0.15,187,1206
0.15,188,1213
0.15,189,1244
0.15,190,1204
0.15,191,1243
0.15,192,1219
0.15,193,1189
0.15,194,1187
0.15,195,1144
0.15,196,1130
0.15,197,1134
0.15,198,1171
0.15,199,1124
0.15,200,1144
0.15,201,1143
0.15,202,1156
0.15,203,1120
0.15,204,1162
0.15,205,1165
0.15,206,1174
0.15,207,1195
0.15,208,1226
0.15,209,1201
0.15,210,1206
0.15,211,1179
0.15,212,1169
0.15,213,1163
0.15,214,1161
0.15,215,1194
0.15,216,1190
0.15,217,1182
0.15,218,1126
0.15,219,1182
0.15,220,1149
0.15,221,1148
0.15,222,1123
0.15,223,1136
0.15,224,1113
0.15,225,1119
0.15,226,1089
0.15,227,1097
0.15,228,1094
0.15,229,1040
0.15,230,1055
0.15,231,1061
0.15,232,1031
0.15,233,1031
0.15,234,1053
0.15,235,1014
0.15,236,1038
0.15,237,1010
0.15,238,1048
0.15,239,1054
0.15,240,1040
0.15,241,1028
0.15,242,1027
0.15,243,1012
0.15,244,1083
0.15,245,1075
0.15,246,1064
0.15,247,1040
0.15,248,1042
0.15,249,1019
0.15,250,1051
0.15,251,977
0.15,252,994
0.15,253,976
0.15,254,987
0.15,255,953
0.15,256,994
0.15,257,977
0.15,258,985
0.15,259,1008
0.15,260,1020
0.15,261,995
0.15,262,973
0.15,263,980
0.15,264,969
0.15,265,1012
0.15,266,988
0.15,267,1020
0.15,268,1009
0.15,269,989
0.15,270,1026
0.15,271,974
0.15,272,984
0.15,273,970
0.15,274,997
0.15,275,1003
0.15,276,1005
0.15,277,981
0.15,278,981
0.15,279,937
0.15,280,954
0.15,281,957
0.15,282,972
0.15,283,943
0.15,284,913
0.15,285,897
0.15,286,911
0.15,287,901
0.15,288,873
0.15,289,871
0.15,290,836
0.15,291,866
0.15,292,894
0.15,293,919
0.15,294,934
0.15,295,959
0.15,296,1026
0.15,297,1028
0.15,298,1002
0.15,299,1022
0.15,300,1031
0.15,301,1038
0.15,302,1057
0.15,303,1076
0.15,304,1046
0.15,305,1039
0.15,306,1036
0.15,307,1061
0.15,308,1043
0.15,309,1067
0.15,310,1079
0.15,311,1091
0.15,312,1067
0.15,313,1089
0.15,314,1022
0.15,315,1003
0.15,316,1006
0.15,317,1013
0.15,318,989
0.15,319,999
0.15,320,978
0.15,321,1011
0.15,322,1028
0.15,323,1021
0.15,324,999
0.15,325,1012
0.15,326,1032
0.15,327,1003
0.15,328,1001
0.15,329,1022
0.15,330,1003
0.15,331,1034
0.15,332,975
0.15,333,960
0.15,334,940
0.15,335,900
0.15,336,928
0.15,337,912
0.15,338,926
0.15,339,906
0.15,340,928
0.15,341,928
0.15,342,924
0.15,343,973
0.15,344,943
0.15,345,936
0.15,346,946
0.15,347,971
0.15,348,965
0.15,349,961
0.15,350,936
0.15,351,980
0.15,352,939
0.15,353,945
0.15,354,958
0.15,355,973
0.15,356,971
0.15,357,976
0.15,358,1002
0.15,359,1057
0.15,360,1038
0.15,361,1050
0.15,362,1066
0.15,363,1084
0.15,364,1119
0.15,365,1115
0.15,366,1147
0.15,367,1121
0.15,368,1149
0.15,369,1139
0.15,370,1118
0.15,371,1077
0.15,372,1109
0.15,373,1086
0.15,374,1095
0.15,375,1081
0.15,376,1139
0.15,377,1143
0.15,378,1171
0.15,379,1188
0.15,380,1164
0.15,381,1148
0.15,382,1137
0.15,383,1125
0.15,384,1112
0.15,385,1075
0.15,386,1104
0.15,387,1135
0.15,388,1133
0.15,389,1157
0.15,390,1170
0.15,391,1174
0.15,392,1141
0.15,393,1127
0.15,394,1097
0.15,395,1034
0.15,396,1022
0.15,397,1033
0.15,398,1036
0.15,399,1000
0.15,400,1016
0.15,401,1015
0.15,402,995
0.15,403,1022
0.15,404,1047
0.15,405,1058
0.15,406,1051
0.15,407,1100
0.15,408,1084
0.15,409,1124
0.15,410,1075
0.15,411,1086
0.15,412,1061
0.15,413,1121
0.15,414,1106
0.15,415,1042
0.15,416,1056
0.15,417,1036
0.15,418,1040
0.15,419,1033
0.15,420,1052
0.15,421,1011
0.15,422,1036
0.15,423,1022
0.15,424,1036
0.15,425,1037
0.15,426,1047
0.15,427,1088
0.15,428,1076
0.15,429,1094
0.15,430,1068
0.15,431,1073
0.15,432,1046
0.15,433,1049
0.15,434,1068
0.15,435,1062
0.15,436,1140
0.15,437,1089
0.15,438,1109
0.15,439,1097
0.15,440,1127
0.15,441,1090
0.15,442,1060
0.15,443,1051
0.15,444,1089
0.15,445,1059
0.15,446,1042
0.15,447,1062
0.15,448,1056
0.15,449,1030
0.15,450,1025
0.15,451,1014
0.15,452,1032
0.15,453,1029
0.15,454,1030
0.15,455,1011
0.15,456,1052
0.15,457,1065
0.15,458,1058
0.15,459,1058
0.15,460,1072
0.15,461,1058
0.15,462,1047
0.15,463,1036
0.15,464,1008
0.15,465,1032
0.15,466,995
0.15,467,995
0.15,468,993
0.15,469,1000
0.15,470,995
0.15,471,934
0.15,472,985
0.15,473,968
0.15,474,983
0.15,475,963
0.15,476,998
0.15,477,987
0.15,478,999
0.15,479,968
0.15,480,929
0.15,481,962
0.15,482,999
0.15,483,936
0.15,484,928
0.15,485,893
0.15,486,879
0.15,487,888
0.15,488,902
0.15,489,876
0.15,490,870
0.15,491,840
0.15,492,839
0.15,493,850
0.15,494,894
0.15,495,886
0.15,496,879
0.15,497,882
0.15,498,854
0.15,499,864
0.15,500,850
0.15,501,910
0.15,502,915
0.15,503,928
0.15,504,919
0.15,505,941
0.15,506,925
0.15,507,932
0.15,508,942
0.15,509,899
0.15,510,932
0.15,511,916
0.15,512,947
0.15,513,916
0.15,514,944
0.15,515,965
0.15,516,961
0.15,517,973
0.15,518,921
0.15,519,951
0.15,520,918
0.15,521,929
0.15,522,880
0.15,523,870
0.15,524,873
0.15,525,870
0.15,526,893
0.15,527,853
0.15,528,846
0.15,529,835
0.15,530,837
0.15,531,825
0.15,532,816
0.15,533,841
0.15,534,859
0.15,535,873
0.15,536,886
0.15,537,869
0.15,538,893
0.15,539,902
0.15,540,936
0.15,541,980
0.15,542,923
0.15,543,927
0.15,544,929
0.15,545,945
0.15,546,939
0.15,547,933
0.15,548,891
0.15,549,910
0.15,550,906
0.15,551,910
0.15,552,894
0.15,553,908
0.15,554,904
0.15,555,938
0.15,556,889
0.15,557,914
0.15,558,876
0.15,559,876
0.15,560,862
0.15,561,898
0.15,562,863
0.15,563,869
0.15,564,861
0.15,565,863
0.15,566,849
0.15,567,864
0.15,568,848
0.15,569,884
0.15,570,862
0.15,571,898
0.15,572,874
0.15,573,885
0.15,574,897
0.15,575,888
0.15,576,934
0.15,577,912
0.15,578,918
0.15,579,889
0.15,580,913
0.15,581,914
0.15,582,974
0.15,583,944
0.15,584,991
0.15,585,980
0.15,586,1007
0.15,587,991
0.15,588,1023
0.15,589,981
0.15,590,933
0.15,591,929
0.15,592,925
0.15,593,946
0.15,594,931
0.15,595,921
0.15,596,871
0.15,597,869
0.15,598,887
0.15,599,877
0.15,600,897
0.15,601,897
0.15,602,906
0.15,603,884
0.15,604,877
0.15,605,890
0.15,606,892
0.15,607,861
0.15,608,893
0.15,609,877
0.15,610,851
0.15,611,880
0.15,612,842
0.15,613,884
0.15,614,875
0.15,615,912
0.15,616,872
0.15,617,898
0.15,618,878
0.15,619,886
0.15,620,869
0.15,621,881
0.15,622,838
0.15,623,885
0.15,624,853
0.15,625,878
0.15,626,870
0.15,627,853
0.15,628,858
0.15,629,871
0.15,630,827
0.15,631,833
0.15,632,823
0.15,633,800
0.15,634,812
0.15,635,805
0.15,636,818
0.15,637,834
0.15,638,844
0.15,639,880
0.15,640,872
0.15,641,906
0.15,642,860
0.15,643,892
0.15,644,867
0.15,645,875
0.15,646,883
0.15,647,885
0.15,648,870
0.15,649,890
0.15,650,865
0.15,651,889
0.15,652,887
0.15,653,888
0.15,654,860
0.15,655,885
0.15,656,882
0.15,657,931
0.15,658,924
0.15,659,915
0.15,660,914
0.15,661,935
0.15,662,918
0.15,663,906
0.15,664,902
0.15,665,895
0.15,666,902
0.15,667,937
0.15,668,928
0.15,669,912
0.15,670,950
0.15,671,923
0.15,672,937
0.15,673,910
0.15,674,936
0.15,675,943
0.15,676,946
0.15,677,963
0.15,678,940
0.15,679,945
0.15,680,995
0.15,681,946
0.15,682,947
0.15,683,938
0.15,684,955
0.15,685,927
0.15,686,938
0.15,687,960
0.15,688,986
0.15,689,957
0.15,690,994
0.15,691,986
0.15,692,994
0.15,693,997
0.15,694,959
0.15,695,930
0.15,696,918
0.15,697,933
0.15,698,930
0.15,699,903
0.15,700,931
0.15,701,926
0.15,702,913
0.15,703,926
0.15,704,907
0.15,705,913
0.15,706,882
0.15,707,919
0.15,708,887
0.15,709,880
0.15,710,890
0.15,711,907
0.15,712,897
0.15,713,897
0.15,714,890
0.15,715,913
0.15,716,901
0.15,717,892
0.15,718,888
0.15,719,911
0.15,720,922
0.15,721,931
0.15,722,952
0.15,723,946
0.15,724,946
0.15,725,954
0.15,726,988
0.15,727,972
0.15,728,1020
0.15,729,1008
0.15,730,1009
0.15,731,1012
0.15,732,999
0.15,733,990
0.15,734,990
0.15,735,976
0.15,736,1014
0.15,737,1014
0.15,738,1026
0.15,739,999
0.15,740,1027
0.15,741,1009
0.15,742,1051
0.15,743,1021
0.15,744,1009
0.15,745,1013
0.15,746,1009
0.15,747,1019
0.15,748,1022
0.15,749,985
0.15,750,1006
0.15,751,965
0.15,752,1005
0.15,753,958
0.15,754,987
0.15,755,946
0.15,756,966
0.15,757,920
0.15,758,917
0.15,759,940
0.15,760,933
0.15,761,946
0.15,762,945
0.15,763,961
0.15,764,985
0.15,765,935
0.15,766,968
0.15,767,968
0.15,768,967
0.15,769,954
0.15,770,971
0.15,771,961
0.15,772,950
0.15,773,908
0.15,774,899
0.15,775,892
0.15,776,875
0.15,777,882
0.15,778,886
0.15,779,911
0.15,780,870
0.15,781,894
0.15,782,888
0.15,783,916
0.15,784,894
0.15,785,909
0.15,786,932
0.15,787,921
0.15,788,934
0.15,789,909
0.15,790,913
0.15,791,909
0.15,792,909
0.15,793,954
0.15,794,930
0.15,795,966
0.15,796,934
0.15,797,956
0.15,798,923
0.15,799,959
0.15,800,910
0.15,801,907
0.15,802,894
0.15,803,932
0.15,804,879
0.15,805,939
0.15,806,921
0.15,807,941
0.15,808,953
0.15,809,934
0.15,810,964
0.15,811,924
0.15,812,943
0.15,813,922
0.15,814,915
0.15,815,915
0.15,816,960
0.15,817,928
0.15,818,902
0.15,819,908
0.15,820,934
0.15,821,940
0.15,822,935
0.15,823,963
0.15,824,956
0.15,825,980
0.15,826,977
0.15,827,990
0.15,828,954
0.15,829,961
0.15,830,963
0.15,831,959
0.15,832,957
0.15,833,978
0.15,834,940
0.15,835,937
0.15,836,904
0.15,837,922
0.15,838,934
0.15,839,940
0.15,840,977
0.15,841,984
0.15,842,1019
0.15,843,1033
0.15,844,988
0.15,845,993
0.15,846,991
0.15,847,1014
0.15,848,1014
0.15,849,990
0.15,850,992
0.15,851,997
0.15,852,1037
0.15,853,1024
0.15,854,987
0.15,855,987
0.15,856,1003
0.15,857,965
0.15,858,1005
0.15,859,979
0.15,860,942
0.15,861,962
0.15,862,907
0.15,863,902
0.15,864,908
0.15,865,940
0.15,866,892
0.15,867,943
0.15,868,929
0.15,869,926
0.15,870,899
0.15,871,888
0.15,872,890
0.15,873,895
0.15,874,874
0.15,875,892
0.15,876,883
0.15,877,875
0.15,878,885
0.15,879,904
0.15,880,913
0.15,881,915
0.15,882,922
0.15,883,935
0.15,884,952
0.15,885,940
0.15,886,923
0.15,887,950
0.15,888,946
0.15,889,974
0.15,890,963
0.15,891,962
0.15,892,916
0.15,893,928
0.15,894,918
0.15,895,934
0.15,896,934
0.15,897,924
0.15,898,912
0.15,899,938
0.15,900,912
0.15,901,896
0.15,902,884
0.15,903,922
0.15,904,875
0.15,905,899
0.15,906,886
0.15,907,897
0.15,908,902
0.15,909,885
0.15,910,871
0.15,911,848
0.15,912,876
0.15,913,888
0.15,914,904
0.15,915,889
0.15,916,880
0.15,917,862
0.15,918,873
0.15,919,860
0.15,920,889
0.15,921,864
0.15,922,896
0.15,923,899
0.15,924,964
0.15,925,908
0.15,926,936
0.15,927,963
0.15,928,961
0.15,929,974
0.15,930,1029
0.15,931,1020
0.15,932,952
0.15,933,998
0.15,934,996
0.15,935,1049
0.15,936,1005
0.15,937,1037
0.15,938,1035
0.15,939,1000
0.15,940,992
0.15,941,985
0.15,942,1007
0.15,943,1007
0.15,944,1005
0.15,945,1001
0.15,946,1041
0.15,947,1054
0.15,948,1084
0.15,949,1077
0.15,950,1086
0.15,951,1135
0.15,952,1111
0.15,953,1102
0.15,954,1071
0.15,955,1049
0.15,956,1043
0.15,957,1068
0.15,958,1069
0.15,959,1033
0.15,960,1036
0.15,961,1041
0.15,962,986
0.15,963,998
0.15,964,963
0.15,965,1020
0.15,966,1030
0.15,967,1026
0.15,968,1078
0.15,969,1028
0.15,970,1044
0.15,971,1023
0.15,972,1047
0.15,973,1006
0.15,974,1031
0.15,975,995
0.15,976,1052
0.15,977,1020
0.15,978,1052
0.15,979,1017
0.15,980,1011
0.15,981,1032
0.15,982,1017
0.15,983,1030
0.15,984,1024
0.15,985,1001
0.15,986,1032
0.15,987,1005
0.15,988,1023
0.15,989,1011
0.15,990,1017
0.15,991,1064
0.15,992,997
0.15,993,970
0.15,994,943
0.15,995,904
0.15,996,908
0.15,997,899
0.15,998,906
0.15,999,906
0.15,1000,894
0.15,1001,909
0.15,1002,865
0.15,1003,871
0.15,1004,857
0.15,1005,861
0.15,1006,892
0.15,1007,850
0.15,1008,868
0.15,1009,850
0.15,1010,869
0.15,1011,854
0.15,1012,852
0.15,1013,871
0.15,1014,858
0.15,1015,862
0.15,1016,821
0.15,1017,837
0.15,1018,825
0.15,1019,822
0.15,1020,847
0.15,1021,826
0.15,1022,830
0.15,1023,794
0.15,1024,784
0.15,1025,781
0.15,1026,769
0.15,1027,788
0.15,1028,773
0.15,1029,766
0.15,1030,758
0.15,1031,746
0.15,1032,744
0.15,1033,731
0.15,1034,706
0.15,1035,728
0.15,1036,720
0.15,1037,706
0.15,1038,691
0.15,1039,691
0.15,1040,697
0.15,1041,703
0.15,1042,714
0.15,1043,715
0.15,1044,717
0.15,1045,714
0.15,1046,724
0.15,1047,721
0.15,1048,702
0.15,1049,726
0.15,1050,748
0.15,1051,750
0.15,1052,745
0.15,1053,742
0.15,1054,748
0.15,1055,732
0.15,1056,730
0.15,1057,725
0.15,1058,724
0.15,1059,733
0.15,1060,735
0.15,1061,709
0.15,1062,716
0.15,1063,737
0.15,1064,774
0.15,1065,749
0.15,1066,749
0.15,1067,750
0.15,1068,756
0.15,1069,770
0.15,1070,725
0.15,1071,753
0.15,1072,733
0.15,1073,756
0.15,1074,721
0.15,1075,773
0.15,1076,775
0.15,1077,787
0.15,1078,804
0.15,1079,809
0.15,1080,824
0.15,1081,814
0.15,1082,815
0.15,1083,832
0.15,1084,830
0.15,1085,874
0.15,1086,840
0.15,1087,827
0.15,1088,855
0.15,1089,866
0.15,1090,791
0.15,1091,806
0.15,1092,792
0.15,1093,774
0.15,1094,804
0.15,1095,815
0.15,1096,793
0.15,1097,855
0.15,1098,819
0.15,1099,851
0.15,1100,865
0.15,1101,895
0.15,1102,868
0.15,1103,853
0.15,1104,868
0.15,1105,854
0.15,1106,832
0.15,1107,842
0.15,1108,808
0.15,1109,802
0.15,1110,800
0.15,1111,809
0.15,1112,775
0.15,1113,795
0.15,1114,798
0.15,1115,789
0.15,1116,808
0.15,1117,803
0.15,1118,786
0.15,1119,793
0.15,1120,771
0.15,1121,774
0.15,1122,732
0.15,1123,741
0.15,1124,762
0.15,1125,769
0.15,1126,783
0.15,1127,762
0.15,1128,741
0.15,1129,750
0.15,1130,778
0.15,1131,787
0.15,1132,795
0.15,1133,779
0.15,1134,818
0.15,1135,805
0.15,1136,830
0.15,1137,804
0.15,1138,819
0.15,1139,776
0.15,1140,782
0.15,1141,778
0.15,1142,774
0.15,1143,793
0.15,1144,772
0.15,1145,763
0.15,1146,783
0.15,1147,787
0.15,1148,809
0.15,1149,817
0.15,1150,792
0.15,1151,811
0.15,1152,803
0.15,1153,827
0.15,1154,811
0.15,1155,831
0.15,1156,852
0.15,1157,812
0.15,1158,848
0.15,1159,830
0.15,1160,852
0.15,1161,829
0.15,1162,828
0.15,1163,832
0.15,1164,823
0.15,1165,811
0.15,1166,798
0.15,1167,796
0.15,1168,810
0.15,1169,792
0.15,1170,777
0.15,1171,764
0.15,1172,786
0.15,1173,752
0.15,1174,788
0.15,1175,767
0.15,1176,747
0.15,1177,762
0.15,1178,734
0.15,1179,730
0.15,1180,722
0.15,1181,732
0.15,1182,688
0.15,1183,715
0.15,1184,693
0.15,1185,710
0.15,1186,715
0.15,1187,743
0.15,1188,720
0.15,1189,710
0.15,1190,692
0.15,1191,699
0.15,1192,685
0.15,1193,672
0.15,1194,651
0.15,1195,665
0.15,1196,645
0.15,1197,644
0.15,1198,632
0.15,1199,645
0.15,1200,645
0.15,1201,670
0.15,1202,657
0.15,1203,650
0.15,1204,649
0.15,1205,642
0.15,1206,649
0.15,1207,629
0.15,1208,626
0.15,1209,624
0.15,1210,635
0.15,1211,637
0.15,1212,645
0.15,1213,686
0.15,1214,669
0.15,1215,688
0.15,1216,663
0.15,1217,681
0.15,1218,656
0.15,1219,689
0.15,1220,674
0.15,1221,674
0.15,1222,642
0.15,1223,629
0.15,1224,633
0.15,1225,638
0.15,1226,613
0.15,1227,628
0.15,1228,599
0.15,1229,621
0.15,1230,598
0.15,1231,604
0.15,1232,613
0.15,1233,612
0.15,1234,631
0.15,1235,629
0.15,1236,616
0.15,1237,645
0.15,1238,637
0.15,1239,666
0.15,1240,649
0.15,1241,678
0.15,1242,659
0.15,1243,684
0.15,1244,689
0.15,1245,691
0.15,1246,688
0.15,1247,693
0.15,1248,699
0.15,1249,695
0.15,1250,699
0.15,1251,704
0.15,1252,708
0.15,1253,705
0.15,1254,681
0.15,1255,680
0.15,1256,671
0.15,1257,679
0.15,1258,659
0.15,1259,672
0.15,1260,687
0.15,1261,671
0.15,1262,666
0.15,1263,692
0.15,1264,693
0.15,1265,702
0.15,1266,687
0.15,1267,695
0.15,1268,696
0.15,1269,704
0.15,1270,690
0.15,1271,703
0.15,1272,670
0.15,1273,667
0.15,1274,647
0.15,1275,661
0.15,1276,660
0.15,1277,660
0.15,1278,659
0.15,1279,662
0.15,1280,662
0.15,1281,673
0.15,1282,672
0.15,1283,653
0.15,1284,649
0.15,1285,664
0.15,1286,640
0.15,1287,624
0.15,1288,618
0.15,1289,619
0.15,1290,633
0.15,1291,642
0.15,1292,633
0.15,1293,645
0.15,1294,626
0.15,1295,659
0.15,1296,653
0.15,1297,702
0.15,1298,672
0.15,1299,692
0.15,1300,702
0.15,1301,725
0.15,1302,718
0.15,1303,726
0.15,1304,692
0.15,1305,701
0.15,1306,692
0.15,1307,680
0.15,1308,686
0.15,1309,691
0.15,1310,689
0.15,1311,668
0.15,1312,642
0.15,1313,638
0.15,1314,626
0.15,1315,641
0.15,1316,650
0.15,1317,674
0.15,1318,651
0.15,1319,657
0.15,1320,649
0.15,1321,673
0.15,1322,664
0.15,1323,689
0.15,1324,673
0.15,1325,696
0.15,1326,694
0.15,1327,694
0.15,1328,689
0.15,1329,688
0.15,1330,684
0.15,1331,694
0.15,1332,688
0.15,1333,690
0.15,1334,698
0.15,1335,685
0.15,1336,693
0.15,1337,693
0.15,1338,698
0.15,1339,694
0.15,1340,679
0.15,1341,665
0.15,1342,672
0.15,1343,674
0.15,1344,684
0.15,1345,688
0.15,1346,714
0.15,1347,714
0.15,1348,718
0.15,1349,708
0.15,1350,690
0.15,1351,710
0.15,1352,723
0.15,1353,730
0.15,1354,748
0.15,1355,750
0.15,1356,749
0.15,1357,764
0.15,1358,765
0.15,1359,765
0.15,1360,741
0.15,1361,730
0.15,1362,741
0.15,1363,732
0.15,1364,737
0.15,1365,760
0.15,1366,751
0.15,1367,734
0.15,1368,745
0.15,1369,723
0.15,1370,736
0.15,1371,712
0.15,1372,701
0.15,1373,692
0.15,1374,699
0.15,1375,697
0.15,1376,704
0.15,1377,662
0.15,1378,679
0.15,1379,680
0.15,1380,666
0.15,1381,685
0.15,1382,661
0.15,1383,683
0.15,1384,688
0.15,1385,708
0.15,1386,680
0.15,1387,668
0.15,1388,673
0.15,1389,657
0.15,1390,676
0.15,1391,655
0.15,1392,662
0.15,1393,671
0.15,1394,681
0.15,1395,676
0.15,1396,672
0.15,1397,679
0.15,1398,670
0.15,1399,662
0.15,1400,659
0.15,1401,677
0.15,1402,649
0.15,1403,661
0.15,1404,656
0.15,1405,678
0.15,1406,648
0.15,1407,650
0.15,1408,647
0.15,1409,670
0.15,1410,668
0.15,1411,686
0.15,1412,678
0.15,1413,686
0.15,1414,705
0.15,1415,713
0.15,1416,692
0.15,1417,686
0.15,1418,690
0.15,1419,673
0.15,1420,667
0.15,1421,682
0.15,1422,665
0.15,1423,671
0.15,1424,654
0.15,1425,668
0.15,1426,651
0.15,1427,657
0.15,1428,644
0.15,1429,648
0.15,1430,659
0.15,1431,645
0.15,1432,655
0.15,1433,638
0.15,1434,639
0.15,1435,641
0.15,1436,628
0.15,1437,642
0.15,1438,640
0.15,1439,660
0.15,1440,658
0.15,1441,673
0.15,1442,671
0.15,1443,671
0.15,1444,665
0.15,1445,656
0.15,1446,654
0.15,1447,663
0.15,1448,652
0.15,1449,653
0.15,1450,663
0.15,1451,648
0.15,1452,646
0.15,1453,635
0.15,1454,636
0.15,1455,623
0.15,1456,629
0.15,1457,643
0.15,1458,658
0.15,1459,671
0.15,1460,675
0.15,1461,663
0.15,1462,632
0.15,1463,639
0.15,1464,626
0.15,1465,632
0.15,1466,622
0.15,1467,629
0.15,1468,633
0.15,1469,641
0.15,1470,633
0.15,1471,625
0.15,1472,627
0.15,1473,629
0.15,1474,634
0.15,1475,649
0.15,1476,656
0.15,1477,673
0.15,1478,659
0.15,1479,677
0.15,1480,677
0.15,1481,675
0.15,1482,685
0.15,1483,675
0.15,1484,679
0.15,1485,687
0.15,1486,679
0.15,1487,684
0.15,1488,677
0.15,1489,688
0.15,1490,695
0.15,1491,650
0.15,1492,640
0.15,1493,643
0.15,1494,638
0.15,1495,627
0.15,1496,630
0.15,1497,643
0.15,1498,653
0.15,1499,659
0.15,1500,636
0.15,1501,623
0.15,1502,608
0.15,1503,621
0.15,1504,609
0.15,1505,617
0.15,1506,603
0.15,1507,599
0.15,1508,607
0.15,1509,592
0.15,1510,591
0.15,1511,601
0.15,1512,599
0.15,1513,612
0.15,1514,606
0.15,1515,614
0.15,1516,617
0.15,1517,628
0.15,1518,629
0.15,1519,649
0.15,1520,629
0.15,1521,625
0.15,1522,634
0.15,1523,636
0.15,1524,662
0.15,1525,637
0.15,1526,658
0.15,1527,651
0.15,1528,663
0.15,1529,676
0.15,1530,672
0.15,1531,692
0.15,1532,672
0.15,1533,687
0.15,1534,654
0.15,1535,655
0.15,1536,649
0.15,1537,649
0.15,1538,650
0.15,1539,647
0.15,1540,642
0.15,1541,643
0.15,1542,632
0.15,1543,651
0.15,1544,642
0.15,1545,657
0.15,1546,645
0.15,1547,647
0.15,1548,659
0.15,1549,656
0.15,1550,645
0.15,1551,656
0.15,1552,634
0.15,1553,639
0.15,1554,633
0.15,1555,636
0.15,1556,642
0.15,1557,626
0.15,1558,631
0.15,1559,619
0.15,1560,614
0.15,1561,615
0.15,1562,606
0.15,1563,600
0.15,1564,599
0.15,1565,611
0.15,1566,592
0.15,1567,609
0.15,1568,593
0.15,1569,606
0.15,1570,610
0.15,1571,608
0.15,1572,608
0.15,1573,606
0.15,1574,617
0.15,1575,621
0.15,1576,627
0.15,1577,643
0.15,1578,632
0.15,1579,650
0.15,1580,609
0.15,1581,632
0.15,1582,597
0.15,1583,609
0.15,1584,597
0.15,1585,613
0.15,1586,599
0.15,1587,602
0.15,1588,604
0.15,1589,609
0.15,1590,626
0.15,1591,621
0.15,1592,607
0.15,1593,602
0.15,1594,608
0.15,1595,613
0.15,1596,623
0.15,1597,607
0.15,1598,615
0.15,1599,603
0.15,1600,609
0.15,1601,607
0.15,1602,608
0.15,1603,616
0.15,1604,617
0.15,1605,624
0.15,1606,627
0.15,1607,632
0.15,1608,629
0.15,1609,608
0.15,1610,607
0.15,1611,604
0.15,1612,599
0.15,1613,606
0.15,1614,597
0.15,1615,607
0.15,1616,605
0.15,1617,595
0.15,1618,597
0.15,1619,592
0.15,1620,596
0.15,1621,604
0.15,1622,595
0.15,1623,598
0.15,1624,597
0.15,1625,590
0.15,1626,609
0.15,1627,598
0.15,1628,596
0.15,1629,613
0.15,1630,608
0.15,1631,596
0.15,1632,601
0.15,1633,598
0.15,1634,595
0.15,1635,599
0.15,1636,590
0.15,1637,593
0.15,1638,586
0.15,1639,599
0.15,1640,592
0.15,1641,599
0.15,1642,579
0.15,1643,585
0.15,1644,588
0.15,1645,592
0.15,1646,584
0.15,1647,593
0.15,1648,594
0.15,1649,608
0.15,1650,605
0.15,1651,632
0.15,1652,624
0.15,1653,651
0.15,1654,651
0.15,1655,654
0.15,1656,644
0.15,1657,642
0.15,1658,624
0.15,1659,652
0.15,1660,651
0.15,1661,642
0.15,1662,634
0.15,1663,619
0.15,1664,627
0.15,1665,634
0.15,1666,646
0.15,1667,653
0.15,1668,656
0.15,1669,649
0.15,1670,667
0.15,1671,672
0.15,1672,674
0.15,1673,673
0.15,1674,691
0.15,1675,672
0.15,1676,682
0.15,1677,674
0.15,1678,664
0.15,1679,694
0.15,1680,673
0.15,1681,691
0.15,1682,686
0.15,1683,678
0.15,1684,673
0.15,1685,692
0.15,1686,686
0.15,1687,703
0.15,1688,697
0.15,1689,713
0.15,1690,707
0.15,1691,702
0.15,1692,702
0.15,1693,717
0.15,1694,712
0.15,1695,716
0.15,1696,691
0.15,1697,710
0.15,1698,697
0.15,1699,722
0.15,1700,714
0.15,1701,751
0.15,1702,747
0.15,1703,752
0.15,1704,762
0.15,1705,793
0.15,1706,767
0.15,1707,773
0.15,1708,754
0.15,1709,783
0.15,1710,757
0.15,1711,784
0.15,1712,793
0.15,1713,767
0.15,1714,768
0.15,1715,741
0.15,1716,763
0.15,1717,775
0.15,1718,757
0.15,1719,733
0.15,1720,734
0.15,1721,729
0.15,1722,718
0.15,1723,750
0.15,1724,738
0.15,1725,716
0.15,1726,716
0.15,1727,711
0.15,1728,730
0.15,1729,706
0.15,1730,712
0.15,1731,686
0.15,1732,688
0.15,1733,706
0.15,1734,702
0.15,1735,721
0.15,1736,701
0.15,1737,711
0.15,1738,699
0.15,1739,714
0.15,1740,740
0.15,1741,722
0.15,1742,731
0.15,1743,719
0.15,1744,708
0.15,1745,696
0.15,1746,711
0.15,1747,721
0.15,1748,720
0.15,1749,723
0.15,1750,728
0.15,1751,732
0.15,1752,711
0.15,1753,721
0.15,1754,728
0.15,1755,723
0.15,1756,761
0.15,1757,743
0.15,1758,763
0.15,1759,768
0.15,1760,773
0.15,1761,761
0.15,1762,753
0.15,1763,739
0.15,1764,769
0.15,1765,767
0.15,1766,780
0.15,1767,768
0.15,1768,772
0.15,1769,823
0.15,1770,786
0.15,1771,797
0.15,1772,806
0.15,1773,791
0.15,1774,827
0.15,1775,806
0.15,1776,858
0.15,1777,826
0.15,1778,852
0.15,1779,826
0.15,1780,861
0.15,1781,828
0.15,1782,812
0.15,1783,791
0.15,1784,798
0.15,1785,798
0.15,1786,801
0.15,1787,789
0.15,1788,800
0.15,1789,784
0.15,1790,773
0.15,1791,765
0.15,1792,744
0.15,1793,756
0.15,1794,766
0.15,1795,756
0.15,1796,784
0.15,1797,770
0.15,1798,734
0.15,1799,736
0.15,1800,750
0.15,1801,745
0.15,1802,777
0.15,1803,788
0.15,1804,773
0.15,1805,775
0.15,1806,776
0.15,1807,794
0.15,1808,761
0.15,1809,771
0.15,1810,765
0.15,1811,766
0.15,1812,783
0.15,1813,783
0.15,1814,799
0.15,1815,777
0.15,1816,777
0.15,1817,778
0.15,1818,770
0.15,1819,796
0.15,1820,797
0.15,1821,788
0.15,1822,801
0.15,1823,778
0.15,1824,780
0.15,1825,789
0.15,1826,788
0.15,1827,786
0.15,1828,769
0.15,1829,775
0.15,1830,752
0.15,1831,735
0.15,1832,725
0.15,1833,717
0.15,1834,713
0.15,1835,722
0.15,1836,722
0.15,1837,734
0.15,1838,748
0.15,1839,741
0.15,1840,741
0.15,1841,761
0.15,1842,762
0.15,1843,769
0.15,1844,764
0.15,1845,784
0.15,1846,773
0.15,1847,773
0.15,1848,785
0.15,1849,777
0.15,1850,782
0.15,1851,752
0.15,1852,746
0.15,1853,726
0.15,1854,731
0.15,1855,734
0.15,1856,730
0.15,1857,722
0.15,1858,745
0.15,1859,747
0.15,1860,749
0.15,1861,778
0.15,1862,768
0.15,1863,767
0.15,1864,753
0.15,1865,762
0.15,1866,777
0.15,1867,762
0.15,1868,764
0.15,1869,761
0.15,1870,741
0.15,1871,750
0.15,1872,750
0.15,1873,742
0.15,1874,740
0.15,1875,757
0.15,1876,741
0.15,1877,763
0.15,1878,746
0.15,1879,763
0.15,1880,751
0.15,1881,737
0.15,1882,737
0.15,1883,745
0.15,1884,756
0.15,1885,770
0.15,1886,749
0.15,1887,743
0.15,1888,766
0.15,1889,729
0.15,1890,744
0.15,1891,723
0.15,1892,716
0.15,1893,721
0.15,1894,722
0.15,1895,718
0.15,1896,716
0.15,1897,700
0.15,1898,686
0.15,1899,703
0.15,1900,696
0.15,1901,709
0.15,1902,721
0.15,1903,730
0.15,1904,739
0.15,1905,746
0.15,1906,748
0.15,1907,757
0.15,1908,739
0.15,1909,750
0.15,1910,759
0.15,1911,738
0.15,1912,748
0.15,1913,754
0.15,1914,764
0.15,1915,756
0.15,1916,760
0.15,1917,750
0.15,1918,764
0.15,1919,767
0.15,1920,778
0.15,1921,776
0.15,1922,768
0.15,1923,777
0.15,1924,765
0.15,1925,744
0.15,1926,747
0.15,1927,753
0.15,1928,704
0.15,1929,729
0.15,1930,712
0.15,1931,719
0.15,1932,713
0.15,1933,713
0.15,1934,722
0.15,1935,738
0.15,1936,746
0.15,1937,772
0.15,1938,740
0.15,1939,769
0.15,1940,765
0.15,1941,789
0.15,1942,778
0.15,1943,757
0.15,1944,760
0.15,1945,732
0.15,1946,742
0.15,1947,747
0.15,1948,728
0.15,1949,741
0.15,1950,736
0.15,1951,759
0.15,1952,755
0.15,1953,756
0.15,1954,731
0.15,1955,730
0.15,1956,739
0.15,1957,757
0.15,1958,703
0.15,1959,725
0.15,1960,716
0.15,1961,752
0.15,1962,694
0.15,1963,714
0.15,1964,684
0.15,1965,681
0.15,1966,666
0.15,1967,687
0.15,1968,666
0.15,1969,674
0.15,1970,650
0.15,1971,647
0.15,1972,647
0.15,1973,645
0.15,1974,650
0.15,1975,656
0.15,1976,661
0.15,1977,673
0.15,1978,653
0.15,1979,661
0.15,1980,663
0.15,1981,681
0.15,1982,689
0.15,1983,684
0.15,1984,675
0.15,1985,692
0.15,1986,703
0.15,1987,693
0.15,1988,688
0.15,1989,674
0.15,1990,663
0.15,1991,675
0.15,1992,681
0.15,1993,700
0.15,1994,677
0.15,1995,682
0.15,1996,685
0.15,1997,677
0.15,1998,693
0.15,1999,679
0.15,2000,678
0.15,2001,691
0.15,2002,663
0.15,2003,668
0.15,2004,650
0.15,2005,644
0.15,2006,635
0.15,2007,635
0.15,2008,633
0.15,2009,638
0.15,2010,621
0.15,2011,622
0.15,2012,620
0.15,2013,636
0.15,2014,620
0.15,2015,630
0.15,2016,627
0.15,2017,639
0.15,2018,640
0.15,2019,652
0.15,2020,661
0.15,2021,657
0.15,2022,662
0.15,2023,651
0.15,2024,644
0.15,2025,658
0.15,2026,656
0.15,2027,635
0.15,2028,664
0.15,2029,654
0.15,2030,665
0.15,2031,649
0.15,2032,657
0.15,2033,653
0.15,2034,653
0.15,2035,651
0.15,2036,634
0.15,2037,641
0.15,2038,645
0.15,2039,622
0.15,2040,637
0.15,2041,638
0.15,2042,644
0.15,2043,655
0.15,2044,661
0.15,2045,671
0.15,2046,682
0.15,2047,688
0.15,2048,683
0.15,2049,690
0.15,2050,702
0.15,2051,711
0.15,2052,728
0.15,2053,711
0.15,2054,718
0.15,2055,691
0.15,2056,703
0.15,2057,686
0.15,2058,677
0.15,2059,681
0.15,2060,684
0.15,2061,693
0.15,2062,686
0.15,2063,702
0.15,2064,676
0.15,2065,698
0.15,2066,704
0.15,2067,711
0.15,2068,720
0.15,2069,720
0.15,2070,734
0.15,2071,728
0.15,2072,699
0.15,2073,698
0.15,2074,689
0.15,2075,692
0.15,2076,684
0.15,2077,686
0.15,2078,676
0.15,2079,693
0.15,2080,674
0.15,2081,678
0.15,2082,682
0.15,2083,716
0.15,2084,694
0.15,2085,711
0.15,2086,713
0.15,2087,724
0.15,2088,727
0.15,2089,735
0.15,2090,725
0.15,2091,732
0.15,2092,730
0.15,2093,739
0.15,2094,735
0.15,2095,760
0.15,2096,713
0.15,2097,721
0.15,2098,692
0.15,2099,698
0.15,2100,688
0.15,2101,705
0.15,2102,697
0.15,2103,708
0.15,2104,709
0.15,2105,734
0.15,2106,736
0.15,2107,748
0.15,2108,731
0.15,2109,727
0.15,2110,731
0.15,2111,734
0.15,2112,736
0.15,2113,722
0.15,2114,712
0.15,2115,731
0.15,2116,732
0.15,2117,738
0.15,2118,756
0.15,2119,789
0.15,2120,781
0.15,2121,776
0.15,2122,788
0.15,2123,774
0.15,2124,790
0.15,2125,748
0.15,2126,768
0.15,2127,770
0.15,2128,769
0.15,2129,770
0.15,2130,768
0.15,2131,723
0.15,2132,725
0.15,2133,697
0.15,2134,706
0.15,2135,703
0.15,2136,713
0.15,2137,722
0.15,2138,732
0.15,2139,722
0.15,2140,729
0.15,2141,728
0.15,2142,745
0.15,2143,744
0.15,2144,747
0.15,2145,720
0.15,2146,724
0.15,2147,704
0.15,2148,718
0.15,2149,723
0.15,2150,744
0.15,2151,737
0.15,2152,742
0.15,2153,728
0.15,2154,724
0.15,2155,744
0.15,2156,757
0.15,2157,745
0.15,2158,753
0.15,2159,729
0.15,2160,715
0.15,2161,731
0.15,2162,714
0.15,2163,715
0.15,2164,704
0.15,2165,699
0.15,2166,705
0.15,2167,696
0.15,2168,700
0.15,2169,713
0.15,2170,719
0.15,2171,732
0.15,2172,717
0.15,2173,730
0.15,2174,707
0.15,2175,715
0.15,2176,697
0.15,2177,714
0.15,2178,689
0.15,2179,699
0.15,2180,701
0.15,2181,693
0.15,2182,685
0.15,2183,683
0.15,2184,688
0.15,2185,696
0.15,2186,678
0.15,2187,700
0.15,2188,698
0.15,2189,697
0.15,2190,685
0.15,2191,682
0.15,2192,660
0.15,2193,671
0.15,2194,667
0.15,2195,682
0.15,2196,667
0.15,2197,700
0.15,2198,688
0.15,2199,724
0.15,2200,721
0.15,2201,769
0.15,2202,749
0.15,2203,744
0.15,2204,750
0.15,2205,778
0.15,2206,743
0.15,2207,776
0.15,2208,769
0.15,2209,770
0.15,2210,779
0.15,2211,755
0.15,2212,765
0.15,2213,741
0.15,2214,752
0.15,2215,751
0.15,2216,744
0.15,2217,746
0.15,2218,736
0.15,2219,719
0.15,2220,723
0.15,2221,708
0.15,2222,702
0.15,2223,701
0.15,2224,680
0.15,2225,686
0.15,2226,696
0.15,2227,721
0.15,2228,727
0.15,2229,718
0.15,2230,764
0.15,2231,759
0.15,2232,795
0.15,2233,796
0.15,2234,807
0.15,2235,802
0.15,2236,841
0.15,2237,817
0.15,2238,795
0.15,2239,813
0.15,2240,840
0.15,2241,818
0.15,2242,816
0.15,2243,816
0.15,2244,805
0.15,2245,780
0.15,2246,768
0.15,2247,768
0.15,2248,774
0.15,2249,785
0.15,2250,766
0.15,2251,774
0.15,2252,775
0.15,2253,801
0.15,2254,799
0.15,2255,807
0.15,2256,828
0.15,2257,834
0.15,2258,867
0.15,2259,825
0.15,2260,849
0.15,2261,837
0.15,2262,849
0.15,2263,825
0.15,2264,838
0.15,2265,834
0.15,2266,830
0.15,2267,852
0.15,2268,843
0.15,2269,846
0.15,2270,862
0.15,2271,876
0.15,2272,862
0.15,2273,879
0.15,2274,841
0.15,2275,828
0.15,2276,812
0.15,2277,824
0.15,2278,779
0.15,2279,796
0.15,2280,791
0.15,2281,797
0.15,2282,796
0.15,2283,806
0.15,2284,803
0.15,2285,815
0.15,2286,794
0.15,2287,798
0.15,2288,816
0.15,2289,804
0.15,2290,817
0.15,2291,809
0.15,2292,815
0.15,2293,808
0.15,2294,826
0.15,2295,838
0.15,2296,813
0.15,2297,801
0.15,2298,827
0.15,2299,831
0.15,2300,856
0.15,2301,841
0.15,2302,851
0.15,2303,834
0.15,2304,851
0.15,2305,841
0.15,2306,839
0.15,2307,864
0.15,2308,858
0.15,2309,890
0.15,2310,894
0.15,2311,873
0.15,2312,907
0.15,2313,871
0.15,2314,895
0.15,2315,879
0.15,2316,870
0.15,2317,868
0.15,2318,843
0.15,2319,800
0.15,2320,835
0.15,2321,816
0.15,2322,823
0.15,2323,833
0.15,2324,829
0.15,2325,823
0.15,2326,863
0.15,2327,817
0.15,2328,831
0.15,2329,820
0.15,2330,797
0.15,2331,805
0.15,2332,837
0.15,2333,800
0.15,2334,807
0.15,2335,804
0.15,2336,809
0.15,2337,805
0.15,2338,810
0.15,2339,773
0.15,2340,781
0.15,2341,767
0.15,2342,767
0.15,2343,784
0.15,2344,797
0.15,2345,776
0.15,2346,793
0.15,2347,768
0.15,2348,760
0.15,2349,760
0.15,2350,744
0.15,2351,724
0.15,2352,699
0.15,2353,707
0.15,2354,706
0.15,2355,727
0.15,2356,702
0.15,2357,711
0.15,2358,711
0.15,2359,712
0.15,2360,664
0.15,2361,681
0.15,2362,657
0.15,2363,654
0.15,2364,663
0.15,2365,667
0.15,2366,669
0.15,2367,663
0.15,2368,664
0.15,2369,640
0.15,2370,636
0.15,2371,626
0.15,2372,640
0.15,2373,640
0.15,2374,667
0.15,2375,667
0.15,2376,673
0.15,2377,652
0.15,2378,638
0.15,2379,651
0.15,2380,640
0.15,2381,637
0.15,2382,653
0.15,2383,635
0.15,2384,635
0.15,2385,615
0.15,2386,622
0.15,2387,617
0.15,2388,623
0.15,2389,629
0.15,2390,638
0.15,2391,645
0.15,2392,653
0.15,2393,662
0.15,2394,663
0.15,2395,635
0.15,2396,610
0.15,2397,618
0.15,2398,616
0.15,2399,616
0.15,2400,601
0.15,2401,608
0.15,2402,595
0.15,2403,611
0.15,2404,608
0.15,2405,600
0.15,2406,601
0.15,2407,600
0.15,2408,611
0.15,2409,607
0.15,2410,630
0.15,2411,613
0.15,2412,619
0.15,2413,606
0.15,2414,609
0.15,2415,613
0.15,2416,596
0.15,2417,600
0.15,2418,593
0.15,2419,599
0.15,2420,606
0.15,2421,584
0.15,2422,596
0.15,2423,603
0.15,2424,611
0.15,2425,604
0.15,2426,599
0.15,2427,589
0.15,2428,582
0.15,2429,584
0.15,2430,580
0.15,2431,602
0.15,2432,587
0.15,2433,598
0.15,2434,605
0.15,2435,620
0.15,2436,636
0.15,2437,625
0.15,2438,634
0.15,2439,649
0.15,2440,641
0.15,2441,667
0.15,2442,659
0.15,2443,684
0.15,2444,685
0.15,2445,689
0.15,2446,672
0.15,2447,686
0.15,2448,681
0.15,2449,674
0.15,2450,685
0.15,2451,696
0.15,2452,703
0.15,2453,697
0.15,2454,705
0.15,2455,695
0.15,2456,717
0.15,2457,701
0.15,2458,710
0.15,2459,702
0.15,2460,717
0.15,2461,694
0.15,2462,699
0.15,2463,692
0.15,2464,693
0.15,2465,706
0.15,2466,705
0.15,2467,694
0.15,2468,690
0.15,2469,694
0.15,2470,703
0.15,2471,687
0.15,2472,708
0.15,2473,713
0.15,2474,743
0.15,2475,724
0.15,2476,719
0.15,2477,744
0.15,2478,757
0.15,2479,741
0.15,2480,744
0.15,2481,742
0.15,2482,743
0.15,2483,744
0.15,2484,715
0.15,2485,727
0.15,2486,743
0.15,2487,749
0.15,2488,761
0.15,2489,754
0.15,2490,762
0.15,2491,752
0.15,2492,743
0.15,2493,733
0.15,2494,738
0.15,2495,751
0.15,2496,747
0.15,2497,760
0.15,2498,758
0.15,2499,773
0.15,2500,785
0.15,2501,791
0.15,2502,784
0.15,2503,782
0.15,2504,788
0.15,2505,746
0.15,2506,753
0.15,2507,764
0.15,2508,733
0.15,2509,724
0.15,2510,721
0.15,2511,729
0.15,2512,711
0.15,2513,711
0.15,2514,713
0.15,2515,739
0.15,2516,737
0.15,2517,766
0.15,2518,760
0.15,2519,778
0.15,2520,772
0.15,2521,799
0.15,2522,723
0.15,2523,739
0.15,2524,724
0.15,2525,738
0.15,2526,693
0.15,2527,717
0.15,2528,706
0.15,2529,720
0.15,2530,696
0.15,2531,722
0.15,2532,737
0.15,2533,744
0.15,2534,744
0.15,2535,757
0.15,2536,766
0.15,2537,771
0.15,2538,755
0.15,2539,740
0.15,2540,739
0.15,2541,729
0.15,2542,726
0.15,2543,742
0.15,2544,706
0.15,2545,730
0.15,2546,712
0.15,2547,720
0.15,2548,718
0.15,2549,731
0.15,2550,719
0.15,2551,742
0.15,2552,707
0.15,2553,715
0.15,2554,706
0.15,2555,696
0.15,2556,703
0.15,2557,695
0.15,2558,701
0.15,2559,666
0.15,2560,675
0.15,2561,678
0.15,2562,640
0.15,2563,647
0.15,2564,639
0.15,2565,634
0.15,2566,639
0.15,2567,631
0.15,2568,639
0.15,2569,627
0.15,2570,634
0.15,2571,635
0.15,2572,666
0.15,2573,651
0.15,2574,690
0.15,2575,678
0.15,2576,688
0.15,2577,689
0.15,2578,689
0.15,2579,700
0.15,2580,680
0.15,2581,697
0.15,2582,679
0.15,2583,671
0.15,2584,661
0.15,2585,653
0.15,2586,669
0.15,2587,676
0.15,2588,675
0.15,2589,710
0.15,2590,701
0.15,2591,719
0.15,2592,697
0.15,2593,736
0.15,2594,707
0.15,2595,736
0.15,2596,744
0.15,2597,762
0.15,2598,733
0.15,2599,746
0.15,2600,718
0.15,2601,721
0.15,2602,738
0.15,2603,740
0.15,2604,720
0.15,2605,723
0.15,2606,725
0.15,2607,740
0.15,2608,747
0.15,2609,741
0.15,2610,762
0.15,2611,789
0.15,2612,777
0.15,2613,782
0.15,2614,776
0.15,2615,787
0.15,2616,786
0.15,2617,789
0.15,2618,795
0.15,2619,828
0.15,2620,827
0.15,2621,833
0.15,2622,843
0.15,2623,813
0.15,2624,831
0.15,2625,820
0.15,2626,817
0.15,2627,792
0.15,2628,781
0.15,2629,772
0.15,2630,765
0.15,2631,767
0.15,2632,778
0.15,2633,774
0.15,2634,787
0.15,2635,791
0.15,2636,792
0.15,2637,820
0.15,2638,810
0.15,2639,856
0.15,2640,839
0.15,2641,866
0.15,2642,870
0.15,2643,882
0.15,2644,841
0.15,2645,821
0.15,2646,830
0.15,2647,852
0.15,2648,830
0.15,2649,830
0.15,2650,877
0.15,2651,881
0.15,2652,878
0.15,2653,916
0.15,2654,888
0.15,2655,874
0.15,2656,860
0.15,2657,862
0.15,2658,845
0.15,2659,842
0.15,2660,855
0.15,2661,844
0.15,2662,842
0.15,2663,807
0.15,2664,809
0.15,2665,797
0.15,2666,809
0.15,2667,809
0.15,2668,803
0.15,2669,791
0.15,2670,771
0.15,2671,758
0.15,2672,760
0.15,2673,800
0.15,2674,804
0.15,2675,811
0.15,2676,802
0.15,2677,792
0.15,2678,762
0.15,2679,769
0.15,2680,789
0.15,2681,760
0.15,2682,777
0.15,2683,770
0.15,2684,783
0.15,2685,772
0.15,2686,778
0.15,2687,779
0.15,2688,785
0.15,2689,814
0.15,2690,824
0.15,2691,811
0.15,2692,813
0.15,2693,777
0.15,2694,829
0.15,2695,803
0.15,2696,787
0.15,2697,810
0.15,2698,810
0.15,2699,843
0.15,2700,817
0.15,2701,837
0.15,2702,856
0.15,2703,874
0.15,2704,842
0.15,2705,880
0.15,2706,866
0.15,2707,935
0.15,2708,883
0.15,2709,909
0.15,2710,922
0.15,2711,959
0.15,2712,922
0.15,2713,944
0.15,2714,913
0.15,2715,928
0.15,2716,928
0.15,2717,910
0.15,2718,918
0.15,2719,905
0.15,2720,934
0.15,2721,921
0.15,2722,895
0.15,2723,889
0.15,2724,881
0.15,2725,886
0.15,2726,854
0.15,2727,859
0.15,2728,875
0.15,2729,877
0.15,2730,866
0.15,2731,879
0.15,2732,886
0.15,2733,873
0.15,2734,901
0.15,2735,858
0.15,2736,882
0.15,2737,878
0.15,2738,883
0.15,2739,903
0.15,2740,877
0.15,2741,847
0.15,2742,869
0.15,2743,859
0.15,2744,845
0.15,2745,870
0.15,2746,827
0.15,2747,829
0.15,2748,824
0.15,2749,836
0.15,2750,836
0.15,2751,839
0.15,2752,850
0.15,2753,879
0.15,2754,895
0.15,2755,879
0.15,2756,879
0.15,2757,895
0.15,2758,849
0.15,2759,882
0.15,2760,861
0.15,2761,869
0.15,2762,844
0.15,2763,860
0.15,2764,850
0.15,2765,906
0.15,2766,883
0.15,2767,888
0.15,2768,854
0.15,2769,831
0.15,2770,813
0.15,2771,840
0.15,2772,827
0.15,2773,844
0.15,2774,808
0.15,2775,821
0.15,2776,796
0.15,2777,786
0.15,2778,799
0.15,2779,836
0.15,2780,803
0.15,2781,809
0.15,2782,827
0.15,2783,824
0.15,2784,856
0.15,2785,833
0.15,2786,862
0.15,2787,840
0.15,2788,821
0.15,2789,822
0.15,2790,825
0.15,2791,832
0.15,2792,842
0.15,2793,839
0.15,2794,839
0.15,2795,842
0.15,2796,874
0.15,2797,884
0.15,2798,877
0.15,2799,898
0.15,2800,915
0.15,2801,882
0.15,2802,910
0.15,2803,881
0.15,2804,909
0.15,2805,862
0.15,2806,878
0.15,2807,846
0.15,2808,872
0.15,2809,887
0.15,2810,870
0.15,2811,827
0.15,2812,862
0.15,2813,855
0.15,2814,878
0.15,2815,855
0.15,2816,871
0.15,2817,833
0.15,2818,831
0.15,2819,836
0.15,2820,829
0.15,2821,861
0.15,2822,870
0.15,2823,882
0.15,2824,879
0.15,2825,930
0.15,2826,875
0.15,2827,844
0.15,2828,854
0.15,2829,845
0.15,2830,880
0.15,2831,890
0.15,2832,925
0.15,2833,885
0.15,2834,912
0.15,2835,916
0.15,2836,925
0.15,2837,939
0.15,2838,916
0.15,2839,932
0.15,2840,957
0.15,2841,960
0.15,2842,966
0.15,2843,988
0.15,2844,1005
0.15,2845,996
0.15,2846,981
0.15,2847,965
0.15,2848,955
0.15,2849,989
0.15,2850,984
0.15,2851,992
0.15,2852,952
0.15,2853,954
0.15,2854,931
0.15,2855,918
0.15,2856,909
0.15,2857,924
0.15,2858,901
0.15,2859,885
0.15,2860,859
0.15,2861,877
0.15,2862,896
0.15,2863,911
0.15,2864,905
0.15,2865,911
0.15,2866,912
0.15,2867,902
0.15,2868,884
0.15,2869,936
0.15,2870,901
0.15,2871,950
0.15,2872,915
0.15,2873,945
0.15,2874,923
0.15,2875,920
0.15,2876,919
0.15,2877,912
0.15,2878,920
0.15,2879,910
0.15,2880,895
0.15,2881,920
0.15,2882,922
0.15,2883,969
0.15,2884,948
0.15,2885,970
0.15,2886,932
0.15,2887,964
0.15,2888,953
0.15,2889,961
0.15,2890,960
0.15,2891,960
0.15,2892,918
0.15,2893,949
0.15,2894,936
0.15,2895,929
0.15,2896,962
0.15,2897,916
0.15,2898,913
0.15,2899,927
0.15,2900,910
0.15,2901,901
0.15,2902,856
0.15,2903,878
0.15,2904,866
0.15,2905,864
0.15,2906,862
0.15,2907,840
0.15,2908,848
0.15,2909,815
0.15,2910,803
0.15,2911,806
0.15,2912,824
0.15,2913,823
0.15,2914,783
0.15,2915,781
0.15,2916,755
0.15,2917,769
0.15,2918,746
0.15,2919,723
0.15,2920,727
0.15,2921,700
0.15,2922,710
0.15,2923,732
0.15,2924,746
0.15,2925,788
0.15,2926,781
0.15,2927,787
0.15,2928,803
0.15,2929,805
0.15,2930,788
0.15,2931,766
0.15,2932,775
0.15,2933,761
0.15,2934,776
0.15,2935,780
0.15,2936,776
0.15,2937,772
0.15,2938,793
0.15,2939,765
0.15,2940,765
0.15,2941,747
0.15,2942,759
0.15,2943,761
0.15,2944,776
0.15,2945,758
0.15,2946,767
0.15,2947,764
0.15,2948,745
0.15,2949,741
0.15,2950,753
0.15,2951,730
0.15,2952,723
0.15,2953,716
0.15,2954,725
0.15,2955,726
0.15,2956,723
0.15,2957,741
0.15,2958,698
0.15,2959,727
0.15,2960,678
0.15,2961,696
0.15,2962,701
0.15,2963,722
0.15,2964,709
0.15,2965,700
0.15,2966,678
0.15,2967,692
0.15,2968,674
0.15,2969,686
0.15,2970,703
0.15,2971,693
0.15,2972,704
0.15,2973,708
0.15,2974,712
0.15,2975,726
0.15,2976,709
0.15,2977,723
0.15,2978,720
0.15,2979,728
0.15,2980,723
0.15,2981,729
0.15,2982,732
0.15,2983,735
0.15,2984,767
0.15,2985,741
0.15,2986,761
0.15,2987,748
0.15,2988,771
0.15,2989,721
0.15,2990,719
0.15,2991,723
0.15,2992,716
0.15,2993,705
0.15,2994,688
0.15,2995,697
0.15,2996,700
0.15,2997,730
0.15,2998,730
0.15,2999,724
0.15,3000,686
0.15,3001,654
0.15,3002,667
0.15,3003,670
0.15,3004,683
0.15,3005,711
0.15,3006,721
0.15,3007,720
0.15,3008,705
0.15,3009,723
0.15,3010,716
0.15,3011,723
0.15,3012,728
0.15,3013,737
0.15,3014,750
0.15,3015,717
0.15,3016,754
0.15,3017,724
0.15,3018,782
0.15,3019,758
0.15,3020,789
0.15,3021,809
0.15,3022,802
0.15,3023,791
0.15,3024,747
0.15,3025,754
0.15,3026,690
0.15,3027,689
0.15,3028,680
0.15,3029,698
0.15,3030,679
0.15,3031,694
0.15,3032,700
0.15,3033,673
0.15,3034,691
0.15,3035,678
0.15,3036,675
0.15,3037,658
0.15,3038,670
0.15,3039,661
0.15,3040,685
0.15,3041,676
0.15,3042,715
0.15,3043,677
0.15,3044,678
0.15,3045,675
0.15,3046,705
0.15,3047,675
0.15,3048,676
0.15,3049,667
0.15,3050,669
0.15,3051,643
0.15,3052,653
0.15,3053,648
0.15,3054,638
0.15,3055,639
0.15,3056,628
0.15,3057,614
0.15,3058,603
0.15,3059,613
0.15,3060,592
0.15,3061,587
0.15,3062,579
0.15,3063,554
0.15,3064,552
0.15,3065,564
0.15,3066,560
0.15,3067,565
0.15,3068,555
0.15,3069,565
0.15,3070,554
0.15,3071,554
0.15,3072,554
0.15,3073,557
0.15,3074,547
0.15,3075,552
0.15,3076,542
0.15,3077,550
0.15,3078,526
0.15,3079,530
0.15,3080,525
0.15,3081,547
0.15,3082,528
0.15,3083,533
0.15,3084,519
0.15,3085,524
0.15,3086,525
0.15,3087,525
0.15,3088,536
0.15,3089,534
0.15,3090,530
0.15,3091,524
0.15,3092,529
0.15,3093,516
0.15,3094,519
0.15,3095,511
0.15,3096,509
0.15,3097,506
0.15,3098,503
0.15,3099,502
0.15,3100,500
0.15,3101,506
0.15,3102,506
0.15,3103,513
0.15,3104,509
0.15,3105,505
0.15,3106,502
0.15,3107,498
0.15,3108,497
0.15,3109,502
0.15,3110,498
0.15,3111,501
0.15,3112,504
0.15,3113,508
0.15,3114,498
0.15,3115,500
0.15,3116,501
0.15,3117,500
0.15,3118,504
0.15,3119,504
0.15,3120,499
0.15,3121,506
0.15,3122,501
0.15,3123,499
0.15,3124,502
0.15,3125,506
0.15,3126,512
0.15,3127,512
0.15,3128,516
0.15,3129,513
0.15,3130,522
0.15,3131,525
0.15,3132,536
0.15,3133,532
0.15,3134,532
0.15,3135,530
0.15,3136,543
0.15,3137,536
0.15,3138,544
0.15,3139,553
0.15,3140,546
0.15,3141,545
0.15,3142,559
0.15,3143,552
0.15,3144,560
0.15,3145,565
0.15,3146,561
0.15,3147,562
0.15,3148,557
0.15,3149,558
0.15,3150,557
0.15,3151,566
0.15,3152,558
0.15,3153,558
0.15,3154,563
0.15,3155,557
0.15,3156,561
0.15,3157,549
0.15,3158,548
0.15,3159,558
0.15,3160,547
0.15,3161,551
0.15,3162,562
0.15,3163,573
0.15,3164,573
0.15,3165,573
0.15,3166,573
0.15,3167,590
0.15,3168,589
0.15,3169,587
0.15,3170,581
0.15,3171,595
0.15,3172,593
0.15,3173,603
0.15,3174,586
0.15,3175,581
0.15,3176,578
0.15,3177,575
0.15,3178,570
0.15,3179,574
0.15,3180,570
0.15,3181,578
0.15,3182,568
0.15,3183,588
0.15,3184,582
0.15,3185,582
0.15,3186,571
0.15,3187,575
0.15,3188,565
0.15,3189,579
0.15,3190,567
0.15,3191,538
0.15,3192,547
0.15,3193,527
0.15,3194,521
0.15,3195,522
0.15,3196,507
0.15,3197,515
0.15,3198,523
0.15,3199,520
0.15,3200,530
0.15,3201,536
0.15,3202,541
0.15,3203,539
0.15,3204,557
0.15,3205,544
0.15,3206,547
0.15,3207,559
0.15,3208,550
0.15,3209,539
0.15,3210,552
0.15,3211,557
0.15,3212,552
0.15,3213,554
0.15,3214,560
0.15,3215,555
0.15,3216,562
0.15,3217,558
0.15,3218,566
0.15,3219,539
0.15,3220,535
0.15,3221,537
0.15,3222,544
0.15,3223,530
0.15,3224,528
0.15,3225,518
0.15,3226,510
0.15,3227,512
0.15,3228,504
0.15,3229,502
0.15,3230,507
0.15,3231,508
0.15,3232,494
0.15,3233,504
0.15,3234,495
0.15,3235,499
0.15,3236,497
0.15,3237,486
0.15,3238,483
0.15,3239,485
0.15,3240,477
0.15,3241,482
0.15,3242,483
0.15,3243,489
0.15,3244,486
0.15,3245,495
0.15,3246,490
0.15,3247,505
0.15,3248,494
0.15,3249,499
0.15,3250,499
0.15,3251,508
0.15,3252,500
0.15,3253,492
0.15,3254,491
0.15,3255,489
0.15,3256,496
0.15,3257,492
0.15,3258,505
0.15,3259,500
0.15,3260,509
0.15,3261,496
0.15,3262,498
0.15,3263,495
0.15,3264,489
0.15,3265,495
0.15,3266,488
0.15,3267,490
0.15,3268,499
0.15,3269,495
0.15,3270,510
0.15,3271,492
0.15,3272,492
0.15,3273,489
0.15,3274,501
0.15,3275,498
0.15,3276,508
0.15,3277,495
0.15,3278,509
0.15,3279,496
0.15,3280,506
0.15,3281,497
0.15,3282,504
0.15,3283,495
0.15,3284,492
0.15,3285,496
0.15,3286,500
0.15,3287,506
0.15,3288,500
0.15,3289,505
0.15,3290,499
0.15,3291,497
0.15,3292,498
0.15,3293,502
0.15,3294,510
0.15,3295,516
0.15,3296,525
0.15,3297,521
0.15,3298,526
0.15,3299,518
0.15,3300,528
0.15,3301,523
0.15,3302,535
0.15,3303,526
0.15,3304,534
0.15,3305,535
0.15,3306,539
0.15,3307,552
0.15,3308,530
0.15,3309,542
0.15,3310,529
0.15,3311,532
0.15,3312,515
0.15,3313,518
0.15,3314,513
0.15,3315,518
0.15,3316,523
0.15,3317,528
0.15,3318,537
0.15,3319,551
0.15,3320,537
0.15,3321,534
0.15,3322,532
0.15,3323,529
0.15,3324,537
0.15,3325,525
0.15,3326,536
0.15,3327,532
0.15,3328,530
0.15,3329,534
0.15,3330,537
0.15,3331,527
0.15,3332,538
0.15,3333,524
0.15,3334,526
0.15,3335,517
0.15,3336,522
0.15,3337,537
0.15,3338,531
0.15,3339,527
0.15,3340,518
0.15,3341,522
0.15,3342,524
0.15,3343,517
0.15,3344,530
0.15,3345,523
0.15,3346,539
0.15,3347,529
0.15,3348,536
0.15,3349,531
0.15,3350,560
0.15,3351,558
0.15,3352,571
0.15,3353,550
0.15,3354,555
0.15,3355,553
0.15,3356,548
0.15,3357,531
0.15,3358,518
0.15,3359,523
0.15,3360,528
0.15,3361,529
0.15,3362,529
0.15,3363,527
0.15,3364,524
0.15,3365,514
0.15,3366,516
0.15,3367,519
0.15,3368,526
0.15,3369,523
0.15,3370,538
0.15,3371,538
0.15,3372,530
0.15,3373,523
0.15,3374,505
0.15,3375,499
0.15,3376,499
0.15,3377,492
0.15,3378,498
0.15,3379,496
0.15,3380,513
0.15,3381,499
0.15,3382,496
0.15,3383,511
0.15,3384,499
0.15,3385,506
0.15,3386,494
0.15,3387,488
0.15,3388,488
0.15,3389,486
0.15,3390,498
0.15,3391,481
0.15,3392,482
0.15,3393,485
0.15,3394,494
0.15,3395,493
0.15,3396,504
0.15,3397,513
0.15,3398,517
0.15,3399,508
0.15,3400,496
0.15,3401,496
0.15,3402,490
0.15,3403,489
0.15,3404,499
0.15,3405,503
0.15,3406,500
0.15,3407,511
0.15,3408,512
0.15,3409,512
0.15,3410,519
0.15,3411,514
0.15,3412,518
0.15,3413,529
0.15,3414,526
0.15,3415,531
0.15,3416,530
0.15,3417,521
0.15,3418,510
0.15,3419,523
0.15,3420,505
0.15,3421,500
0.15,3422,513
0.15,3423,504
0.15,3424,510
0.15,3425,515
0.15,3426,506
0.15,3427,510
0.15,3428,524
0.15,3429,503
0.15,3430,501
0.15,3431,496
0.15,3432,501
0.15,3433,505
0.15,3434,511
0.15,3435,515
0.15,3436,516
0.15,3437,531
0.15,3438,523
0.15,3439,542
0.15,3440,523
0.15,3441,528
0.15,3442,529
0.15,3443,520
0.15,3444,526
0.15,3445,531
0.15,3446,527
0.15,3447,519
0.15,3448,525
0.15,3449,519
0.15,3450,534
0.15,3451,526
0.15,3452,542
0.15,3453,542
0.15,3454,555
0.15,3455,560
0.15,3456,546
0.15,3457,550
0.15,3458,539
0.15,3459,528
0.15,3460,536
0.15,3461,546
0.15,3462,552
0.15,3463,559
0.15,3464,557
0.15,3465,564
0.15,3466,569
0.15,3467,571
0.15,3468,564
0.15,3469,562
0.15,3470,569
0.15,3471,568
0.15,3472,559
0.15,3473,558
0.15,3474,569
0.15,3475,555
0.15,3476,540
0.15,3477,533
0.15,3478,541
0.15,3479,531
0.15,3480,523
0.15,3481,533
0.15,3482,518
0.15,3483,526
0.15,3484,504
0.15,3485,498
0.15,3486,506
0.15,3487,504
0.15,3488,501
0.15,3489,491
0.15,3490,498
0.15,3491,499
0.15,3492,504
0.15,3493,495
0.15,3494,511
0.15,3495,501
0.15,3496,523
0.15,3497,500
0.15,3498,511
0.15,3499,505
0.15,3500,508
0.15,3501,493
0.15,3502,500
0.15,3503,502
0.15,3504,500
0.15,3505,509
0.15,3506,504
0.15,3507,518
0.15,3508,512
0.15,3509,522
0.15,3510,510
0.15,3511,510
0.15,3512,520
0.15,3513,509
0.15,3514,519
0.15,3515,508
0.15,3516,508
0.15,3517,518
0.15,3518,511
0.15,3519,522
0.15,3520,522
0.15,3521,535
0.15,3522,535
0.15,3523,547
0.15,3524,545
0.15,3525,560
0.15,3526,562
0.15,3527,561
0.15,3528,560
0.15,3529,578
0.15,3530,547
0.15,3531,546
0.15,3532,546
0.15,3533,541
0.15,3534,542
0.15,3535,524
0.15,3536,532
0.15,3537,536
0.15,3538,562
0.15,3539,535
0.15,3540,546
0.15,3541,533
0.15,3542,552
0.15,3543,540
0.15,3544,539
0.15,3545,534
0.15,3546,538
0.15,3547,537
0.15,3548,531
0.15,3549,541
0.15,3550,535
0.15,3551,553
0.15,3552,543
0.15,3553,561
0.15,3554,555
0.15,3555,575
0.15,3556,548
0.15,3557,570
0.15,3558,564
0.15,3559,561
0.15,3560,546
0.15,3561,543
0.15,3562,532
0.15,3563,540
0.15,3564,543
0.15,3565,543
0.15,3566,547
0.15,3567,556
0.15,3568,559
0.15,3569,573
0.15,3570,553
0.15,3571,561
0.15,3572,559
0.15,3573,554
0.15,3574,568
0.15,3575,574
0.15,3576,558
0.15,3577,564
0.15,3578,564
0.15,3579,554
0.15,3580,561
0.15,3581,552
0.15,3582,563
0.15,3583,562
0.15,3584,555
0.15,3585,564
0.15,3586,559
0.15,3587,586
0.15,3588,550
0.15,3589,556
0.15,3590,554
0.15,3591,557
0.15,3592,578
0.15,3593,556
0.15,3594,573
0.15,3595,559
0.15,3596,568
0.15,3597,581
0.15,3598,554
0.15,3599,565
0.15,3600,552
0.15,3601,556
0.15,3602,556
0.15,3603,550
0.15,3604,561
0.15,3605,546
0.15,3606,555
0.15,3607,539
0.15,3608,540
0.15,3609,527
0.15,3610,534
0.15,3611,520
0.15,3612,537
0.15,3613,509
0.15,3614,535
0.15,3615,509
0.15,3616,519
0.15,3617,516
0.15,3618,523
0.15,3619,520
0.15,3620,525
0.15,3621,540
0.15,3622,540
0.15,3623,548
0.15,3624,556
0.15,3625,555
0.15,3626,570
0.15,3627,587
0.15,3628,611
0.15,3629,595
0.15,3630,599
0.15,3631,574
0.15,3632,588
0.15,3633,581
0.15,3634,586
0.15,3635,581
0.15,3636,604
0.15,3637,599
0.15,3638,601
0.15,3639,603
0.15,3640,609
0.15,3641,605
0.15,3642,619
0.15,3643,633
0.15,3644,627
0.15,3645,629
0.15,3646,638
0.15,3647,652
0.15,3648,640
0.15,3649,614
0.15,3650,628
0.15,3651,613
0.15,3652,606
0.15,3653,597
0.15,3654,593
0.15,3655,607
0.15,3656,619
0.15,3657,612
0.15,3658,624
0.15,3659,614
0.15,3660,620
0.15,3661,591
0.15,3662,592
0.15,3663,589
0.15,3664,585
0.15,3665,563
0.15,3666,568
0.15,3667,563
0.15,3668,574
0.15,3669,574
0.15,3670,598
0.15,3671,588
0.15,3672,604
0.15,3673,603
0.15,3674,602
0.15,3675,605
0.15,3676,617
0.15,3677,615
0.15,3678,631
0.15,3679,617
0.15,3680,638
0.15,3681,644
0.15,3682,642
0.15,3683,642
0.15,3684,633
0.15,3685,625
0.15,3686,609
0.15,3687,639
0.15,3688,621
0.15,3689,610
0.15,3690,614
0.15,3691,602
0.15,3692,603
0.15,3693,615
0.15,3694,613
0.15,3695,644
0.15,3696,630
0.15,3697,661
0.15,3698,630
0.15,3699,611
0.15,3700,633
0.15,3701,591
0.15,3702,595
0.15,3703,568
0.15,3704,576
0.15,3705,551
0.15,3706,554
0.15,3707,549
0.15,3708,557
0.15,3709,556
0.15,3710,554
0.15,3711,539
0.15,3712,538
0.15,3713,552
0.15,3714,541
0.15,3715,520
0.15,3716,508
0.15,3717,514
0.15,3718,508
0.15,3719,524
0.15,3720,510
0.15,3721,514
0.15,3722,511
0.15,3723,506
0.15,3724,519
0.15,3725,514
0.15,3726,532
0.15,3727,527
0.15,3728,558
0.15,3729,540
0.15,3730,561
0.15,3731,564
0.15,3732,572
0.15,3733,565
0.15,3734,582
0.15,3735,576
0.15,3736,574
0.15,3737,574
0.15,3738,580
0.15,3739,560
0.15,3740,560
0.15,3741,550
0.15,3742,557
0.15,3743,564
0.15,3744,559
0.15,3745,575
0.15,3746,577
0.15,3747,616
0.15,3748,587
0.15,3749,570
0.15,3750,573
0.15,3751,571
0.15,3752,588
0.15,3753,578
0.15,3754,566
0.15,3755,588
0.15,3756,572
0.15,3757,576
0.15,3758,575
0.15,3759,573
0.15,3760,572
0.15,3761,579
0.15,3762,576
0.15,3763,584
0.15,3764,589
0.15,3765,576
0.15,3766,575
0.15,3767,570
0.15,3768,567
0.15,3769,568
0.15,3770,566
0.15,3771,551
0.15,3772,548
0.15,3773,544
0.15,3774,571
0.15,3775,564
0.15,3776,588
0.15,3777,591
0.15,3778,618
0.15,3779,583
0.15,3780,595
0.15,3781,601
0.15,3782,635
0.15,3783,584
0.15,3784,582
0.15,3785,566
0.15,3786,550
0.15,3787,559
0.15,3788,543
0.15,3789,552
0.15,3790,543
0.15,3791,542
0.15,3792,543
0.15,3793,545
0.15,3794,541
0.15,3795,540
0.15,3796,537
0.15,3797,524
0.15,3798,526
0.15,3799,517
0.15,3800,509
0.15,3801,505
0.15,3802,509
0.15,3803,500
0.15,3804,498
0.15,3805,497
0.15,3806,499
0.15,3807,496
0.15,3808,493
0.15,3809,494
0.15,3810,490
0.15,3811,490
0.15,3812,492
0.15,3813,497
0.15,3814,497
0.15,3815,503
0.15,3816,498
0.15,3817,507
0.15,3818,503
0.15,3819,509
0.15,3820,511
0.15,3821,512
0.15,3822,514
0.15,3823,510
0.15,3824,506
0.15,3825,509
0.15,3826,509
0.15,3827,512
0.15,3828,505
0.15,3829,506
0.15,3830,501
0.15,3831,504
0.15,3832,508
0.15,3833,503
0.15,3834,508
0.15,3835,500
0.15,3836,514
0.15,3837,506
0.15,3838,514
0.15,3839,499
0.15,3840,494
0.15,3841,495
0.15,3842,496
0.15,3843,496
0.15,3844,496
0.2,0,3294
0.2,1,3375
0.2,2,2970
0.2,3,3064
0.2,4,2884
0.2,5,2823
0.2,6,2753
0.2,7,2761
0.2,8,2653
0.2,9,2595
0.2,10,2613
0.2,11,2529
0.2,12,2580
0.2,13,2496
0.2,14,2458
0.2,15,2430
0.2,16,2428
0.2,17,2362
0.2,18,2265
0.2,19,2321
0.2,20,2197
0.2,21,2215
0.2,22,2140
0.2,23,2145
0.2,24,2087
0.2,25,2123
0.2,26,2013
0.2,27,1972
0.2,28,1985
0.2,29,1971
0.2,30,1963
0.2,31,1936
0.2,32,1968
0.2,33,1948
0.2,34,1951
0.2,35,1904
0.2,36,1976
0.2,37,1968
0.2,38,1967
0.2,39,1925
0.2,40,1876
0.2,41,1978
0.2,42,1928
0.2,43,1980
0.2,44,1912
0.2,45,1891
0.2,46,1891
0.2,47,1899
0.2,48,1849
0.2,49,1811
0.2,50,1820
0.2,51,1789
0.2,52,1816
0.2,53,1747
0.2,54,1781
0.2,55,1788
0.2,56,1812
0.2,57,1797
0.2,58,1779
0.2,59,1764
0.2,60,1803
0.2,61,1784
0.2,62,1768
0.2,63,1689
0.2,64,1728
0.2,65,1651
0.2,66,1701
0.2,67,1618
0.2,68,1704
0.2,69,1602
0.2,70,1661
0.2,71,1668
0.2,72,1682
0.2,73,1614
0.2,74,1639
0.2,75,1632
0.2,76,1620
0.2,77,1554
0.2,78,1604
0.2,79,1579
0.2,80,1501
0.2,81,1595
0.2,82,1495
0.2,83,1531
0.2,84,1532
0.2,85,1548
0.2,86,1605
0.2,87,1584
0.2,88,1612
0.2,89,1547
0.2,90,1586
0.2,91,1567
0.2,92,1612
0.2,93,1598
0.2,94,1631
0.2,95,1581
0.2,96,1688
0.2,97,1618
0.2,98,1684
0.2,99,1631
0.2,100,1615
0.2,101,1618
0.2,102,1612
0.2,103,1655
0.2,104,1648
0.2,105,1638
0.2,106,1737
0.2,107,1664
0.2,108,1731
0.2,109,1702
0.2,110,1726
0.2,111,1729
0.2,112,1713
0.2,113,1670
0.2,114,1693
0.2,115,1636
0.2,116,1690
0.2,117,1631
0.2,118,1672
0.2,119,1668
0.2,120,1622
0.2,121,1661
0.2,122,1582
0.2,123,1624
0.2,124,1544
0.2,125,1575
0.2,126,1567
0.2,127,1557
0.2,128,1556
0.2,129,1549
0.2,130,1629
0.2,131,1539
0.2,132,1575
0.2,133,1555
0.2,134,1636
0.2,135,1649
0.2,136,1601
0.2,137,1574
0.2,138,1557
0.2,139,1546
0.2,140,1439
0.2,141,1472
0.2,142,1493
0.2,143,1496
0.2,144,1491
0.2,145,1531
0.2,146,1544
0.2,147,1453
0.2,148,1488
0.2,149,1442
0.2,150,1505
0.2,151,1420
0.2,152,1479
0.2,153,1460
0.2,154,1436
0.2,155,1361
0.2,156,1423
0.2,157,1390
0.2,158,1361
0.2,159,1342
0.2,160,1307
0.2,161,1353
0.2,162,1346
0.2,163,1390
0.2,164,1431
0.2,165,1473
0.2,166,1436
0.2,167,1457
0.2,168,1418
0.2,169,1379
0.2,170,1377
0.2,171,1471
0.2,172,1416
0.2,173,1427
0.2,174,1365
0.2,175,1394
0.2,176,1393
0.2,177,1432
0.2,178,1340
0.2,179,1439
0.2,180,1399
0.2,181,1452
0.2,182,1370
0.2,183,1408
0.2,184,1345
0.2,185,1391
0.2,186,1338
0.2,187,1374
0.2,188,1293
0.2,189,1319
0.2,190,1256
0.2,191,1294
0.2,192,1276
0.2,193,1265
0.2,194,1246
0.2,195,1246
0.2,196,1245
0.2,197,1238
0.2,198,1186
0.2,199,1219
0.2,200,1201
0.2,201,1183
0.2,202,1155
0.2,203,1217
0.2,204,1134
0.2,205,1160
0.2,206,1121
0.2,207,1158
0.2,208,1138
0.2,209,1197
0.2,210,1192
0.2,211,1184
0.2,212,1162
0.2,213,1206
0.2,214,1172
0.2,215,1211
0.2,216,1186
0.2,217,1192
0.2,218,1168
0.2,219,1160
0.2,220,1175
0.2,221,1164
0.2,222,1160
0.2,223,1141
0.2,224,1168
0.2,225,1151
0.2,226,1107
0.2,227,1091
0.2,228,1083
0.2,229,1084
0.2,230,1060
0.2,231,1042
0.2,232,1081
0.2,233,1062
0.2,234,1060
0.2,235,1071
0.2,236,1063
0.2,237,1074
0.2,238,1111
0.2,239,1121
0.2,240,1158
0.2,241,1187
0.2,242,1193
0.2,243,1210
0.2,244,1275
0.2,245,1230
0.2,246,1280
0.2,247,1286
0.2,248,1267
0.2,249,1283
0.2,250,1290
0.2,251,1278
0.2,252,1260
0.2,253,1276
0.2,254,1241
0.2,255,1226
0.2,256,1183
0.2,257,1269
0.2,258,1275
0.2,259,1298
0.2,260,1280
0.2,261,1320
0.2,262,1349
0.2,263,1311
0.2,264,1284
0.2,265,1229
0.2,266,1295
0.2,267,1293
0.2,268,1268
0.2,269,1335
0.2,270,1307
0.2,271,1381
0.2,272,1379
0.2,273,1362
0.2,274,1389
0.2,275,1381
0.2,276,1390
0.2,277,1402
0.2,278,1364
0.2,279,1350
0.2,280,1327
0.2,281,1293
0.2,282,1304
0.2,283,1297
0.2,284,1367
0.2,285,1364
0.2,286,1338
0.2,287,1270
0.2,288,1300
0.2,289,1289
0.2,290,1325
0.2,291,1351
0.2,292,1344
0.2,293,1355
0.2,294,1298
0.2,295,1332
0.2,296,1319
0.2,297,1277
0.2,298,1293
0.2,299,1260
0.2,300,1283
0.2,301,1238
0.2,302,1232
0.2,303,1188
0.2,304,1243
0.2,305,1225
0.2,306,1248
0.2,307,1231
0.2,308,1281
0.2,309,1242
0.2,310,1267
0.2,311,1287
0.2,312,1270
0.2,313,1310
0.2,314,1359
0.2,315,1331
0.2,316,1378
0.2,317,1306
0.2,318,1343
0.2,319,1319
0.2,320,1313
0.2,321,1284
0.2,322,1312
0.2,323,1274
0.2,324,1292
0.2,325,1305
0.2,326,1250
0.2,327,1282
0.2,328,1220
0.2,329,1276
0.2,330,1222
0.2,331,1219
0.2,332,1228
0.2,333,1170
0.2,334,1200
0.2,335,1191
0.2,336,1183
0.2,337,1200
0.2,338,1165
0.2,339,1164
0.2,340,1188
0.2,341,1193
0.2,342,1200
0.2,343,1171
0.2,344,1181
0.2,345,1164
0.2,346,1179
0.2,347,1141
0.2,348,1172
0.2,349,1136
0.2,350,1137
0.2,351,1117
0.2,352,1167
0.2,353,1163
0.2,354,1143
0.2,355,1175
0.2,356,1240
0.2,357,1189
0.2,358,1234
0.2,359,1197
0.2,360,1252
0.2,361,1194
0.2,362,1209
0.2,363,1218
0.2,364,1256
0.2,365,1228
0.2,366,1282
0.2,367,1306
0.2,368,1246
0.2,369,1251
0.2,370,1247
0.2,371,1198
0.2,372,1246
0.2,373,1243
0.2,374,1219
0.2,375,1302
0.2,376,1317
0.2,377,1321
0.2,378,1270
0.2,379,1279
0.2,380,1243
0.2,381,1268
0.2,382,1307
0.2,383,1295
0.2,384,1301
0.2,385,1295
0.2,386,1293
0.2,387,1273
0.2,388,1233
0.2,389,1276
0.2,390,1283
0.2,391,1300
0.2,392,1307
0.2,393,1326
0.2,394,1297
0.2,395,1331
0.2,396,1205
0.2,397,1226
0.2,398,1159
0.2,399,1194
0.2,400,1182
0.2,401,1195
0.2,402,1207
0.2,403,1183
0.2,404,1151
0.2,405,1205
0.2,406,1157
0.2,407,1186
0.2,408,1155
0.2,409,1186
0.2,410,1194
0.2,411,1226
0.2,412,1232
0.2,413,1225
0.2,414,1297
0.2,415,1233
0.2,416,1252
0.2,417,1293
0.2,418,1291
0.2,419,1275
0.2,420,1264
0.2,421,1226
0.2,422,1208
0.2,423,1098
0.2,424,1137
0.2,425,1098
0.2,426,1120
0.2,427,1064
0.2,428,1113
0.2,429,1131
0.2,430,1147
0.2,431,1100
0.2,432,1107
0.2,433,1180
0.2,434,1123
0.2,435,1158
0.2,436,1122
0.2,437,1118
0.2,438,1112
0.2,439,1094
0.2,440,1044
0.2,441,1073
0.2,442,1034
0.2,443,1069
0.2,444,1044
0.2,445,1025
0.2,446,1000
0.2,447,990
0.2,448,1007
0.2,449,993
0.2,450,1020
0.2,451,1039
0.2,452,1016
0.2,453,1014
0.2,454,983
0.2,455,988
0.2,456,982
0.2,457,970
0.2,458,940
0.2,459,939
0.2,460,941
0.2,461,989
0.2,462,968
0.2,463,1007
0.2,464,979
0.2,465,979
0.2,466,937
0.2,467,961
0.2,468,907
0.2,469,891
0.2,470,898
0.2,471,880
0.2,472,891
0.2,473,860
0.2,474,872
0.2,475,865
0.2,476,903
0.2,477,910
0.2,478,891
0.2,479,906
0.2,480,916
0.2,481,977
0.2,482,950
0.2,483,1012
0.2,484,916
0.2,485,924
0.2,486,900
0.2,487,868
0.2,488,897
0.2,489,863
0.2,490,841
0.2,491,820
0.2,492,836
0.2,493,831
0.2,494,856
0.2,495,875
0.2,496,903
0.2,497,926
0.2,498,938
0.2,499,898
0.2,500,942
0.2,501,931
0.2,502,922
0.2,503,947
0.2,504,920
0.2,505,954
0.2,506,977
0.2,507,988
0.2,508,1015
0.2,509,1016
0.2,510,998
0.2,511,960
0.2,512,961
0.2,513,993
0.2,514,979
0.2,515,956
0.2,516,959
0.2,517,938
0.2,518,900
0.2,519,903
0.2,520,946
0.2,521,906
0.2,522,928
0.2,523,943
0.2,524,970
0.2,525,982
0.2,526,978
0.2,527,963
0.2,528,985
0.2,529,987
0.2,530,968
0.2,531,961
0.2,532,979
0.2,533,991
0.2,534,1008
0.2,535,1031
0.2,536,1016
0.2,537,1070
0.2,538,1054
0.2,539,1084
0.2,540,1043
0.2,541,1053
0.2,542,1066
0.2,543,1022
0.2,544,1031
0.2,545,1026
0.2,546,1025
0.2,547,991
0.2,548,1019
0.2,549,1037
0.2,550,1062
0.2,551,1058
0.2,552,1055
0.2,553,1055
0.2,554,1052
0.2,555,1035
0.2,556,993
0.2,557,1013
0.2,558,1011
0.2,559,971
0.2,560,993
0.2,561,999
0.2,562,968
0.2,563,1032
0.2,564,961
0.2,565,964
0.2,566,965
0.2,567,983
0.2,568,1018
0.2,569,980
0.2,570,981
0.2,571,930
0.2,572,932
0.2,573,905
0.2,574,895
0.2,575,926
0.2,576,904
0.2,577,893
0.2,578,934
0.2,579,915
0.2,580,925
0.2,581,884
0.2,582,886
0.2,583,871
0.2,584,893
0.2,585,865
0.2,586,835
0.2,587,827
0.2,588,872
0.2,589,858
0.2,590,838
0.2,591,833
0.2,592,865
0.2,593,862
0.2,594,827
0.2,595,815
0.2,596,821
0.2,597,821
0.2,598,831
0.2,599,823
0.2,600,825
0.2,601,791
0.2,602,815
0.2,603,788
0.2,604,837
0.2,605,797
0.2,606,810
0.2,607,785
0.2,608,785
0.2,609,795
0.2,610,787
0.2,611,748
0.2,612,725
0.2,613,732
0.2,614,746
0.2,615,755
0.2,616,765
0.2,617,784
0.2,618,789
0.2,619,800
0.2,620,769
0.2,621,804
0.2,622,802
0.2,623,820
0.2,624,805
0.2,625,797
0.2,626,809
0.2,627,801
0.2,628,761
0.2,629,778
0.2,630,767
0.2,631,767
0.2,632,781
0.2,633,756
0.2,634,747
0.2,635,756
0.2,636,759
0.2,637,775
0.2,638,747
0.2,639,772
0.2,640,714
0.2,641,709
0.2,642,717
0.2,643,740
0.2,644,736
0.2,645,760
0.2,646,776
0.2,647,771
0.2,648,784
0.2,649,778
0.2,650,777
0.2,651,752
0.2,652,743
0.2,653,726
0.2,654,722
0.2,655,703
0.2,656,735
0.2,657,722
0.2,658,756
0.2,659,733
0.2,660,747
0.2,661,747
0.2,662,749
0.2,663,727
0.2,664,718
0.2,665,738
0.2,666,718
0.2,667,718
0.2,668,673
0.2,669,698
0.2,670,682
0.2,671,705
0.2,672,705
0.2,673,714
0.2,674,689
0.2,675,700
0.2,676,705
0.2,677,729
0.2,678,724
0.2,679,761
0.2,680,756
0.2,681,744
0.2,682,771
0.2,683,744
0.2,684,769
0.2,685,749
0.2,686,760
0.2,687,727
0.2,688,750
0.2,689,731
0.2,690,745
0.2,691,704
0.2,692,705
0.2,693,692
0.2,694,707
0.2,695,689
0.2,696,722
0.2,697,678
0.2,698,692
0.2,699,677
0.2,700,693
0.2,701,667
0.2,702,675
0.2,703,644
0.2,704,648
0.2,705,632
0.2,706,655
0.2,707,619
0.2,708,636
0.2,709,640
0.2,710,645
0.2,711,604
0.2,712,592
0.2,713,615
0.2,714,602
0.2,715,621
0.2,716,623
0.2,717,626
0.2,718,628
0.2,719,614
0.2,720,640
0.2,721,648
0.2,722,668
0.2,723,632
0.2,724,622
0.2,725,622
0.2,726,642
0.2,727,628
0.2,728,646
0.2,729,631
0.2,730,643
0.2,731,625
0.2,732,637
0.2,733,616
0.2,734,627
0.2,735,635
0.2,736,623
0.2,737,624
0.2,738,638
0.2,739,618
0.2,740,598
0.2,741,610
0.2,742,604
0.2,743,602
0.2,744,576
0.2,745,553
0.2,746,558
0.2,747,541
0.2,748,548
0.2,749,555
0.2,750,576
0.2,751,567
0.2,752,580
0.2,753,582
0.2,754,573
0.2,755,586
0.2,756,573
0.2,757,564
0.2,758,576
0.2,759,591
0.2,760,588
0.2,761,562
0.2,762,557
0.2,763,569
0.2,764,567
0.2,765,562
0.2,766,553
0.2,767,550
0.2,768,561
0.2,769,531
0.2,770,570
0.2,771,565
0.2,772,576
0.2,773,562
0.2,774,578
0.2,775,557
0.2,776,537
0.2,777,543
0.2,778,551
0.2,779,571
0.2,780,596
0.2,781,584
0.2,782,580
0.2,783,625
0.2,784,595
0.2,785,628
0.2,786,612
0.2,787,638
0.2,788,602
0.2,789,605
0.2,790,600
0.2,791,598
0.2,792,602
0.2,793,624
0.2,794,624
0.2,795,679
0.2,796,644
0.2,797,624
0.2,798,610
0.2,799,622
0.2,800,607
0.2,801,610
0.2,802,584
0.2,803,595
0.2,804,575
0.2,805,591
0.2,806,576
0.2,807,584
0.2,808,581
0.2,809,608
0.2,810,593
0.2,811,587
0.2,812,585
0.2,813,595
0.2,814,615
0.2,815,591
0.2,816,606
0.2,817,605
0.2,818,584
0.2,819,586
0.2,820,578
0.2,821,602
0.2,822,607
0.2,823,630
0.2,824,613
0.2,825,612
0.2,826,603
0.2,827,628
0.2,828,607
0.2,829,608
0.2,830,617
0.2,831,622
0.2,832,624
0.2,833,634
0.2,834,625
0.2,835,622
0.2,836,608
0.2,837,625
0.2,838,618
0.2,839,625
0.2,840,613
0.2,841,636
0.2,842,631
0.2,843,637
0.2,844,627
0.2,845,633
0.2,846,666
0.2,847,669
0.2,848,659
0.2,849,647
0.2,850,654
0.2,851,660
0.2,852,648
0.2,853,637
0.2,854,638
0.2,855,649
0.2,856,661
0.2,857,658
0.2,858,656
0.2,859,665
0.2,860,659
0.2,861,677
0.2,862,682
0.2,863,682
0.2,864,689
0.2,865,715
0.2,866,707
0.2,867,748
0.2,868,702
0.2,869,739
0.2,870,700
0.2,871,740
0.2,872,702
0.2,873,690
0.2,874,662
0.2,875,672
0.2,876,673
0.2,877,665
0.2,878,709
0.2,879,661
0.2,880,675
0.2,881,663
0.2,882,643
0.2,883,634
0.2,884,609
0.2,885,619
0.2,886,626
0.2,887,640
0.2,888,631
0.2,889,630
0.2,890,627
0.2,891,611
0.2,892,621
0.2,893,616
0.2,894,638
0.2,895,620
0.2,896,624
0.2,897,615
0.2,898,605
0.2,899,600
0.2,900,581
0.2,901,597
0.2,902,596
0.2,903,617
0.2,904,609
0.2,905,605
0.2,906,621
0.2,907,581
0.2,908,580
0.2,909,567
0.2,910,583
0.2,911,574
0.2,912,559
0.2,913,555
0.2,914,555
0.2,915,536
0.2,916,550
0.2,917,541
0.2,918,517
0.2,919,522
0.2,920,519
0.2,921,523
0.2,922,516
0.2,923,513
0.2,924,521
0.2,925,525
0.2,926,550
0.2,927,537
0.2,928,544
0.2,929,550
0.2,930,556
0.2,931,555
0.2,932,566
0.2,933,579
0.2,934,569
0.2,935,569
0.2,936,564
0.2,937,579
0.2,938,572
0.2,939,602
0.2,940,575
0.2,941,577
0.2,942,555
0.2,943,561
0.2,944,543
0.2,945,550
0.2,946,557
0.2,947,573
0.2,948,552
0.2,949,549
0.2,950,544
0.2,951,547
0.2,952,558
0.2,953,562
0.2,954,568
0.2,955,560
0.2,956,580
0.2,957,589
0.2,958,604
0.2,959,597
0.2,960,612
0.2,961,583
0.2,962,593
0.2,963,599
0.2,964,606
0.2,965,586
0.2,966,593
0.2,967,597
0.2,968,583
0.2,969,585
0.2,970,584
0.2,971,576
0.2,972,601
0.2,973,586
0.2,974,594
0.2,975,586
0.2,976,580
0.2,977,582
0.2,978,584
0.2,979,585
0.2,980,569
0.2,981,557
0.2,982,545
0.2,983,541
0.2,984,561
0.2,985,524
0.2,986,513
0.2,987,507
0.2,988,500
0.2,989,500
0.2,990,503
0.2,991,513
0.2,992,528
0.2,993,511
0.2,994,512
0.2,995,508
0.2,996,521
0.2,997,513
0.2,998,522
0.2,999,524
0.2,1000,524
0.2,1001,517
0.2,1002,513
0.2,1003,506
0.2,1004,512
0.2,1005,495
0.2,1006,488
0.2,1007,494
0.2,1008,497
0.2,1009,485
0.2,1010,496
0.2,1011,486
0.2,1012,482
0.2,1013,475
0.2,1014,482
0.2,1015,489
0.2,1016,490
0.2,1017,488
0.2,1018,488
0.2,1019,487
0.2,1020,498
0.2,1021,489
0.2,1022,501
0.2,1023,505
0.2,1024,496
0.2,1025,504
0.2,1026,494
0.2,1027,506
0.2,1028,498
0.2,1029,495
0.2,1030,502
0.2,1031,514
0.2,1032,517
0.2,1033,515
0.2,1034,504
0.2,1035,508
0.2,1036,510
0.2,1037,515
0.2,1038,511
0.2,1039,505
0.2,1040,512
0.2,1041,501
0.2,1042,501
0.2,1043,519
0.2,1044,509
0.2,1045,524
0.2,1046,509
0.2,1047,527
0.2,1048,501
0.2,1049,494
0.2,1050,520
0.2,1051,497
0.2,1052,497
0.2,1053,478
0.2,1054,472
0.2,1055,495
0.2,1056,484
0.2,1057,476
0.2,1058,487
0.2,1059,488
0.2,1060,506
0.2,1061,522
0.2,1062,502
0.2,1063,491
0.2,1064,500
0.2,1065,501
0.2,1066,516
0.2,1067,512
0.2,1068,523
0.2,1069,542
0.2,1070,527
0.2,1071,535
0.2,1072,519
0.2,1073,525
0.2,1074,524
0.2,1075,519
0.2,1076,516
0.2,1077,510
0.2,1078,512
0.2,1079,529
0.2,1080,538
0.2,1081,535
0.2,1082,542
0.2,1083,509
0.2,1084,513
0.2,1085,512
0.2,1086,512
0.2,1087,527
0.2,1088,510
0.2,1089,551
0.2,1090,523
0.2,1091,539
0.2,1092,513
0.2,1093,511
0.2,1094,515
0.2,1095,519
0.2,1096,532
0.2,1097,514
0.2,1098,531
0.2,1099,526
0.2,1100,520
0.2,1101,521
0.2,1102,533
0.2,1103,540
0.2,1104,544
0.2,1105,558
0.2,1106,554
0.2,1107,532
0.2,1108,531
0.2,1109,530
0.2,1110,511
0.2,1111,519
0.2,1112,530
0.2,1113,519
0.2,1114,527
0.2,1115,519
0.2,1116,504
0.2,1117,531
0.2,1118,518
0.2,1119,530
0.2,1120,511
0.2,1121,498
0.2,1122,494
0.2,1123,492
0.2,1124,501
0.2,1125,507
0.2,1126,507
0.2,1127,509
0.2,1128,501
0.2,1129,511
0.2,1130,512
0.2,1131,527
0.2,1132,508
0.2,1133,521
0.2,1134,515
0.2,1135,527
0.2,1136,518
0.2,1137,540
0.2,1138,524
0.2,1139,556
0.2,1140,527
0.2,1141,544
0.2,1142,542
0.2,1143,547
0.2,1144,524
0.2,1145,530
0.2,1146,540
0.2,1147,541
0.2,1148,519
0.2,1149,525
0.2,1150,513
0.2,1151,518
0.2,1152,502
0.2,1153,504
0.2,1154,515
0.2,1155,518
0.2,1156,517
0.2,1157,521
0.2,1158,508
0.2,1159,504
0.2,1160,495
0.2,1161,500
0.2,1162,489
0.2,1163,499
0.2,1164,498
0.2,1165,509
0.2,1166,512
0.2,1167,515
0.2,1168,530
0.2,1169,517
0.2,1170,533
0.2,1171,510
0.2,1172,498
0.2,1173,506
0.2,1174,502
0.2,1175,507
0.2,1176,503
0.2,1177,512
0.2,1178,506
0.2,1179,498
0.2,1180,513
0.2,1181,508
0.2,1182,507
0.2,1183,509
0.2,1184,501
0.2,1185,500
0.2,1186,498
0.2,1187,495
0.2,1188,498
0.2,1189,494
0.2,1190,510
0.2,1191,500
0.2,1192,501
0.2,1193,509
0.2,1194,513
0.2,1195,503
0.2,1196,500
0.2,1197,520
0.2,1198,507
0.2,1199,504
0.2,1200,511
0.2,1201,515
0.2,1202,494
0.2,1203,495
0.2,1204,509
0.2,1205,501
0.2,1206,517
0.2,1207,514
0.2,1208,531
0.2,1209,534
0.2,1210,562
0.2,1211,551
0.2,1212,557
0.2,1213,545
0.2,1214,574
0.2,1215,542
0.2,1216,565
0.2,1217,557
0.2,1218,558
0.2,1219,548
0.2,1220,547
0.2,1221,543
0.2,1222,553
0.2,1223,542
0.2,1224,522
0.2,1225,522
0.2,1226,539
0.2,1227,534
0.2,1228,535
0.2,1229,528
0.2,1230,533
0.2,1231,525
0.2,1232,540
0.2,1233,530
0.2,1234,547
0.2,1235,548
0.2,1236,556
0.2,1237,554
0.2,1238,563
0.2,1239,535
0.2,1240,547
0.2,1241,543
0.2,1242,543
0.2,1243,527
0.2,1244,535
0.2,1245,539
0.2,1246,546
0.2,1247,527
0.2,1248,543
0.2,1249,552
0.2,1250,561
0.2,1251,542
0.2,1252,548
0.2,1253,544
0.2,1254,530
0.2,1255,531
0.2,1256,519
0.2,1257,531
0.2,1258,527
0.2,1259,552
0.2,1260,529
0.2,1261,526
0.2,1262,535
0.2,1263,526
0.2,1264,532
0.2,1265,517
0.2,1266,528
0.2,1267,523
0.2,1268,535
0.2,1269,510
0.2,1270,512
0.2,1271,515
0.2,1272,511
0.2,1273,515
0.2,1274,505
0.2,1275,510
0.2,1276,514
0.2,1277,528
0.2,1278,535
0.2,1279,544
0.2,1280,553
0.2,1281,544
0.2,1282,546
0.2,1283,531
0.2,1284,534
0.2,1285,541
0.2,1286,553
0.2,1287,550
0.2,1288,552
0.2,1289,535
0.2,1290,527
0.2,1291,523
0.2,1292,548
0.2,1293,507
0.2,1294,512
0.2,1295,534
0.2,1296,516
0.2,1297,528
0.2,1298,517
0.2,1299,526
0.2,1300,520
0.2,1301,516
0.2,1302,528
0.2,1303,510
0.2,1304,521
0.2,1305,526
0.2,1306,524
0.2,1307,509
0.2,1308,513
0.2,1309,506
0.2,1310,480
0.2,1311,483
0.2,1312,484
0.2,1313,489
0.2,1314,504
0.2,1315,505
0.2,1316,518
0.2,1317,522
0.2,1318,517
0.2,1319,521
0.2,1320,516
0.2,1321,536
0.2,1322,516
0.2,1323,522
0.2,1324,529
0.2,1325,523
0.2,1326,543
0.2,1327,527
0.2,1328,513
0.2,1329,519
0.2,1330,512
0.2,1331,518
0.2,1332,507
0.2,1333,515
0.2,1334,523
0.2,1335,534
0.2,1336,530
0.2,1337,535
0.2,1338,540
0.2,1339,528
0.2,1340,529
0.2,1341,539
0.2,1342,534
0.2,1343,526
0.2,1344,555
0.2,1345,540
0.2,1346,557
0.2,1347,546
0.2,1348,554
0.2,1349,558
0.2,1350,567
0.2,1351,568
0.2,1352,559
0.2,1353,558
0.2,1354,542
0.2,1355,558
0.2,1356,555
0.2,1357,565
0.2,1358,567
0.2,1359,560
0.2,1360,558
0.2,1361,569
0.2,1362,562
0.2,1363,566
0.2,1364,560
0.2,1365,538
0.2,1366,538
0.2,1367,526
0.2,1368,521
0.2,1369,530
0.2,1370,524
0.2,1371,528
0.2,1372,536
0.2,1373,546
0.2,1374,547
0.2,1375,560
0.2,1376,540
0.2,1377,543
0.2,1378,557
0.2,1379,568
0.2,1380,566
0.2,1381,565
0.2,1382,550
0.2,1383,555
0.2,1384,570
0.2,1385,555
0.2,1386,564
0.2,1387,558
0.2,1388,557
0.2,1389,576
0.2,1390,577
0.2,1391,580
0.2,1392,572
0.2,1393,563
0.2,1394,576
0.2,1395,564
0.2,1396,572
0.2,1397,583
0.2,1398,571
0.2,1399,582
0.2,1400,565
0.2,1401,576
0.2,1402,581
0.2,1403,598
0.2,1404,626
0.2,1405,579
0.2,1406,601
0.2,1407,592
0.2,1408,625
0.2,1409,598
0.2,1410,625
0.2,1411,574
0.2,1412,596
0.2,1413,570
0.2,1414,590
0.2,1415,572
0.2,1416,588
0.2,1417,586
0.2,1418,567
0.2,1419,585
0.2,1420,546
0.2,1421,548
0.2,1422,547
0.2,1423,539
0.2,1424,537
0.2,1425,559
0.2,1426,539
0.2,1427,543
0.2,1428,536
0.2,1429,545
0.2,1430,546
0.2,1431,547
0.2,1432,545
0.2,1433,554
0.2,1434,560
0.2,1435,570
0.2,1436,543
0.2,1437,536
0.2,1438,543
0.2,1439,532
0.2,1440,548
0.2,1441,538
0.2,1442,558
0.2,1443,535
0.2,1444,532
0.2,1445,535
0.2,1446,544
0.2,1447,546
0.2,1448,544
0.2,1449,544
0.2,1450,551
0.2,1451,549
0.2,1452,564
0.2,1453,563
0.2,1454,563
0.2,1455,553
0.2,1456,587
0.2,1457,583
0.2,1458,591
0.2,1459,609
0.2,1460,625
0.2,1461,608
0.2,1462,617
0.2,1463,628
0.2,1464,615
0.2,1465,603
0.2,1466,600
0.2,1467,609
0.2,1468,600
0.2,1469,608
0.2,1470,618
0.2,1471,598
0.2,1472,613
0.2,1473,627
0.2,1474,650
0.2,1475,625
0.2,1476,666
0.2,1477,664
0.2,1478,672
0.2,1479,689
0.2,1480,674
0.2,1481,715
0.2,1482,700
0.2,1483,702
0.2,1484,693
0.2,1485,711
0.2,1486,692
0.2,1487,705
0.2,1488,708
0.2,1489,704
0.2,1490,667
0.2,1491,662
0.2,1492,684
0.2,1493,693
0.2,1494,694
0.2,1495,696
0.2,1496,711
0.2,1497,660
0.2,1498,633
0.2,1499,645
0.2,1500,629
0.2,1501,642
0.2,1502,626
0.2,1503,614
0.2,1504,612
0.2,1505,595
0.2,1506,606
0.2,1507,616
0.2,1508,591
0.2,1509,581
0.2,1510,601
0.2,1511,581
0.2,1512,604
0.2,1513,586
0.2,1514,586
0.2,1515,587
0.2,1516,595
0.2,1517,612
0.2,1518,611
0.2,1519,636
0.2,1520,644
0.2,1521,625
0.2,1522,611
0.2,1523,615
0.2,1524,616
0.2,1525,624
0.2,1526,635
0.2,1527,638
0.2,1528,652
0.2,1529,671
0.2,1530,671
0.2,1531,660
0.2,1532,646
0.2,1533,638
0.2,1534,640
0.2,1535,631
0.2,1536,647
0.2,1537,644
0.2,1538,636
0.2,1539,650
0.2,1540,667
0.2,1541,668
0.2,1542,672
0.2,1543,666
0.2,1544,684
0.2,1545,660
0.2,1546,642
0.2,1547,628
0.2,1548,619
0.2,1549,615
0.2,1550,611
0.2,1551,624
0.2,1552,605
0.2,1553,620
0.2,1554,623
0.2,1555,652
0.2,1556,631
0.2,1557,642
0.2,1558,607
0.2,1559,598
0.2,1560,593
0.2,1561,610
0.2,1562,606
0.2,1563,599
0.2,1564,600
0.2,1565,615
0.2,1566,601
0.2,1567,589
0.2,1568,599
0.2,1569,585
0.2,1570,570
0.2,1571,554
0.2,1572,554
0.2,1573,567
0.2,1574,583
0.2,1575,588
0.2,1576,592
0.2,1577,628
0.2,1578,602
0.2,1579,622
0.2,1580,626
0.2,1581,622
0.2,1582,622
0.2,1583,600
0.2,1584,601
0.2,1585,605
0.2,1586,618
0.2,1587,601
0.2,1588,625
0.2,1589,594
0.2,1590,601
0.2,1591,602
0.2,1592,601
0.2,1593,610
0.2,1594,599
0.2,1595,611
0.2,1596,620
0.2,1597,618
0.2,1598,612
0.2,1599,639
0.2,1600,599
0.2,1601,613
0.2,1602,614
0.2,1603,629
0.2,1604,614
0.2,1605,641
0.2,1606,617
0.2,1607,621
0.2,1608,624
0.2,1609,629
0.2,1610,635
0.2,1611,639
0.2,1612,651
0.2,1613,653
0.2,1614,659
0.2,1615,669
0.2,1616,659
0.2,1617,649
0.2,1618,649
0.2,1619,656
0.2,1620,634
0.2,1621,637
0.2,1622,638
0.2,1623,663
0.2,1624,667
0.2,1625,666
0.2,1626,667
0.2,1627,667
0.2,1628,653
0.2,1629,687
0.2,1630,683
0.2,1631,692
0.2,1632,693
0.2,1633,692
0.2,1634,696
0.2,1635,682
0.2,1636,681
0.2,1637,708
0.2,1638,654
0.2,1639,665
0.2,1640,640
0.2,1641,664
0.2,1642,685
0.2,1643,692
0.2,1644,718
0.2,1645,705
0.2,1646,722
0.2,1647,725
0.2,1648,732
0.2,1649,722
0.2,1650,701
0.2,1651,691
0.2,1652,700
0.2,1653,689
0.2,1654,665
0.2,1655,673
0.2,1656,686
0.2,1657,708
0.2,1658,707
0.2,1659,700
0.2,1660,735
0.2,1661,693
0.2,1662,723
0.2,1663,698
0.2,1664,701
0.2,1665,697
0.2,1666,717
0.2,1667,688
0.2,1668,676
0.2,1669,678
0.2,1670,676
0.2,1671,643
0.2,1672,625
0.2,1673,612
0.2,1674,618
0.2,1675,605
0.2,1676,600
0.2,1677,590
0.2,1678,592
0.2,1679,602
0.2,1680,616
0.2,1681,593
0.2,1682,603
0.2,1683,591
0.2,1684,598
0.2,1685,605
0.2,1686,605
0.2,1687,615
0.2,1688,624
0.2,1689,608
0.2,1690,613
0.2,1691,622
0.2,1692,601
0.2,1693,586
0.2,1694,598
0.2,1695,600
0.2,1696,608
0.2,1697,605
0.2,1698,608
0.2,1699,624
0.2,1700,602
0.2,1701,602
0.2,1702,622
0.2,1703,626
0.2,1704,631
0.2,1705,638
0.2,1706,654
0.2,1707,615
0.2,1708,634
0.2,1709,617
0.2,1710,640
0.2,1711,611
0.2,1712,624
0.2,1713,613
0.2,1714,619
0.2,1715,644
0.2,1716,647
0.2,1717,624
0.2,1718,621
0.2,1719,613
0.2,1720,623
0.2,1721,605
0.2,1722,628
0.2,1723,629
0.2,1724,636
0.2,1725,626
0.2,1726,634
0.2,1727,630
0.2,1728,632
0.2,1729,632
0.2,1730,630
0.2,1731,620
0.2,1732,631
0.2,1733,640
0.2,1734,628
0.2,1735,639
0.2,1736,634
0.2,1737,647
0.2,1738,628
0.2,1739,656
0.2,1740,640
0.2,1741,660
0.2,1742,666
0.2,1743,675
0.2,1744,683
0.2,1745,643
0.2,1746,633
0.2,1747,624
0.2,1748,613
0.2,1749,609
0.2,1750,613
0.2,1751,628
0.2,1752,591
0.2,1753,596
0.2,1754,595
0.2,1755,599
0.2,1756,588
0.2,1757,589
0.2,1758,562
0.2,1759,568
0.2,1760,553
0.2,1761,544
0.2,1762,544
0.2,1763,549
0.2,1764,553
0.2,1765,567
0.2,1766,556
0.2,1767,560
0.2,1768,548
0.2,1769,557
0.2,1770,549
0.2,1771,563
0.2,1772,550
0.2,1773,556
0.2,1774,554
0.2,1775,553
0.2,1776,568
0.2,1777,563
0.2,1778,561
0.2,1779,574
0.2,1780,543
0.2,1781,562
0.2,1782,547
0.2,1783,538
0.2,1784,542
0.2,1785,534
0.2,1786,542
0.2,1787,551
0.2,1788,546
0.2,1789,552
0.2,1790,542
0.2,1791,539
0.2,1792,535
0.2,1793,545
0.2,1794,533
0.2,1795,545
0.2,1796,543
0.2,1797,562
0.2,1798,552
0.2,1799,573
0.2,1800,562
0.2,1801,564
0.2,1802,549
0.2,1803,549
0.2,1804,551
0.2,1805,545
0.2,1806,546
0.2,1807,549
0.2,1808,555
0.2,1809,557
0.2,1810,549
0.2,1811,560
0.2,1812,550
0.2,1813,547
0.2,1814,529
0.2,1815,530
0.2,1816,531
0.2,1817,534
0.2,1818,546
0.2,1819,540
0.2,1820,566
0.2,1821,545
0.2,1822,537
0.2,1823,534
0.2,1824,535
0.2,1825,537
0.2,1826,546
0.2,1827,539
0.2,1828,554
0.2,1829,544
0.2,1830,554
0.2,1831,524
0.2,1832,525
0.2,1833,518
0.2,1834,522
0.2,1835,519
0.2,1836,520
0.2,1837,517
0.2,1838,526
0.2,1839,523
0.2,1840,534
0.2,1841,524
0.2,1842,538
0.2,1843,533
0.2,1844,544
0.2,1845,557
0.2,1846,563
0.2,1847,576
0.2,1848,590
0.2,1849,572
0.2,1850,586
0.2,1851,568
0.2,1852,569
0.2,1853,560
0.2,1854,565
0.2,1855,563
0.2,1856,579
0.2,1857,587
0.2,1858,592
0.2,1859,598
0.2,1860,582
0.2,1861,574
0.2,1862,576
0.2,1863,588
0.2,1864,588
0.2,1865,600
0.2,1866,602
0.2,1867,604
0.2,1868,631
0.2,1869,615
0.2,1870,617
0.2,1871,631
0.2,1872,623
0.2,1873,634
0.2,1874,645
0.2,1875,647
0.2,1876,657
0.2,1877,662
0.2,1878,654
0.2,1879,648
0.2,1880,655
0.2,1881,635
0.2,1882,651
0.2,1883,653
0.2,1884,662
0.2,1885,655
0.2,1886,642
0.2,1887,647
0.2,1888,630
0.2,1889,653
0.2,1890,638
0.2,1891,655
0.2,1892,665
0.2,1893,656
0.2,1894,644
0.2,1895,646
0.2,1896,628
0.2,1897,637
0.2,1898,631
0.2,1899,611
0.2,1900,606
0.2,1901,599
0.2,1902,608
0.2,1903,597
0.2,1904,600
0.2,1905,590
0.2,1906,590
0.2,1907,594
0.2,1908,568
0.2,1909,572
0.2,1910,576
0.2,1911,575
0.2,1912,592
0.2,1913,584
0.2,1914,603
0.2,1915,608
0.2,1916,614
0.2,1917,607
0.2,1918,599
0.2,1919,585
0.2,1920,583
0.2,1921,580
0.2,1922,583
0.2,1923,568
0.2,1924,601
0.2,1925,585
0.2,1926,583
0.2,1927,572
0.2,1928,570
0.2,1929,562
0.2,1930,555
0.2,1931,560
0.2,1932,554
0.2,1933,559
0.2,1934,563
0.2,1935,555
0.2,1936,566
0.2,1937,561
0.2,1938,564
0.2,1939,553
0.2,1940,549
0.2,1941,543
0.2,1942,553
0.2,1943,553
0.2,1944,552
0.2,1945,558
0.2,1946,559
0.2,1947,545
0.2,1948,556
0.2,1949,554
0.2,1950,577
0.2,1951,569
0.2,1952,585
0.2,1953,572
0.2,1954,582
0.2,1955,598
0.2,1956,584
0.2,1957,596
0.2,1958,583
0.2,1959,613
0.2,1960,598
0.2,1961,642
0.2,1962,624
0.2,1963,649
0.2,1964,634
0.2,1965,626
0.2,1966,630
0.2,1967,623
0.2,1968,640
0.2,1969,631
0.2,1970,642
0.2,1971,643
0.2,1972,645
0.2,1973,644
0.2,1974,646
0.2,1975,651
0.2,1976,642
0.2,1977,640
0.2,1978,635
0.2,1979,648
0.2,1980,650
0.2,1981,653
0.2,1982,688
0.2,1983,674
0.2,1984,693
0.2,1985,695
0.2,1986,679
0.2,1987,666
0.2,1988,664
0.2,1989,620
0.2,1990,604
0.2,1991,614
0.2,1992,606
0.2,1993,614
0.2,1994,609
0.2,1995,614
0.2,1996,618
0.2,1997,632
0.2,1998,622
0.2,1999,619
0.2,2000,618
0.2,2001,616
0.2,2002,620
0.2,2003,613
0.2,2004,619
0.2,2005,636
0.2,2006,633
0.2,2007,647
0.2,2008,632
0.2,2009,649
0.2,2010,647
0.2,2011,654
0.2,2012,657
0.2,2013,653
0.2,2014,648
0.2,2015,634
0.2,2016,636
0.2,2017,622
0.2,2018,620
0.2,2019,610
0.2,2020,609
0.2,2021,607
0.2,2022,610
0.2,2023,595
0.2,2024,595
0.2,2025,608
0.2,2026,594
0.2,2027,604
0.2,2028,602
0.2,2029,585
0.2,2030,591
0.2,2031,597
0.2,2032,586
0.2,2033,595
0.2,2034,600
0.2,2035,602
0.2,2036,604
0.2,2037,620
0.2,2038,609
0.2,2039,633
0.2,2040,625
0.2,2041,625
0.2,2042,625
0.2,2043,635
0.2,2044,640
0.2,2045,615
0.2,2046,624
0.2,2047,609
0.2,2048,621
0.2,2049,616
0.2,2050,623
0.2,2051,616
0.2,2052,646
0.2,2053,631
0.2,2054,631
0.2,2055,645
0.2,2056,636
0.2,2057,643
0.2,2058,633
0.2,2059,604
0.2,2060,601
0.2,2061,589
0.2,2062,596
0.2,2063,583
0.2,2064,589
0.2,2065,597
0.2,2066,600
0.2,2067,593
0.2,2068,603
0.2,2069,602
0.2,2070,585
0.2,2071,582
0.2,2072,590
0.2,2073,594
0.2,2074,614
0.2,2075,596
0.2,2076,609
0.2,2077,591
0.2,2078,596
0.2,2079,608
0.2,2080,630
0.2,2081,592
0.2,2082,604
0.2,2083,572
0.2,2084,587
0.2,2085,574
0.2,2086,569
0.2,2087,569
0.2,2088,561
0.2,2089,575
0.2,2090,556
0.2,2091,557
0.2,2092,561
0.2,2093,554
0.2,2094,565
0.2,2095,568
0.2,2096,581
0.2,2097,584
0.2,2098,598
0.2,2099,601
0.2,2100,610
0.2,2101,614
0.2,2102,622
0.2,2103,607
0.2,2104,638
0.2,2105,619
0.2,2106,615
0.2,2107,624
0.2,2108,631
0.2,2109,625
0.2,2110,638
0.2,2111,622
0.2,2112,635
0.2,2113,649
0.2,2114,636
0.2,2115,633
0.2,2116,625
0.2,2117,615
0.2,2118,613
0.2,2119,624
0.2,2120,635
0.2,2121,640
0.2,2122,647
0.2,2123,659
0.2,2124,670
0.2,2125,657
0.2,2126,639
0.2,2127,644
0.2,2128,634
0.2,2129,603
0.2,2130,605
0.2,2131,601
0.2,2132,597
0.2,2133,616
0.2,2134,606
0.2,2135,602
0.2,2136,594
0.2,2137,575
0.2,2138,573
0.2,2139,581
0.2,2140,579
0.2,2141,605
0.2,2142,567
0.2,2143,568
0.2,2144,562
0.2,2145,576
0.2,2146,568
0.2,2147,568
0.2,2148,566
0.2,2149,556
0.2,2150,550
0.2,2151,545
0.2,2152,540
0.2,2153,555
0.2,2154,535
0.2,2155,530
0.2,2156,533
0.2,2157,534
0.2,2158,539
0.2,2159,531
0.2,2160,536
0.2,2161,532
0.2,2162,540
0.2,2163,541
0.2,2164,548
0.2,2165,541
0.2,2166,547
0.2,2167,540
0.2,2168,533
0.2,2169,524
0.2,2170,519
0.2,2171,526
0.2,2172,508
0.2,2173,507
0.2,2174,507
0.2,2175,506
0.2,2176,503
0.2,2177,502
0.2,2178,506
0.2,2179,500
0.2,2180,500
0.2,2181,495
0.2,2182,492
0.2,2183,489
0.2,2184,487
0.2,2185,487
0.2,2186,487
0.2,2187,487
0.2,2188,487
0.2,2189,487
0.2,2190,487
0.2,2191,487
0.2,2192,487
0.2,2193,487
0.2,2194,487
0.2,2195,487
0.2,2196,487
0.2,2197,487
0.2,2198,487
0.2,2199,487
0.2,2200,487
0.2,2201,487
0.2,2202,487
0.2,2203,487
0.2,2204,487
0.2,2205,487
0.2,2206,487
0.2,2207,487
0.2,2208,487
0.2,2209,487
0.2,2210,487
0.2,2211,487
0.2,2212,487
0.2,2213,487
0.2,2214,487
0.2,2215,487
0.2,2216,487
0.2,2217,487
0.2,2218,487
0.2,2219,487
0.2,2220,487
0.2,2221,487
0.2,2222,487
0.2,2223,487
0.2,2224,487
0.2,2225,487
0.2,2226,487
0.2,2227,487
0.2,2228,487
0.2,2229,487
0.2,2230,487
0.2,2231,487
0.2,2232,487
0.2,2233,488
0.2,2234,488
0.2,2235,489
0.2,2236,489
0.2,2237,489
0.2,2238,488
0.2,2239,490
0.2,2240,489
0.2,2241,491
0.2,2242,490
0.2,2243,489
0.2,2244,488
0.2,2245,489
0.2,2246,489
0.2,2247,496
0.2,2248,491
0.2,2249,498
0.2,2250,493
0.2,2251,496
0.2,2252,500
0.2,2253,507
0.2,2254,508
0.2,2255,513
0.2,2256,510
0.2,2257,510
0.2,2258,515
0.2,2259,509
0.2,2260,508
0.2,2261,505
0.2,2262,517
0.2,2263,507
0.2,2264,514
0.2,2265,511
0.2,2266,513
0.2,2267,519
0.2,2268,527
0.2,2269,520
0.2,2270,530
0.2,2271,508
0.2,2272,510
0.2,2273,500
0.2,2274,499
0.2,2275,495
0.2,2276,495
0.2,2277,499
0.2,2278,504
0.2,2279,505
0.2,2280,507
0.2,2281,515
0.2,2282,506
0.2,2283,510
0.2,2284,511
0.2,2285,516
0.2,2286,511
0.2,2287,520
0.2,2288,508
0.2,2289,500
0.2,2290,500
0.2,2291,500
0.2,2292,504
0.2,2293,501
0.2,2294,511
0.2,2295,496
0.2,2296,489
0.2,2297,488
0.2,2298,488
0.2,2299,490
0.2,2300,490
0.2,2301,490
0.2,2302,490
0.25,0,4156
0.25,1,4666
0.25,2,4047
0.25,3,4067
0.25,4,3706
0.25,5,3743
0.25,6,3519
0.25,7,3349
0.25,8,3358
0.25,9,3234
0.25,10,3280
0.25,11,3151
0.25,12,3097
0.25,13,3062
0.25,14,3003
0.25,15,2906
0.25,16,2911
0.25,17,2850
0.25,18,2823
0.25,19,2669
0.25,20,2652
0.25,21,2578
0.25,22,2517
0.25,23,2539
0.25,24,2531
0.25,25,2458
0.25,26,2440
0.25,27,2411
0.25,28,2436
0.25,29,2453
0.25,30,2395
0.25,31,2355
0.25,32,2373
0.25,33,2320
0.25,34,2343
0.25,35,2234
0.25,36,2266
0.25,37,2244
0.25,38,2178
0.25,39,2263
0.25,40,2172
0.25,41,2221
0.25,42,2154
0.25,43,2150
0.25,44,2135
0.25,45,2129
0.25,46,2111
0.25,47,2051
0.25,48,2051
0.25,49,2051
0.25,50,2041
0.25,51,2071
0.25,52,2020
0.25,53,1898
0.25,54,1911
0.25,55,1836
0.25,56,1808
0.25,57,1865
0.25,58,1782
0.25,59,1831
0.25,60,1766
0.25,61,1724
0.25,62,1785
0.25,63,1666
0.25,64,1667
0.25,65,1585
0.25,66,1654
0.25,67,1625
0.25,68,1593
0.25,69,1606
0.25,70,1487
0.25,71,1505
0.25,72,1499
0.25,73,1487
0.25,74,1523
0.25,75,1496
0.25,76,1548
0.25,77,1495
0.25,78,1480
0.25,79,1475
0.25,80,1432
0.25,81,1410
0.25,82,1424
0.25,83,1408
0.25,84,1428
0.25,85,1451
0.25,86,1434
0.25,87,1519
0.25,88,1532
0.25,89,1498
0.25,90,1493
0.25,91,1542
0.25,92,1475
0.25,93,1440
0.25,94,1399
0.25,95,1400
0.25,96,1362
0.25,97,1329
0.25,98,1348
0.25,99,1308
0.25,100,1365
0.25,101,1320
0.25,102,1328
0.25,103,1340
0.25,104,1338
0.25,105,1367
0.25,106,1344
0.25,107,1323
0.25,108,1317
0.25,109,1344
0.25,110,1363
0.25,111,1375
0.25,112,1366
0.25,113,1349
0.25,114,1282
0.25,115,1293
0.25,116,1315
0.25,117,1337
0.25,118,1314
0.25,119,1299
0.25,120,1325
0.25,121,1299
0.25,122,1316
0.25,123,1324
0.25,124,1345
0.25,125,1361
0.25,126,1327
0.25,127,1361
0.25,128,1333
0.25,129,1346
0.25,130,1306
0.25,131,1362
0.25,132,1312
0.25,133,1313
0.25,134,1338
0.25,135,1384
0.25,136,1370
0.25,137,1402
0.25,138,1473
0.25,139,1435
0.25,140,1406
0.25,141,1360
0.25,142,1369
0.25,143,1328
0.25,144,1294
0.25,145,1262
0.25,146,1293
0.25,147,1296
0.25,148,1310
0.25,149,1277
0.25,150,1278
0.25,151,1285
0.25,152,1256
0.25,153,1233
0.25,154,1268
0.25,155,1276
0.25,156,1302
0.25,157,1351
0.25,158,1291
0.25,159,1316
0.25,160,1291
0.25,161,1268
0.25,162,1305
0.25,163,1338
0.25,164,1332
0.25,165,1339
0.25,166,1282
0.25,167,1267
0.25,168,1300
0.25,169,1322
0.25,170,1313
0.25,171,1233
0.25,172,1210
0.25,173,1193
0.25,174,1153
0.25,175,1158
0.25,176,1149
0.25,177,1138
0.25,178,1196
0.25,179,1132
0.25,180,1160
0.25,181,1156
0.25,182,1132
0.25,183,1146
0.25,184,1143
0.25,185,1161
0.25,186,1105
0.25,187,1150
0.25,188,1132
0.25,189,1131
0.25,190,1099
0.25,191,1081
0.25,192,1116
0.25,193,1131
0.25,194,1078
0.25,195,1116
0.25,196,1072
0.25,197,1069
0.25,198,1048
0.25,199,1035
0.25,200,1025
0.25,201,1061
0.25,202,1012
0.25,203,1060
0.25,204,1061
0.25,205,1109
0.25,206,1096
0.25,207,1097
0.25,208,1124
0.25,209,1121
0.25,210,1099
0.25,211,1069
0.25,212,1120
0.25,213,1126
0.25,214,1194
0.25,215,1148
0.25,216,1154
0.25,217,1133
0.25,218,1176
0.25,219,1129
0.25,220,1139
0.25,221,1156
0.25,222,1159
0.25,223,1098
0.25,224,1133
0.25,225,1144
0.25,226,1155
0.25,227,1167
0.25,228,1200
0.25,229,1165
0.25,230,1161
0.25,231,1157
0.25,232,1141
0.25,233,1181
0.25,234,1157
0.25,235,1206
0.25,236,1127
0.25,237,1118
0.25,238,1069
0.25,239,1076
0.25,240,1043
0.25,241,1011
0.25,242,993
0.25,243,972
0.25,244,1047
0.25,245,1033
0.25,246,1031
0.25,247,1040
0.25,248,1004
0.25,249,1000
0.25,250,983
0.25,251,970
0.25,252,1005
0.25,253,1020
0.25,254,1048
0.25,255,1021
0.25,256,1040
0.25,257,1007
0.25,258,1017
0.25,259,1017
0.25,260,964
0.25,261,976
0.25,262,991
0.25,263,950
0.25,264,950
0.25,265,936
0.25,266,945
0.25,267,960
0.25,268,934
0.25,269,907
0.25,270,935
0.25,271,945
0.25,272,937
0.25,273,938
0.25,274,934
0.25,275,973
0.25,276,890
0.25,277,867
0.25,278,884
0.25,279,881
0.25,280,826
0.25,281,825
0.25,282,808
0.25,283,805
0.25,284,814
0.25,285,780
0.25,286,774
0.25,287,761
0.25,288,769
0.25,289,765
0.25,290,786
0.25,291,804
0.25,292,783
0.25,293,794
0.25,294,786
0.25,295,787
0.25,296,808
0.25,297,806
0.25,298,801
0.25,299,838
0.25,300,860
0.25,301,888
0.25,302,851
0.25,303,847
0.25,304,851
0.25,305,861
0.25,306,843
0.25,307,857
0.25,308,881
0.25,309,857
0.25,310,855
0.25,311,836
0.25,312,841
0.25,313,819
0.25,314,836
0.25,315,839
0.25,316,896
0.25,317,855
0.25,318,894
0.25,319,913
0.25,320,935
0.25,321,960
0.25,322,963
0.25,323,977
0.25,324,1001
0.25,325,1044
0.25,326,1064
0.25,327,1060
0.25,328,1045
0.25,329,1040
0.25,330,1018
0.25,331,1054
0.25,332,1029
0.25,333,1061
0.25,334,1051
0.25,335,1072
0.25,336,1039
0.25,337,1070
0.25,338,1033
0.25,339,1060
0.25,340,1058
0.25,341,1057
0.25,342,1056
0.25,343,1067
0.25,344,1072
0.25,345,1052
0.25,346,1079
0.25,347,1034
0.25,348,985
0.25,349,1022
0.25,350,982
0.25,351,1001
0.25,352,966
0.25,353,1004
0.25,354,1021
0.25,355,1004
0.25,356,994
0.25,357,1058
0.25,358,1075
0.25,359,1044
0.25,360,1114
0.25,361,1044
0.25,362,1093
0.25,363,1031
0.25,364,1055
0.25,365,1037
0.25,366,1057
0.25,367,1073
0.25,368,1080
0.25,369,1080
0.25,370,1108
0.25,371,1112
0.25,372,1136
0.25,373,1136
0.25,374,1147
0.25,375,1098
0.25,376,1135
0.25,377,1106
0.25,378,1089
0.25,379,1033
0.25,380,1028
0.25,381,1028
0.25,382,1023
0.25,383,1005
0.25,384,1004
0.25,385,1026
0.25,386,1010
0.25,387,1066
0.25,388,1037
0.25,389,1038
0.25,390,1044
0.25,391,1015
0.25,392,1030
0.25,393,1021
0.25,394,1057
0.25,395,1012
0.25,396,1011
0.25,397,1021
0.25,398,1022
0.25,399,1055
0.25,400,1060
0.25,401,1047
0.25,402,1070
0.25,403,1068
0.25,404,1085
0.25,405,1051
0.25,406,1007
0.25,407,1039
0.25,408,1012
0.25,409,954
0.25,410,937
0.25,411,979
0.25,412,979
0.25,413,977
0.25,414,1018
0.25,415,990
0.25,416,1038
0.25,417,1041
0.25,418,1037
0.25,419,1057
0.25,420,1049
0.25,421,1092
0.25,422,1066
0.25,423,1092
0.25,424,1050
0.25,425,1127
0.25,426,1128
0.25,427,1146
0.25,428,1140
0.25,429,1110
0.25,430,1105
0.25,431,1101
0.25,432,1153
0.25,433,1125
0.25,434,1142
0.25,435,1162
0.25,436,1160
0.25,437,1166
0.25,438,1120
0.25,439,1121
0.25,440,1155
0.25,441,1145
0.25,442,1152
0.25,443,1142
0.25,444,1089
0.25,445,1081
0.25,446,1122
0.25,447,1144
0.25,448,1106
0.25,449,1125
0.25,450,1093
0.25,451,1129
0.25,452,1068
0.25,453,1091
0.25,454,1086
0.25,455,1127
0.25,456,1059
0.25,457,1089
0.25,458,1088
0.25,459,1091
0.25,460,1085
0.25,461,1099
0.25,462,1090
0.25,463,1084
0.25,464,1055
0.25,465,1060
0.25,466,1068
0.25,467,1065
0.25,468,1054
0.25,469,972
0.25,470,977
0.25,471,906
0.25,472,942
0.25,473,934
0.25,474,955
0.25,475,981
0.25,476,989
0.25,477,991
0.25,478,968
0.25,479,979
0.25,480,970
0.25,481,949
0.25,482,925
0.25,483,927
0.25,484,908
0.25,485,929
0.25,486,929
0.25,487,954
0.25,488,955
0.25,489,954
0.25,490,938
0.25,491,923
0.25,492,917
0.25,493,933
0.25,494,901
0.25,495,898
0.25,496,902
0.25,497,921
0.25,498,902
0.25,499,905
0.25,500,920
0.25,501,909
0.25,502,907
0.25,503,915
0.25,504,930
0.25,505,874
0.25,506,897
0.25,507,857
0.25,508,853
0.25,509,830
0.25,510,846
0.25,511,815
0.25,512,854
0.25,513,822
0.25,514,832
0.25,515,854
0.25,516,886
0.25,517,839
0.25,518,869
0.25,519,872
0.25,520,906
0.25,521,880
0.25,522,865
0.25,523,902
0.25,524,868
0.25,525,877
0.25,526,849
0.25,527,874
0.25,528,837
0.25,529,852
0.25,530,834
0.25,531,856
0.25,532,835
0.25,533,838
0.25,534,820
0.25,535,821
0.25,536,826
0.25,537,824
0.25,538,855
0.25,539,840
0.25,540,834
0.25,541,868
0.25,542,847
0.25,543,908
0.25,544,825
0.25,545,835
0.25,546,819
0.25,547,792
0.25,548,802
0.25,549,786
0.25,550,774
0.25,551,788
0.25,552,794
0.25,553,800
0.25,554,804
0.25,555,794
0.25,556,776
0.25,557,795
0.25,558,754
0.25,559,785
0.25,560,786
0.25,561,792
0.25,562,797
0.25,563,794
0.25,564,777
0.25,565,767
0.25,566,788
0.25,567,801
0.25,568,779
0.25,569,796
0.25,570,809
0.25,571,798
0.25,572,810
0.25,573,812
0.25,574,787
0.25,575,796
0.25,576,778
0.25,577,782
0.25,578,774
0.25,579,788
0.25,580,788
0.25,581,806
0.25,582,824
0.25,583,817
0.25,584,806
0.25,585,803
0.25,586,808
0.25,587,820
0.25,588,810
0.25,589,864
0.25,590,831
0.25,591,867
0.25,592,852
0.25,593,859
0.25,594,855
0.25,595,863
0.25,596,876
0.25,597,868
0.25,598,883
0.25,599,898
0.25,600,887
0.25,601,881
0.25,602,878
0.25,603,831
0.25,604,844
0.25,605,849
0.25,606,808
0.25,607,800
0.25,608,803
0.25,609,813
0.25,610,807
0.25,611,820
0.25,612,805
0.25,613,812
0.25,614,767
0.25,615,808
0.25,616,786
0.25,617,783
0.25,618,780
0.25,619,770
0.25,620,803
0.25,621,779
0.25,622,822
0.25,623,770
0.25,624,794
0.25,625,742
0.25,626,778
0.25,627,757
0.25,628,751
0.25,629,738
0.25,630,762
0.25,631,719
0.25,632,713
0.25,633,713
0.25,634,736
0.25,635,710
0.25,636,738
0.25,637,720
0.25,638,705
0.25,639,723
0.25,640,759
0.25,641,759
0.25,642,777
0.25,643,741
0.25,644,778
0.25,645,784
0.25,646,831
0.25,647,791
0.25,648,789
0.25,649,771
0.25,650,788
0.25,651,793
0.25,652,774
0.25,653,777
0.25,654,779
0.25,655,819
0.25,656,787
0.25,657,815
0.25,658,816
0.25,659,836
0.25,660,824
0.25,661,849
0.25,662,795
0.25,663,838
0.25,664,830
0.25,665,834
0.25,666,839
0.25,667,812
0.25,668,799
0.25,669,789
0.25,670,783
0.25,671,771
0.25,672,787
0.25,673,812
0.25,674,805
0.25,675,771
0.25,676,810
0.25,677,795
0.25,678,765
0.25,679,781
0.25,680,739
0.25,681,764
0.25,682,765
0.25,683,815
0.25,684,818
0.25,685,815
0.25,686,783
0.25,687,761
0.25,688,792
0.25,689,778
0.25,690,753
0.25,691,743
0.25,692,774
0.25,693,764
0.25,694,759
0.25,695,798
0.25,696,790
0.25,697,818
0.25,698,856
0.25,699,847
0.25,700,888
0.25,701,864
0.25,702,877
0.25,703,874
0.25,704,897
0.25,705,803
0.25,706,786
0.25,707,787
0.25,708,765
0.25,709,764
0.25,710,755
0.25,711,780
0.25,712,784
0.25,713,800
0.25,714,805
0.25,715,808
0.25,716,831
0.25,717,874
0.25,718,838
0.25,719,837
0.25,720,847
0.25,721,801
0.25,722,795
0.25,723,782
0.25,724,778
0.25,725,770
0.25,726,726
0.25,727,701
0.25,728,716
0.25,729,713
0.25,730,729
0.25,731,740
0.25,732,738
0.25,733,736
0.25,734,779
0.25,735,736
0.25,736,734
0.25,737,757
0.25,738,764
0.25,739,734
0.25,740,760
0.25,741,762
0.25,742,764
0.25,743,787
0.25,744,786
0.25,745,792
0.25,746,808
0.25,747,837
0.25,748,831
0.25,749,816
0.25,750,787
0.25,751,807
0.25,752,753
0.25,753,785
0.25,754,775
0.25,755,807
0.25,756,793
0.25,757,836
0.25,758,850
0.25,759,865
0.25,760,853
0.25,761,904
0.25,762,875
0.25,763,884
0.25,764,870
0.25,765,849
0.25,766,856
0.25,767,875
0.25,768,872
0.25,769,873
0.25,770,866
0.25,771,881
0.25,772,860
0.25,773,902
0.25,774,868
0.25,775,945
0.25,776,951
0.25,777,968
0.25,778,997
0.25,779,979
0.25,780,967
0.25,781,994
0.25,782,968
0.25,783,1001
0.25,784,999
0.25,785,1008
0.25,786,1009
0.25,787,1000
0.25,788,997
0.25,789,967
0.25,790,985
0.25,791,959
0.25,792,973
0.25,793,970
0.25,794,956
0.25,795,969
0.25,796,992
0.25,797,964
0.25,798,961
0.25,799,964
0.25,800,970
0.25,801,974
0.25,802,969
0.25,803,984
0.25,804,985
0.25,805,1026
0.25,806,1005
0.25,807,1024
0.25,808,979
0.25,809,971
0.25,810,999
0.25,811,998
0.25,812,996
0.25,813,1003
0.25,814,1007
0.25,815,1021
0.25,816,1001
0.25,817,991
0.25,818,1001
0.25,819,960
0.25,820,1010
0.25,821,1028
0.25,822,1005
0.25,823,1003
0.25,824,1025
0.25,825,1002
0.25,826,1012
0.25,827,1018
0.25,828,1002
0.25,829,962
0.25,830,980
0.25,831,947
0.25,832,962
0.25,833,942
0.25,834,939
0.25,835,937
0.25,836,943
0.25,837,972
0.25,838,932
0.25,839,947
0.25,840,939
0.25,841,944
0.25,842,941
0.25,843,965
0.25,844,997
0.25,845,1002
0.25,846,1035
0.25,847,1052
0.25,848,1043
0.25,849,1046
0.25,850,1008
0.25,851,1023
0.25,852,1041
0.25,853,1047
0.25,854,1036
0.25,855,1054
0.25,856,1019
0.25,857,1056
0.25,858,962
0.25,859,941
0.25,860,931
0.25,861,925
0.25,862,969
0.25,863,994
0.25,864,990
0.25,865,1045
0.25,866,1017
0.25,867,1027
0.25,868,1028
0.25,869,980
0.25,870,940
0.25,871,936
0.25,872,902
0.25,873,880
0.25,874,875
0.25,875,824
0.25,876,857
0.25,877,860
0.25,878,909
0.25,879,893
0.25,880,932
0.25,881,951
0.25,882,960
0.25,883,1003
0.25,884,980
0.25,885,1000
0.25,886,1004
0.25,887,1011
0.25,888,1060
0.25,889,1013
0.25,890,1049
0.25,891,1051
0.25,892,1049
0.25,893,1001
0.25,894,1039
0.25,895,974
0.25,896,979
0.25,897,977
0.25,898,985
0.25,899,967
0.25,900,992
0.25,901,987
0.25,902,1007
0.25,903,1043
0.25,904,1088
0.25,905,1059
0.25,906,1039
0.25,907,1028
0.25,908,979
0.25,909,997
0.25,910,1024
0.25,911,991
0.25,912,953
0.25,913,948
0.25,914,943
0.25,915,955
0.25,916,977
0.25,917,998
0.25,918,972
0.25,919,1007
0.25,920,988
0.25,921,932
0.25,922,921
0.25,923,922
0.25,924,933
0.25,925,976
0.25,926,949
0.25,927,958
0.25,928,957
0.25,929,971
0.25,930,974
0.25,931,1011
0.25,932,968
0.25,933,992
0.25,934,938
0.25,935,930
0.25,936,932
0.25,937,961
0.25,938,963
0.25,939,963
0.25,940,1041
0.25,941,1010
0.25,942,1032
0.25,943,1062
0.25,944,1092
0.25,945,1096
0.25,946,1040
0.25,947,1022
0.25,948,1015
0.25,949,992
0.25,950,975
0.25,951,950
0.25,952,974
0.25,953,933
0.25,954,957
0.25,955,930
0.25,956,938
0.25,957,921
0.25,958,944
0.25,959,942
0.25,960,926
0.25,961,972
0.25,962,965
0.25,963,988
0.25,964,984
0.25,965,1005
0.25,966,1005
0.25,967,1004
0.25,968,1059
0.25,969,1004
0.25,970,1027
0.25,971,1011
0.25,972,1035
0.25,973,1008
0.25,974,1015
0.25,975,1062
0.25,976,1016
0.25,977,1046
0.25,978,1016
0.25,979,1008
0.25,980,1047
0.25,981,1013
0.25,982,1005
0.25,983,989
0.25,984,997
0.25,985,1011
0.25,986,1050
0.25,987,1025
0.25,988,1028
0.25,989,1013
0.25,990,1000
0.25,991,1033
0.25,992,1017
0.25,993,986
0.25,994,962
0.25,995,929
0.25,996,962
0.25,997,937
0.25,998,975
0.25,999,954
0.25,1000,976
0.25,1001,953
0.25,1002,945
0.25,1003,915
0.25,1004,915
0.25,1005,908
0.25,1006,920
0.25,1007,891
0.25,1008,895
0.25,1009,885
0.25,1010,916
0.25,1011,889
0.25,1012,908
0.25,1013,918
0.25,1014,871
0.25,1015,918
0.25,1016,897
0.25,1017,914
0.25,1018,932
0.25,1019,953
0.25,1020,963
0.25,1021,980
0.25,1022,954
0.25,1023,935
0.25,1024,923
0.25,1025,956
0.25,1026,931
0.25,1027,952
0.25,1028,962
0.25,1029,958
0.25,1030,970
0.25,1031,979
0.25,1032,977
0.25,1033,1002
0.25,1034,992
0.25,1035,993
0.25,1036,978
0.25,1037,985
0.25,1038,1018
0.25,1039,991
0.25,1040,963
0.25,1041,988
0.25,1042,985
0.25,1043,942
0.25,1044,956
0.25,1045,936
0.25,1046,943
0.25,1047,931
0.25,1048,919
0.25,1049,964
0.25,1050,990
0.25,1051,999
0.25,1052,1027
0.25,1053,1000
0.25,1054,1025
0.25,1055,976
0.25,1056,983
0.25,1057,921
0.25,1058,944
0.25,1059,883
0.25,1060,886
0.25,1061,868
0.25,1062,860
0.25,1063,916
0.25,1064,895
0.25,1065,923
0.25,1066,923
0.25,1067,900
0.25,1068,919
0.25,1069,925
0.25,1070,886
0.25,1071,927
0.25,1072,937
0.25,1073,927
0.25,1074,941
0.25,1075,935
0.25,1076,977
0.25,1077,973
0.25,1078,955
0.25,1079,929
0.25,1080,905
0.25,1081,954
0.25,1082,909
0.25,1083,894
0.25,1084,842
0.25,1085,856
0.25,1086,819
0.25,1087,859
0.25,1088,849
0.25,1089,885
0.25,1090,879
0.25,1091,900
0.25,1092,894
0.25,1093,883
0.25,1094,876
0.25,1095,891
0.25,1096,892
0.25,1097,911
0.25,1098,927
0.25,1099,917
0.25,1100,912
0.25,1101,899
0.25,1102,902
0.25,1103,888
0.25,1104,884
0.25,1105,870
0.25,1106,881
0.25,1107,826
0.25,1108,801
0.25,1109,835
0.25,1110,826
0.25,1111,798
0.25,1112,815
0.25,1113,774
0.25,1114,763
0.25,1115,758
0.25,1116,761
0.25,1117,771
0.25,1118,773
0.25,1119,799
0.25,1120,783
0.25,1121,793
0.25,1122,792
0.25,1123,757
0.25,1124,775
0.25,1125,771
0.25,1126,760
0.25,1127,767
0.25,1128,737
0.25,1129,785
0.25,1130,743
0.25,1131,749
0.25,1132,760
0.25,1133,782
0.25,1134,780
0.25,1135,758
0.25,1136,750
0.25,1137,746
0.25,1138,758
0.25,1139,749
0.25,1140,767
0.25,1141,756
0.25,1142,775
0.25,1143,753
0.25,1144,732
0.25,1145,699
0.25,1146,698
0.25,1147,707
0.25,1148,695
0.25,1149,709
0.25,1150,741
0.25,1151,759
0.25,1152,757
0.25,1153,765
0.25,1154,758
0.25,1155,733
0.25,1156,753
0.25,1157,757
0.25,1158,779
0.25,1159,797
0.25,1160,829
0.25,1161,837
0.25,1162,845
0.25,1163,844
0.25,1164,858
0.25,1165,850
0.25,1166,846
0.25,1167,872
0.25,1168,857
0.25,1169,858
0.25,1170,838
0.25,1171,831
0.25,1172,825
0.25,1173,839
0.25,1174,831
0.25,1175,828
0.25,1176,848
0.25,1177,853
0.25,1178,844
0.25,1179,862
0.25,1180,861
0.25,1181,878
0.25,1182,901
0.25,1183,882
0.25,1184,910
0.25,1185,905
0.25,1186,921
0.25,1187,940
0.25,1188,946
0.25,1189,916
0.25,1190,886
0.25,1191,855
0.25,1192,856
0.25,1193,858
0.25,1194,837
0.25,1195,852
0.25,1196,837
0.25,1197,871
0.25,1198,864
0.25,1199,888
0.25,1200,887
0.25,1201,880
0.25,1202,896
0.25,1203,947
0.25,1204,884
0.25,1205,911
0.25,1206,911
0.25,1207,907
0.25,1208,906
0.25,1209,899
0.25,1210,871
0.25,1211,920
0.25,1212,895
0.25,1213,923
0.25,1214,901
0.25,1215,928
0.25,1216,895
0.25,1217,888
0.25,1218,846
0.25,1219,874
0.25,1220,821
0.25,1221,899
0.25,1222,844
0.25,1223,879
0.25,1224,856
0.25,1225,873
0.25,1226,890
0.25,1227,902
0.25,1228,896
0.25,1229,940
0.25,1230,921
0.25,1231,1001
0.25,1232,972
0.25,1233,990
0.25,1234,983
0.25,1235,1036
0.25,1236,1013
0.25,1237,1071
0.25,1238,1025
0.25,1239,1080
0.25,1240,1037
0.25,1241,1000
0.25,1242,1036
0.25,1243,1047
0.25,1244,1098
0.25,1245,1005
0.25,1246,1043
0.25,1247,1049
0.25,1248,1000
0.25,1249,1058
0.25,1250,997
0.25,1251,1029
0.25,1252,978
0.25,1253,1020
0.25,1254,1009
0.25,1255,1013
0.25,1256,995
0.25,1257,1026
0.25,1258,1038
0.25,1259,1012
0.25,1260,1067
0.25,1261,1038
0.25,1262,1083
0.25,1263,1061
0.25,1264,1104
0.25,1265,1116
0.25,1266,1159
0.25,1267,1102
0.25,1268,1185
0.25,1269,1111
0.25,1270,1178
0.25,1271,1108
0.25,1272,1149
0.25,1273,1148
0.25,1274,1176
0.25,1275,1140
0.25,1276,1213
0.25,1277,1163
0.25,1278,1161
0.25,1279,1159
0.25,1280,1153
0.25,1281,1125
0.25,1282,1094
0.25,1283,1102
0.25,1284,1098
0.25,1285,1187
0.25,1286,1135
0.25,1287,1132
0.25,1288,1103
0.25,1289,1085
0.25,1290,1062
0.25,1291,1027
0.25,1292,1064
0.25,1293,1084
0.25,1294,1025
0.25,1295,1043
0.25,1296,1064
0.25,1297,1064
0.25,1298,1051
0.25,1299,1038
0.25,1300,1020
0.25,1301,1007
0.25,1302,1011
0.25,1303,1016
0.25,1304,1026
0.25,1305,1021
0.25,1306,999
0.25,1307,961
0.25,1308,945
0.25,1309,990
0.25,1310,980
0.25,1311,1015
0.25,1312,1002
0.25,1313,928
0.25,1314,954
0.25,1315,952
0.25,1316,985
0.25,1317,965
0.25,1318,973
0.25,1319,933
0.25,1320,949
0.25,1321,925
0.25,1322,884
0.25,1323,890
0.25,1324,826
0.25,1325,881
0.25,1326,873
0.25,1327,894
0.25,1328,903
0.25,1329,901
0.25,1330,927
0.25,1331,906
0.25,1332,848
0.25,1333,872
0.25,1334,827
0.25,1335,899
0.25,1336,894
0.25,1337,950
0.25,1338,936
0.25,1339,970
0.25,1340,1013
0.25,1341,1033
0.25,1342,1066
0.25,1343,1067
0.25,1344,1003
0.25,1345,995
0.25,1346,1025
0.25,1347,1003
0.25,1348,984
0.25,1349,1010
0.25,1350,968
0.25,1351,992
0.25,1352,1000
0.25,1353,1033
0.25,1354,1015
0.25,1355,998
0.25,1356,984
0.25,1357,1004
0.25,1358,970
0.25,1359,980
0.25,1360,949
0.25,1361,1017
0.25,1362,970
0.25,1363,1012
0.25,1364,989
0.25,1365,1009
0.25,1366,971
0.25,1367,943
0.25,1368,933
0.25,1369,924
0.25,1370,947
0.25,1371,941
0.25,1372,927
0.25,1373,888
0.25,1374,913
0.25,1375,885
0.25,1376,906
0.25,1377,907
0.25,1378,899
0.25,1379,931
0.25,1380,922
0.25,1381,912
0.25,1382,935
0.25,1383,973
0.25,1384,965
0.25,1385,933
0.25,1386,964
0.25,1387,953
0.25,1388,982
0.25,1389,972
0.25,1390,978
0.25,1391,946
0.25,1392,937
0.25,1393,944
0.25,1394,957
0.25,1395,976
0.25,1396,937
0.25,1397,938
0.25,1398,953
0.25,1399,906
0.25,1400,902
0.25,1401,893
0.25,1402,894
0.25,1403,867
0.25,1404,845
0.25,1405,829
0.25,1406,829
0.25,1407,874
0.25,1408,846
0.25,1409,880
0.25,1410,846
0.25,1411,831
0.25,1412,810
0.25,1413,789
0.25,1414,814
0.25,1415,827
0.25,1416,792
0.25,1417,805
0.25,1418,784
0.25,1419,784
0.25,1420,793
0.25,1421,794
0.25,1422,818
0.25,1423,829
0.25,1424,848
0.25,1425,852
0.25,1426,863
0.25,1427,860
0.25,1428,892
0.25,1429,920
0.25,1430,900
0.25,1431,915
0.25,1432,923
0.25,1433,998
0.25,1434,974
0.25,1435,1011
0.25,1436,1008
0.25,1437,1005
0.25,1438,1004
0.25,1439,1044
0.25,1440,1038
0.25,1441,1042
0.25,1442,1035
0.25,1443,1051
0.25,1444,1029
0.25,1445,1037
0.25,1446,1021
0.25,1447,1062
0.25,1448,1017
0.25,1449,1078
0.25,1450,1076
0.25,1451,1103
0.25,1452,1104
0.25,1453,1082
0.25,1454,1146
0.25,1455,1106
0.25,1456,1063
0.25,1457,1092
0.25,1458,1049
0.25,1459,1075
0.25,1460,1045
0.25,1461,1073
0.25,1462,1071
0.25,1463,1049
0.25,1464,1051
0.25,1465,1005
0.25,1466,1001
0.25,1467,992
0.25,1468,985
0.25,1469,1007
0.25,1470,1027
0.25,1471,986
0.25,1472,950
0.25,1473,972
0.25,1474,949
0.25,1475,930
0.25,1476,884
0.25,1477,927
0.25,1478,887
0.25,1479,923
0.25,1480,886
0.25,1481,914
0.25,1482,916
0.25,1483,912
0.25,1484,950
0.25,1485,925
0.25,1486,964
0.25,1487,901
0.25,1488,903
0.25,1489,905
0.25,1490,936
0.25,1491,935
0.25,1492,980
0.25,1493,937
0.25,1494,900
0.25,1495,905
0.25,1496,900
0.25,1497,885
0.25,1498,868
0.25,1499,866
0.25,1500,839
0.25,1501,869
0.25,1502,877
0.25,1503,856
0.25,1504,850
0.25,1505,918
0.25,1506,903
0.25,1507,926
0.25,1508,911
0.25,1509,911
0.25,1510,891
0.25,1511,887
0.25,1512,887
0.25,1513,907
0.25,1514,852
0.25,1515,856
0.25,1516,834
0.25,1517,847
0.25,1518,826
0.25,1519,848
0.25,1520,864
0.25,1521,855
0.25,1522,906
0.25,1523,906
0.25,1524,918
0.25,1525,953
0.25,1526,968
0.25,1527,925
0.25,1528,946
0.25,1529,936
0.25,1530,949
0.25,1531,924
0.25,1532,915
0.25,1533,902
0.25,1534,875
0.25,1535,880
0.25,1536,854
0.25,1537,850
0.25,1538,842
0.25,1539,861
0.25,1540,845
0.25,1541,849
0.25,1542,847
0.25,1543,867
0.25,1544,863
0.25,1545,910
0.25,1546,907
0.25,1547,957
0.25,1548,920
0.25,1549,969
0.25,1550,949
0.25,1551,1000
0.25,1552,947
0.25,1553,962
0.25,1554,968
0.25,1555,980
0.25,1556,1003
0.25,1557,1012
0.25,1558,1014
0.25,1559,1018
0.25,1560,979
0.25,1561,1016
0.25,1562,1004
0.25,1563,1046
0.25,1564,1012
0.25,1565,1052
0.25,1566,1028
0.25,1567,1089
0.25,1568,985
0.25,1569,1007
0.25,1570,971
0.25,1571,996
0.25,1572,975
0.25,1573,983
0.25,1574,1000
0.25,1575,1043
0.25,1576,1022
0.25,1577,1000
0.25,1578,995
0.25,1579,1035
0.25,1580,991
0.25,1581,1026
0.25,1582,1001
0.25,1583,1011
0.25,1584,1008
0.25,1585,999
0.25,1586,1041
0.25,1587,1027
0.25,1588,1014
0.25,1589,988
0.25,1590,1022
0.25,1591,993
0.25,1592,1044
0.25,1593,1018
0.25,1594,1048
0.25,1595,1057
0.25,1596,1021
0.25,1597,1005
0.25,1598,1001
0.25,1599,1024
0.25,1600,1051
0.25,1601,1041
0.25,1602,1013
0.25,1603,1023
0.25,1604,1004
0.25,1605,980
0.25,1606,952
0.25,1607,942
0.25,1608,921
0.25,1609,942
0.25,1610,983
0.25,1611,977
0.25,1612,1019
0.25,1613,963
0.25,1614,1031
0.25,1615,999
0.25,1616,1015
0.25,1617,997
0.25,1618,978
0.25,1619,968
0.25,1620,951
0.25,1621,966
0.25,1622,968
0.25,1623,907
0.25,1624,932
0.25,1625,926
0.25,1626,945
0.25,1627,958
0.25,1628,978
0.25,1629,962
0.25,1630,965
0.25,1631,954
0.25,1632,1011
0.25,1633,1006
0.25,1634,1017
0.25,1635,1047
0.25,1636,972
0.25,1637,1020
0.25,1638,1017
0.25,1639,1025
0.25,1640,1023
0.25,1641,1024
0.25,1642,1014
0.25,1643,1009
0.25,1644,1036
0.25,1645,1001
0.25,1646,977
0.25,1647,1010
0.25,1648,990
0.25,1649,974
0.25,1650,980
0.25,1651,1042
0.25,1652,1025
0.25,1653,1009
0.25,1654,1013
0.25,1655,1023
0.25,1656,1001
0.25,1657,981
0.25,1658,1017
0.25,1659,973
0.25,1660,993
0.25,1661,1004
0.25,1662,1006
0.25,1663,982
0.25,1664,946
0.25,1665,941
0.25,1666,975
0.25,1667,985
0.25,1668,987
0.25,1669,974
0.25,1670,1030
0.25,1671,1025
0.25,1672,1040
0.25,1673,1027
0.25,1674,1073
0.25,1675,1035
0.25,1676,1044
0.25,1677,1039
0.25,1678,1030
0.25,1679,1026
0.25,1680,1051
0.25,1681,1004
0.25,1682,997
0.25,1683,986
0.25,1684,989
0.25,1685,967
0.25,1686,958
0.25,1687,983
0.25,1688,969
0.25,1689,957
0.25,1690,971
0.25,1691,929
0.25,1692,901
0.25,1693,908
0.25,1694,888
0.25,1695,897
0.25,1696,885
0.25,1697,911
0.25,1698,849
0.25,1699,886
0.25,1700,875
0.25,1701,879
0.25,1702,899
0.25,1703,885
0.25,1704,914
0.25,1705,923
0.25,1706,905
0.25,1707,896
0.25,1708,854
0.25,1709,861
0.25,1710,831
0.25,1711,845
0.25,1712,858
0.25,1713,879
0.25,1714,847
0.25,1715,873
0.25,1716,848
0.25,1717,869
0.25,1718,857
0.25,1719,859
0.25,1720,890
0.25,1721,884
0.25,1722,888
0.25,1723,876
0.25,1724,893
0.25,1725,892
0.25,1726,909
0.25,1727,869
0.25,1728,856
0.25,1729,848
0.25,1730,866
0.25,1731,847
0.25,1732,860
0.25,1733,862
0.25,1734,857
0.25,1735,846
0.25,1736,821
0.25,1737,801
0.25,1738,839
0.25,1739,835
0.25,1740,874
0.25,1741,845
0.25,1742,835
0.25,1743,832
0.25,1744,868
0.25,1745,824
0.25,1746,831
0.25,1747,826
0.25,1748,866
0.25,1749,857
0.25,1750,889
0.25,1751,900
0.25,1752,899
0.25,1753,866
0.25,1754,915
0.25,1755,907
0.25,1756,934
0.25,1757,880
0.25,1758,902
0.25,1759,926
0.25,1760,927
0.25,1761,919
0.25,1762,939
0.25,1763,920
0.25,1764,935
0.25,1765,910
0.25,1766,924
0.25,1767,922
0.25,1768,958
0.25,1769,961
0.25,1770,958
0.25,1771,966
0.25,1772,1013
0.25,1773,996
0.25,1774,994
0.25,1775,956
0.25,1776,1002
0.25,1777,938
0.25,1778,956
0.25,1779,942
0.25,1780,959
0.25,1781,934
0.25,1782,940
0.25,1783,903
0.25,1784,883
0.25,1785,889
0.25,1786,920
0.25,1787,902
0.25,1788,914
0.25,1789,855
0.25,1790,857
0.25,1791,845
0.25,1792,875
0.25,1793,862
0.25,1794,893
0.25,1795,851
0.25,1796,837
0.25,1797,809
0.25,1798,824
0.25,1799,820
0.25,1800,820
0.25,1801,820
0.25,1802,832
0.25,1803,840
0.25,1804,822
0.25,1805,858
0.25,1806,812
0.25,1807,818
0.25,1808,836
0.25,1809,845
0.25,1810,856
0.25,1811,848
0.25,1812,837
0.25,1813,828
0.25,1814,861
0.25,1815,852
0.25,1816,839
0.25,1817,826
0.25,1818,836
0.25,1819,854
0.25,1820,837
0.25,1821,844
0.25,1822,839
0.25,1823,842
0.25,1824,839
0.25,1825,851
0.25,1826,797
0.25,1827,809
0.25,1828,778
0.25,1829,789
0.25,1830,748
0.25,1831,788
0.25,1832,776
0.25,1833,791
0.25,1834,737
0.25,1835,737
0.25,1836,722
0.25,1837,714
0.25,1838,733
0.25,1839,714
0.25,1840,722
0.25,1841,710
0.25,1842,703
0.25,1843,716
0.25,1844,727
0.25,1845,731
0.25,1846,735
0.25,1847,708
0.25,1848,716
0.25,1849,691
0.25,1850,716
0.25,1851,681
0.25,1852,655
0.25,1853,646
0.25,1854,637
0.25,1855,643
0.25,1856,646
0.25,1857,660
0.25,1858,665
0.25,1859,669
0.25,1860,685
0.25,1861,699
0.25,1862,713
0.25,1863,723
0.25,1864,707
0.25,1865,702
0.25,1866,716
0.25,1867,701
0.25,1868,674
0.25,1869,654
0.25,1870,639
0.25,1871,652
0.25,1872,650
0.25,1873,667
0.25,1874,686
0.25,1875,685
0.25,1876,707
0.25,1877,670
0.25,1878,717
0.25,1879,698
0.25,1880,724
0.25,1881,708
0.25,1882,724
0.25,1883,707
0.25,1884,752
0.25,1885,719
0.25,1886,761
0.25,1887,728
0.25,1888,756
0.25,1889,713
0.25,1890,734
0.25,1891,706
0.25,1892,711
0.25,1893,705
0.25,1894,717
0.25,1895,691
0.25,1896,722
0.25,1897,696
0.25,1898,709
0.25,1899,720
0.25,1900,690
0.25,1901,687
0.25,1902,659
0.25,1903,691
0.25,1904,685
0.25,1905,681
0.25,1906,698
0.25,1907,688
0.25,1908,706
0.25,1909,715
0.25,1910,712
0.25,1911,720
0.25,1912,733
0.25,1913,731
0.25,1914,719
0.25,1915,729
0.25,1916,711
0.25,1917,695
0.25,1918,694
0.25,1919,663
0.25,1920,660
0.25,1921,645
0.25,1922,660
0.25,1923,685
0.25,1924,673
0.25,1925,673
0.25,1926,679
0.25,1927,665
0.25,1928,666
0.25,1929,675
0.25,1930,663
0.25,1931,693
0.25,1932,687
0.25,1933,728
0.25,1934,723
0.25,1935,737
0.25,1936,749
0.25,1937,762
0.25,1938,766
0.25,1939,775
0.25,1940,730
0.25,1941,740
0.25,1942,742
0.25,1943,731
0.25,1944,730
0.25,1945,767
0.25,1946,755
0.25,1947,761
0.25,1948,774
0.25,1949,776
0.25,1950,796
0.25,1951,767
0.25,1952,782
0.25,1953,783
0.25,1954,774
0.25,1955,769
0.25,1956,765
0.25,1957,769
0.25,1958,776
0.25,1959,748
0.25,1960,732
0.25,1961,756
0.25,1962,728
0.25,1963,733
0.25,1964,752
0.25,1965,771
0.25,1966,773
0.25,1967,802
0.25,1968,795
0.25,1969,818
0.25,1970,785
0.25,1971,788
0.25,1972,810
0.25,1973,775
0.25,1974,802
0.25,1975,780
0.25,1976,820
0.25,1977,807
0.25,1978,811
0.25,1979,803
0.25,1980,809
0.25,1981,822
0.25,1982,818
0.25,1983,823
0.25,1984,840
0.25,1985,802
0.25,1986,823
0.25,1987,794
0.25,1988,817
0.25,1989,811
0.25,1990,800
0.25,1991,775
0.25,1992,779
0.25,1993,775
0.25,1994,777
0.25,1995,774
0.25,1996,791
0.25,1997,787
0.25,1998,829
0.25,1999,780
0.25,2000,793
0.25,2001,757
0.25,2002,758
0.25,2003,757
0.25,2004,752
0.25,2005,783
0.25,2006,776
0.25,2007,819
0.25,2008,800
0.25,2009,832
0.25,2010,822
0.25,2011,824
0.25,2012,808
0.25,2013,801
0.25,2014,839
0.25,2015,819
0.25,2016,824
0.25,2017,861
0.25,2018,838
0.25,2019,858
0.25,2020,829
0.25,2021,877
0.25,2022,840
0.25,2023,862
0.25,2024,831
0.25,2025,855
0.25,2026,834
0.25,2027,847
0.25,2028,808
0.25,2029,793
0.25,2030,788
0.25,2031,771
0.25,2032,788
0.25,2033,795
0.25,2034,810
0.25,2035,805
0.25,2036,827
0.25,2037,819
0.25,2038,811
0.25,2039,792
0.25,2040,856
0.25,2041,842
0.25,2042,848
0.25,2043,881
0.25,2044,855
0.25,2045,902
0.25,2046,870
0.25,2047,876
0.25,2048,840
0.25,2049,836
0.25,2050,841
0.25,2051,797
0.25,2052,818
0.25,2053,809
0.25,2054,827
0.25,2055,833
0.25,2056,857
0.25,2057,887
0.25,2058,890
0.25,2059,906
0.25,2060,910
0.25,2061,948
0.25,2062,901
0.25,2063,938
0.25,2064,922
0.25,2065,930
0.25,2066,981
0.25,2067,932
0.25,2068,944
0.25,2069,952
0.25,2070,973
0.25,2071,969
0.25,2072,927
0.25,2073,931
0.25,2074,898
0.25,2075,898
0.25,2076,918
0.25,2077,893
0.25,2078,919
0.25,2079,909
0.25,2080,934
0.25,2081,898
0.25,2082,908
0.25,2083,885
0.25,2084,883
0.25,2085,900
0.25,2086,873
0.25,2087,880
0.25,2088,926
0.25,2089,944
0.25,2090,921
0.25,2091,950
0.25,2092,921
0.25,2093,961
0.25,2094,941
0.25,2095,968
0.25,2096,951
0.25,2097,989
0.25,2098,976
0.25,2099,1014
0.25,2100,971
0.25,2101,1044
0.25,2102,1012
0.25,2103,1010
0.25,2104,1022
0.25,2105,997
0.25,2106,1043
0.25,2107,1048
0.25,2108,1055
0.25,2109,1051
0.25,2110,1027
0.25,2111,1077
0.25,2112,1037
0.25,2113,1057
0.25,2114,1012
0.25,2115,1019
0.25,2116,988
0.25,2117,1016
0.25,2118,963
0.25,2119,981
0.25,2120,976
0.25,2121,976
0.25,2122,959
0.25,2123,935
0.25,2124,945
0.25,2125,962
0.25,2126,955
0.25,2127,930
0.25,2128,946
0.25,2129,941
0.25,2130,954
0.25,2131,932
0.25,2132,951
0.25,2133,921
0.25,2134,970
0.25,2135,930
0.25,2136,951
0.25,2137,953
0.25,2138,981
0.25,2139,947
0.25,2140,955
0.25,2141,962
0.25,2142,941
0.25,2143,977
0.25,2144,969
0.25,2145,944
0.25,2146,923
0.25,2147,914
0.25,2148,953
0.25,2149,933
0.25,2150,982
0.25,2151,1001
0.25,2152,1034
0.25,2153,1027
0.25,2154,1073
0.25,2155,1014
0.25,2156,1014
0.25,2157,963
0.25,2158,992
0.25,2159,950
0.25,2160,969
0.25,2161,962
0.25,2162,962
0.25,2163,947
0.25,2164,954
0.25,2165,964
0.25,2166,986
0.25,2167,959
0.25,2168,908
0.25,2169,914
0.25,2170,900
0.25,2171,888
0.25,2172,875
0.25,2173,914
0.25,2174,895
0.25,2175,904
0.25,2176,904
0.25,2177,900
0.25,2178,889
0.25,2179,910
0.25,2180,877
0.25,2181,909
0.25,2182,881
0.25,2183,902
0.25,2184,886
0.25,2185,908
0.25,2186,869
0.25,2187,860
0.25,2188,854
0.25,2189,834
0.25,2190,851
0.25,2191,813
0.25,2192,809
0.25,2193,811
0.25,2194,800
0.25,2195,805
0.25,2196,797
0.25,2197,836
0.25,2198,833
0.25,2199,864
0.25,2200,849
0.25,2201,847
0.25,2202,865
0.25,2203,845
0.25,2204,807
0.25,2205,836
0.25,2206,799
0.25,2207,823
0.25,2208,851
0.25,2209,834
0.25,2210,841
0.25,2211,826
0.25,2212,811
0.25,2213,806
0.25,2214,846
0.25,2215,861
0.25,2216,862
0.25,2217,874
0.25,2218,883
0.25,2219,872
0.25,2220,905
0.25,2221,920
0.25,2222,917
0.25,2223,900
0.25,2224,878
0.25,2225,898
0.25,2226,925
0.25,2227,899
0.25,2228,966
0.25,2229,953
0.25,2230,985
0.25,2231,980
0.25,2232,997
0.25,2233,1024
0.25,2234,1035
0.25,2235,1042
0.25,2236,1061
0.25,2237,1021
0.25,2238,991
0.25,2239,976
0.25,2240,1006
0.25,2241,988
0.25,2242,1026
0.25,2243,949
0.25,2244,959
0.25,2245,935
0.25,2246,933
0.25,2247,934
0.25,2248,909
0.25,2249,898
0.25,2250,898
0.25,2251,897
0.25,2252,878
0.25,2253,894
0.25,2254,869
0.25,2255,893
0.25,2256,893
0.25,2257,891
0.25,2258,879
0.25,2259,860
0.25,2260,838
0.25,2261,853
0.25,2262,862
0.25,2263,886
0.25,2264,824
0.25,2265,819
0.25,2266,813
0.25,2267,801
0.25,2268,784
0.25,2269,817
0.25,2270,803
0.25,2271,817
0.25,2272,809
0.25,2273,826
0.25,2274,843
0.25,2275,861
0.25,2276,831
0.25,2277,831
0.25,2278,819
0.25,2279,807
0.25,2280,768
0.25,2281,748
0.25,2282,724
0.25,2283,711
0.25,2284,732
0.25,2285,712
0.25,2286,718
0.25,2287,699
0.25,2288,731
0.25,2289,744
0.25,2290,752
0.25,2291,751
0.25,2292,750
0.25,2293,758
0.25,2294,730
0.25,2295,735
0.25,2296,701
0.25,2297,743
0.25,2298,728
0.25,2299,748
0.25,2300,735
0.25,2301,760
0.25,2302,754
0.25,2303,753
0.25,2304,748
0.25,2305,760
0.25,2306,725
0.25,2307,738
0.25,2308,761
0.25,2309,759
0.25,2310,742
0.25,2311,744
0.25,2312,721
0.25,2313,733
0.25,2314,720
0.25,2315,734
0.25,2316,727
0.25,2317,729
0.25,2318,726
0.25,2319,754
0.25,2320,771
0.25,2321,792
0.25,2322,795
0.25,2323,786
0.25,2324,782
0.25,2325,790
0.25,2326,762
0.25,2327,744
0.25,2328,776
0.25,2329,769
0.25,2330,766
0.25,2331,784
0.25,2332,790
0.25,2333,806
0.25,2334,813
0.25,2335,776
0.25,2336,781
0.25,2337,768
0.25,2338,793
0.25,2339,787
0.25,2340,837
0.25,2341,789
0.25,2342,786
0.25,2343,768
0.25,2344,785
0.25,2345,742
0.25,2346,729
0.25,2347,743
0.25,2348,761
0.25,2349,750
0.25,2350,724
0.25,2351,711
0.25,2352,696
0.25,2353,704
0.25,2354,687
0.25,2355,694
0.25,2356,674
0.25,2357,691
0.25,2358,679
0.25,2359,673
0.25,2360,665
0.25,2361,649
0.25,2362,652
0.25,2363,658
0.25,2364,633
0.25,2365,629
0.25,2366,626
0.25,2367,627
0.25,2368,618
0.25,2369,614
0.25,2370,632
0.25,2371,620
0.25,2372,614
0.25,2373,632
0.25,2374,619
0.25,2375,648
0.25,2376,614
0.25,2377,627
0.25,2378,614
0.25,2379,632
0.25,2380,612
0.25,2381,600
0.25,2382,613
0.25,2383,622
0.25,2384,633
0.25,2385,620
0.25,2386,650
0.25,2387,633
0.25,2388,625
0.25,2389,625
0.25,2390,633
0.25,2391,631
0.25,2392,618
0.25,2393,617
0.25,2394,626
0.25,2395,630
0.25,2396,640
0.25,2397,651
0.25,2398,655
0.25,2399,651
0.25,2400,677
0.25,2401,666
0.25,2402,668
0.25,2403,666
0.25,2404,660
0.25,2405,680
0.25,2406,673
0.25,2407,692
0.25,2408,697
0.25,2409,706
0.25,2410,696
0.25,2411,690
0.25,2412,688
0.25,2413,662
0.25,2414,645
0.25,2415,665
0.25,2416,650
0.25,2417,652
0.25,2418,621
0.25,2419,617
0.25,2420,637
0.25,2421,612
0.25,2422,621
0.25,2423,633
0.25,2424,623
0.25,2425,628
0.25,2426,621
0.25,2427,636
0.25,2428,637
0.25,2429,637
0.25,2430,625
0.25,2431,646
0.25,2432,638
0.25,2433,640
0.25,2434,608
0.25,2435,627
0.25,2436,621
0.25,2437,613
0.25,2438,612
0.25,2439,618
0.25,2440,621
0.25,2441,642
0.25,2442,620
0.25,2443,629
0.25,2444,625
0.25,2445,650
0.25,2446,644
0.25,2447,649
0.25,2448,631
0.25,2449,658
0.25,2450,625
0.25,2451,635
0.25,2452,639
0.25,2453,648
0.25,2454,650
0.25,2455,651
0.25,2456,643
0.25,2457,677
0.25,2458,648
0.25,2459,662
0.25,2460,654
0.25,2461,663
0.25,2462,650
0.25,2463,650
0.25,2464,657
0.25,2465,659
0.25,2466,642
0.25,2467,661
0.25,2468,654
0.25,2469,655
0.25,2470,650
0.25,2471,657
0.25,2472,637
0.25,2473,647
0.25,2474,636
0.25,2475,651
0.25,2476,656
0.25,2477,669
0.25,2478,664
0.25,2479,692
0.25,2480,672
0.25,2481,686
0.25,2482,659
0.25,2483,667
0.25,2484,679
0.25,2485,670
0.25,2486,687
0.25,2487,673
0.25,2488,699
0.25,2489,670
0.25,2490,674
0.25,2491,691
0.25,2492,715
0.25,2493,697
0.25,2494,694
0.25,2495,719
0.25,2496,721
0.25,2497,758
0.25,2498,743
0.25,2499,750
0.25,2500,763
0.25,2501,744
0.25,2502,736
0.25,2503,739
0.25,2504,735
0.25,2505,740
0.25,2506,753
0.25,2507,752
0.25,2508,770
0.25,2509,762
0.25,2510,749
0.25,2511,776
0.25,2512,749
0.25,2513,774
0.25,2514,768
0.25,2515,750
0.25,2516,755
0.25,2517,751
0.25,2518,735
0.25,2519,738
0.25,2520,737
0.25,2521,748
0.25,2522,753
0.25,2523,752
0.25,2524,751
0.25,2525,761
0.25,2526,760
0.25,2527,769
0.25,2528,727
0.25,2529,745
0.25,2530,723
0.25,2531,754
0.25,2532,717
0.25,2533,740
0.25,2534,687
0.25,2535,702
0.25,2536,687
0.25,2537,697
0.25,2538,704
0.25,2539,698
0.25,2540,677
0.25,2541,668
0.25,2542,666
0.25,2543,659
0.25,2544,666
0.25,2545,644
0.25,2546,643
0.25,2547,626
0.25,2548,621
0.25,2549,636
0.25,2550,648
0.25,2551,649
0.25,2552,679
0.25,2553,676
0.25,2554,675
0.25,2555,662
0.25,2556,662
0.25,2557,668
0.25,2558,678
0.25,2559,678
0.25,2560,703
0.25,2561,696
0.25,2562,693
0.25,2563,693
0.25,2564,694
0.25,2565,705
0.25,2566,685
0.25,2567,701
0.25,2568,697
0.25,2569,713
0.25,2570,699
0.25,2571,719
0.25,2572,725
0.25,2573,718
0.25,2574,711
0.25,2575,718
0.25,2576,748
0.25,2577,748
0.25,2578,715
0.25,2579,740
0.25,2580,695
0.25,2581,720
0.25,2582,702
0.25,2583,722
0.25,2584,729
0.25,2585,737
0.25,2586,757
0.25,2587,739
0.25,2588,728
0.25,2589,761
0.25,2590,755
0.25,2591,796
0.25,2592,754
0.25,2593,804
0.25,2594,783
0.25,2595,827
0.25,2596,835
0.25,2597,899
0.25,2598,857
0.25,2599,851
0.25,2600,849
0.25,2601,829
0.25,2602,856
0.25,2603,882
0.25,2604,824
0.25,2605,818
0.25,2606,800
0.25,2607,796
0.25,2608,792
0.25,2609,778
0.25,2610,770
0.25,2611,767
0.25,2612,766
0.25,2613,759
0.25,2614,782
0.25,2615,764
0.25,2616,769
0.25,2617,765
0.25,2618,778
0.25,2619,769
0.25,2620,762
0.25,2621,767
0.25,2622,764
0.25,2623,766
0.25,2624,749
0.25,2625,747
0.25,2626,742
0.25,2627,732
0.25,2628,724
0.25,2629,743
0.25,2630,730
0.25,2631,751
0.25,2632,735
0.25,2633,723
0.25,2634,714
0.25,2635,714
0.25,2636,704
0.25,2637,692
0.25,2638,659
0.25,2639,666
0.25,2640,655
0.25,2641,670
0.25,2642,652
0.25,2643,670
0.25,2644,673
0.25,2645,657
0.25,2646,644
0.25,2647,652
0.25,2648,647
0.25,2649,622
0.25,2650,645
0.25,2651,609
0.25,2652,623
0.25,2653,604
0.25,2654,618
0.25,2655,609
0.25,2656,595
0.25,2657,597
0.25,2658,596
0.25,2659,611
0.25,2660,588
0.25,2661,585
0.25,2662,578
0.25,2663,581
0.25,2664,586
0.25,2665,589
0.25,2666,595
0.25,2667,589
0.25,2668,589
0.25,2669,593
0.25,2670,587
0.25,2671,599
0.25,2672,591
0.25,2673,584
0.25,2674,596
0.25,2675,602
0.25,2676,604
0.25,2677,601
0.25,2678,608
0.25,2679,607
0.25,2680,609
0.25,2681,606
0.25,2682,609
0.25,2683,595
0.25,2684,603
0.25,2685,592
0.25,2686,600
0.25,2687,585
0.25,2688,590
0.25,2689,589
0.25,2690,577
0.25,2691,580
0.25,2692,585
0.25,2693,594
0.25,2694,597
0.25,2695,602
0.25,2696,607
0.25,2697,604
0.25,2698,610
0.25,2699,593
0.25,2700,609
0.25,2701,593
0.25,2702,609
0.25,2703,602
0.25,2704,613
0.25,2705,605
0.25,2706,608
0.25,2707,605
0.25,2708,609
0.25,2709,610
0.25,2710,608
0.25,2711,611
0.25,2712,611
0.25,2713,629
0.25,2714,624
0.25,2715,638
0.25,2716,664
0.25,2717,649
0.25,2718,652
0.25,2719,651
0.25,2720,661
0.25,2721,665
0.25,2722,672
0.25,2723,671
0.25,2724,676
0.25,2725,677
0.25,2726,656
0.25,2727,642
0.25,2728,643
0.25,2729,658
0.25,2730,647
0.25,2731,646
0.25,2732,621
0.25,2733,634
0.25,2734,632
0.25,2735,649
0.25,2736,642
0.25,2737,657
0.25,2738,662
0.25,2739,660
0.25,2740,660
0.25,2741,682
0.25,2742,689
0.25,2743,675
0.25,2744,657
0.25,2745,664
0.25,2746,684
0.25,2747,663
0.25,2748,660
0.25,2749,658
0.25,2750,653
0.25,2751,655
0.25,2752,644
0.25,2753,639
0.25,2754,632
0.25,2755,639
0.25,2756,646
0.25,2757,632
0.25,2758,639
0.25,2759,633
0.25,2760,623
0.25,2761,615
0.25,2762,620
0.25,2763,627
0.25,2764,618
0.25,2765,625
0.25,2766,641
0.25,2767,631
0.25,2768,645
0.25,2769,624
0.25,2770,609
0.25,2771,629
0.25,2772,625
0.25,2773,639
0.25,2774,641
0.25,2775,647
0.25,2776,644
0.25,2777,641
0.25,2778,625
0.25,2779,612
0.25,2780,626
0.25,2781,619
0.25,2782,620
0.25,2783,617
0.25,2784,621
0.25,2785,615
0.25,2786,623
0.25,2787,617
0.25,2788,619
0.25,2789,621
0.25,2790,627
0.25,2791,633
0.25,2792,648
0.25,2793,632
0.25,2794,634
0.25,2795,622
0.25,2796,615
0.25,2797,627
0.25,2798,635
0.25,2799,624
0.25,2800,637
0.25,2801,636
0.25,2802,661
0.25,2803,642
0.25,2804,658
0.25,2805,654
0.25,2806,660
0.25,2807,647
0.25,2808,681
0.25,2809,655
0.25,2810,659
0.25,2811,675
0.25,2812,655
0.25,2813,656
0.25,2814,631
0.25,2815,624
0.25,2816,618
0.25,2817,634
0.25,2818,627
0.25,2819,622
0.25,2820,642
0.25,2821,644
0.25,2822,656
0.25,2823,643
0.25,2824,663
0.25,2825,660
0.25,2826,675
0.25,2827,676
0.25,2828,666
0.25,2829,696
0.25,2830,667
0.25,2831,659
0.25,2832,652
0.25,2833,645
0.25,2834,631
0.25,2835,626
0.25,2836,630
0.25,2837,637
0.25,2838,640
0.25,2839,655
0.25,2840,662
0.25,2841,678
0.25,2842,668
0.25,2843,660
0.25,2844,661
0.25,2845,658
0.25,2846,669
0.25,2847,651
0.25,2848,652
0.25,2849,636
0.25,2850,649
0.25,2851,647
0.25,2852,643
0.25,2853,651
0.25,2854,659
0.25,2855,655
0.25,2856,661
0.25,2857,641
0.25,2858,645
0.25,2859,636
0.25,2860,652
0.25,2861,642
0.25,2862,653
0.25,2863,656
0.25,2864,654
0.25,2865,678
0.25,2866,667
0.25,2867,692
0.25,2868,658
0.25,2869,650
0.25,2870,651
0.25,2871,674
0.25,2872,669
0.25,2873,663
0.25,2874,658
0.25,2875,676
0.25,2876,640
0.25,2877,655
0.25,2878,647
0.25,2879,648
0.25,2880,647
0.25,2881,648
0.25,2882,673
0.25,2883,672
0.25,2884,680
0.25,2885,659
0.25,2886,676
0.25,2887,653
0.25,2888,654
0.25,2889,663
0.25,2890,673
0.25,2891,663
0.25,2892,667
0.25,2893,664
0.25,2894,667
0.25,2895,649
0.25,2896,634
0.25,2897,610
0.25,2898,607
0.25,2899,612
0.25,2900,608
0.25,2901,615
0.25,2902,594
0.25,2903,605
0.25,2904,605
0.25,2905,598
0.25,2906,612
0.25,2907,614
0.25,2908,611
0.25,2909,604
0.25,2910,605
0.25,2911,624
0.25,2912,608
0.25,2913,621
0.25,2914,603
0.25,2915,608
0.25,2916,605
0.25,2917,624
0.25,2918,615
0.25,2919,636
0.25,2920,594
0.25,2921,601
0.25,2922,596
0.25,2923,605
0.25,2924,603
0.25,2925,610
0.25,2926,607
0.25,2927,615
0.25,2928,614
0.25,2929,621
0.25,2930,624
0.25,2931,640
0.25,2932,635
0.25,2933,619
0.25,2934,627
0.25,2935,613
0.25,2936,606
0.25,2937,596
0.25,2938,587
0.25,2939,580
0.25,2940,589
0.25,2941,576
0.25,2942,569
0.25,2943,568
0.25,2944,569
0.25,2945,565
0.25,2946,576
0.25,2947,578
0.25,2948,579
0.25,2949,575
0.25,2950,574
0.25,2951,583
0.25,2952,586
0.25,2953,603
0.25,2954,613
0.25,2955,620
0.25,2956,628
0.25,2957,656
0.25,2958,638
0.25,2959,682
0.25,2960,673
0.25,2961,668
0.25,2962,658
0.25,2963,659
0.25,2964,677
0.25,2965,674
0.25,2966,673
0.25,2967,653
0.25,2968,660
0.25,2969,620
0.25,2970,627
0.25,2971,623
0.25,2972,648
0.25,2973,654
0.25,2974,646
0.25,2975,638
0.25,2976,629
0.25,2977,638
0.25,2978,656
0.25,2979,657
0.25,2980,683
0.25,2981,667
0.25,2982,672
0.25,2983,664
0.25,2984,646
0.25,2985,650
0.25,2986,652
0.25,2987,673
0.25,2988,675
0.25,2989,669
0.25,2990,676
0.25,2991,666
0.25,2992,681
0.25,2993,655
0.25,2994,676
0.25,2995,678
0.25,2996,707
0.25,2997,711
0.25,2998,729
0.25,2999,713
0.25,3000,703
0.25,3001,705
0.25,3002,693
0.25,3003,676
0.25,3004,682
0.25,3005,645
0.25,3006,656
0.25,3007,639
0.25,3008,649
0.25,3009,652
0.25,3010,661
0.25,3011,663
0.25,3012,657
0.25,3013,656
0.25,3014,670
0.25,3015,689
0.25,3016,664
0.25,3017,667
0.25,3018,671
0.25,3019,671
0.25,3020,662
0.25,3021,645
0.25,3022,667
0.25,3023,646
0.25,3024,666
0.25,3025,626
0.25,3026,608
0.25,3027,590
0.25,3028,588
0.25,3029,602
0.25,3030,602
0.25,3031,617
0.25,3032,625
0.25,3033,628
0.25,3034,640
0.25,3035,609
0.25,3036,619
0.25,3037,612
0.25,3038,632
0.25,3039,627
0.25,3040,613
0.25,3041,615
0.25,3042,623
0.25,3043,626
0.25,3044,626
0.25,3045,637
0.25,3046,636
0.25,3047,625
0.25,3048,608
0.25,3049,607
0.25,3050,597
0.25,3051,583
0.25,3052,593
0.25,3053,585
0.25,3054,586
0.25,3055,596
0.25,3056,589
0.25,3057,591
0.25,3058,576
0.25,3059,600
0.25,3060,561
0.25,3061,548
0.25,3062,538
0.25,3063,538
0.25,3064,540
0.25,3065,569
0.25,3066,540
0.25,3067,539
0.25,3068,544
0.25,3069,533
0.25,3070,533
0.25,3071,547
0.25,3072,546
0.25,3073,553
0.25,3074,551
0.25,3075,553
0.25,3076,537
0.25,3077,545
0.25,3078,536
0.25,3079,548
0.25,3080,545
0.25,3081,564
0.25,3082,539
0.25,3083,541
0.25,3084,548
0.25,3085,541
0.25,3086,547
0.25,3087,549
0.25,3088,552
0.25,3089,572
0.25,3090,566
0.25,3091,570
0.25,3092,560
0.25,3093,557
0.25,3094,561
0.25,3095,555
0.25,3096,541
0.25,3097,546
0.25,3098,536
0.25,3099,534
0.25,3100,540
0.25,3101,528
0.25,3102,533
0.25,3103,521
0.25,3104,546
0.25,3105,539
0.25,3106,555
0.25,3107,556
0.25,3108,556
0.25,3109,559
0.25,3110,569
0.25,3111,530
0.25,3112,528
0.25,3113,530
0.25,3114,521
0.25,3115,526
0.25,3116,519
0.25,3117,522
0.25,3118,518
0.25,3119,519
0.25,3120,519
0.25,3121,519
0.25,3122,523
0.25,3123,520
0.25,3124,523
0.25,3125,530
0.25,3126,528
0.25,3127,518
0.25,3128,526
0.25,3129,517
0.25,3130,514
0.25,3131,516
0.25,3132,512
0.25,3133,514
0.25,3134,509
0.25,3135,510
0.25,3136,509
0.25,3137,511
0.25,3138,513
0.25,3139,517
0.25,3140,519
0.25,3141,521
0.25,3142,527
0.25,3143,525
0.25,3144,529
0.25,3145,531
0.25,3146,523
0.25,3147,533
0.25,3148,529
0.25,3149,533
0.25,3150,537
0.25,3151,549
0.25,3152,543
0.25,3153,557
0.25,3154,535
0.25,3155,527
0.25,3156,529
0.25,3157,541
0.25,3158,539
0.25,3159,551
0.25,3160,549
0.25,3161,547
0.25,3162,565
0.25,3163,549
0.25,3164,547
0.25,3165,549
0.25,3166,547
0.25,3167,549
0.25,3168,557
0.25,3169,553
0.25,3170,567
0.25,3171,563
0.25,3172,567
0.25,3173,569
0.25,3174,587
0.25,3175,561
0.25,3176,571
0.25,3177,565
0.25,3178,573
0.25,3179,551
0.25,3180,551
0.25,3181,551
0.25,3182,541
0.25,3183,543
0.25,3184,547
0.25,3185,549
0.25,3186,537
0.25,3187,539
0.25,3188,537
0.25,3189,543
0.25,3190,549
0.25,3191,547
0.25,3192,545
0.25,3193,535
0.25,3194,531
0.25,3195,527
0.25,3196,523
0.25,3197,521
0.25,3198,517
0.25,3199,517
0.25,3200,517
0.3,0,5001
0.3,1,5717
0.3,2,4814
0.3,3,4776
0.3,4,4495
0.3,5,4362
0.3,6,4045
0.3,7,3976
0.3,8,3656
0.3,9,3590
0.3,10,3464
0.3,11,3385
0.3,12,3259
0.3,13,3135
0.3,14,3146
0.3,15,3082
0.3,16,3001
0.3,17,2927
0.3,18,2879
0.3,19,2763
0.3,20,2678
0.3,21,2644
0.3,22,2612
0.3,23,2502
0.3,24,2595
0.3,25,2397
0.3,26,2538
0.3,27,2441
0.3,28,2434
0.3,29,2380
0.3,30,2315
0.3,31,2268
0.3,32,2295
0.3,33,2289
0.3,34,2340
0.3,35,2295
0.3,36,2285
0.3,37,2173
0.3,38,2223
0.3,39,2127
0.3,40,2104
0.3,41,2036
0.3,42,2047
0.3,43,1978
0.3,44,2009
0.3,45,2021
0.3,46,1963
0.3,47,1965
0.3,48,1929
0.3,49,1929
0.3,50,1953
0.3,51,1877
0.3,52,1855
0.3,53,1799
0.3,54,1791
0.3,55,1762
0.3,56,1709
0.3,57,1708
0.3,58,1699
0.3,59,1680
0.3,60,1693
0.3,61,1628
0.3,62,1685
0.3,63,1629
0.3,64,1590
0.3,65,1614
0.3,66,1576
0.3,67,1628
0.3,68,1681
0.3,69,1631
0.3,70,1672
0.3,71,1591
0.3,72,1636
0.3,73,1635
0.3,74,1686
0.3,75,1667
0.3,76,1736
0.3,77,1730
0.3,78,1754
0.3,79,1684
0.3,80,1679
0.3,81,1714
0.3,82,1683
0.3,83,1649
0.3,84,1653
0.3,85,1596
0.3,86,1622
0.3,87,1601
0.3,88,1611
0.3,89,1654
0.3,90,1607
0.3,91,1613
0.3,92,1604
0.3,93,1571
0.3,94,1642
0.3,95,1644
0.3,96,1592
0.3,97,1611
0.3,98,1578
0.3,99,1621
0.3,100,1616
0.3,101,1640
0.3,102,1595
0.3,103,1622
0.3,104,1584
0.3,105,1594
0.3,106,1599
0.3,107,1561
0.3,108,1594
0.3,109,1599
0.3,110,1556
0.3,111,1604
0.3,112,1622
0.3,113,1585
0.3,114,1701
0.3,115,1616
0.3,116,1618
0.3,117,1580
0.3,118,1573
0.3,119,1511
0.3,120,1503
0.3,121,1528
0.3,122,1546
0.3,123,1544
0.3,124,1416
0.3,125,1458
0.3,126,1456
0.3,127,1469
0.3,128,1531
0.3,129,1507
0.3,130,1539
0.3,131,1502
0.3,132,1466
0.3,133,1489
0.3,134,1482
0.3,135,1453
0.3,136,1452
0.3,137,1449
0.3,138,1508
0.3,139,1501
0.3,140,1476
0.3,141,1473
0.3,142,1457
0.3,143,1430
0.3,144,1413
0.3,145,1406
0.3,146,1430
0.3,147,1424
0.3,148,1465
0.3,149,1412
0.3,150,1433
0.3,151,1398
0.3,152,1413
0.3,153,1347
0.3,154,1393
0.3,155,1372
0.3,156,1384
0.3,157,1371
0.3,158,1386
0.3,159,1356
0.3,160,1395
0.3,161,1344
0.3,162,1344
0.3,163,1275
0.3,164,1260
0.3,165,1285
0.3,166,1269
0.3,167,1265
0.3,168,1269
0.3,169,1321
0.3,170,1326
0.3,171,1312
0.3,172,1294
0.3,173,1313
0.3,174,1283
0.3,175,1302
0.3,176,1289
0.3,177,1375
0.3,178,1393
0.3,179,1365
0.3,180,1385
0.3,181,1328
0.3,182,1409
0.3,183,1359
0.3,184,1383
0.3,185,1356
0.3,186,1416
0.3,187,1374
0.3,188,1368
0.3,189,1375
0.3,190,1377
0.3,191,1391
0.3,192,1327
0.3,193,1358
0.3,194,1325
0.3,195,1315
0.3,196,1334
0.3,197,1297
0.3,198,1310
0.3,199,1290
0.3,200,1294
0.3,201,1247
0.3,202,1265
0.3,203,1219
0.3,204,1208
0.3,205,1181
0.3,206,1141
0.3,207,1158
0.3,208,1134
0.3,209,1140
0.3,210,1163
0.3,211,1151
0.3,212,1138
0.3,213,1119
0.3,214,1110
0.3,215,1163
0.3,216,1111
0.3,217,1115
0.3,218,1087
0.3,219,1067
0.3,220,1048
0.3,221,1090
0.3,222,1071
0.3,223,1108
0.3,224,1091
0.3,225,1125
0.3,226,1128
0.3,227,1172
0.3,228,1168
0.3,229,1188
0.3,230,1179
0.3,231,1203
0.3,232,1195
0.3,233,1181
0.3,234,1227
0.3,235,1206
0.3,236,1210
0.3,237,1203
0.3,238,1219
0.3,239,1224
0.3,240,1224
0.3,241,1212
0.3,242,1194
0.3,243,1207
0.3,244,1221
0.3,245,1210
0.3,246,1187
0.3,247,1213
0.3,248,1223
0.3,249,1202
0.3,250,1180
0.3,251,1129
0.3,252,1149
0.3,253,1125
0.3,254,1167
0.3,255,1218
0.3,256,1219
0.3,257,1258
0.3,258,1203
0.3,259,1201
0.3,260,1217
0.3,261,1173
0.3,262,1163
0.3,263,1151
0.3,264,1123
0.3,265,1112
0.3,266,1096
0.3,267,1093
0.3,268,1094
0.3,269,1090
0.3,270,1050
0.3,271,1041
0.3,272,1028
0.3,273,1040
0.3,274,1064
0.3,275,1059
0.3,276,1032
0.3,277,1082
0.3,278,1059
0.3,279,1076
0.3,280,994
0.3,281,999
0.3,282,1016
0.3,283,969
0.3,284,987
0.3,285,989
0.3,286,1007
0.3,287,990
0.3,288,1005
0.3,289,984
0.3,290,925
0.3,291,921
0.3,292,904
0.3,293,892
0.3,294,910
0.3,295,901
0.3,296,942
0.3,297,911
0.3,298,901
0.3,299,916
0.3,300,919
0.3,301,937
0.3,302,918
0.3,303,971
0.3,304,942
0.3,305,934
0.3,306,909
0.3,307,903
0.3,308,932
0.3,309,927
0.3,310,970
0.3,311,932
0.3,312,976
0.3,313,1000
0.3,314,1029
0.3,315,1006
0.3,316,1024
0.3,317,1064
0.3,318,1044
0.3,319,1070
0.3,320,1035
0.3,321,1052
0.3,322,1027
0.3,323,1028
0.3,324,1024
0.3,325,1016
0.3,326,978
0.3,327,1001
0.3,328,1027
0.3,329,1026
0.3,330,981
0.3,331,984
0.3,332,965
0.3,333,966
0.3,334,1016
0.3,335,978
0.3,336,979
0.3,337,971
0.3,338,985
0.3,339,963
0.3,340,1023
0.3,341,1007
0.3,342,1033
0.3,343,981
0.3,344,967
0.3,345,987
0.3,346,994
0.3,347,990
0.3,348,990
0.3,349,1009
0.3,350,995
0.3,351,932
0.3,352,932
0.3,353,918
0.3,354,959
0.3,355,953
0.3,356,916
0.3,357,909
0.3,358,895
0.3,359,874
0.3,360,877
0.3,361,907
0.3,362,885
0.3,363,917
0.3,364,861
0.3,365,880
0.3,366,900
0.3,367,884
0.3,368,912
0.3,369,917
0.3,370,957
0.3,371,921
0.3,372,978
0.3,373,964
0.3,374,949
0.3,375,910
0.3,376,889
0.3,377,860
0.3,378,867
0.3,379,869
0.3,380,882
0.3,381,868
0.3,382,919
0.3,383,890
0.3,384,870
0.3,385,835
0.3,386,859
0.3,387,872
0.3,388,886
0.3,389,880
0.3,390,878
0.3,391,843
0.3,392,817
0.3,393,856
0.3,394,826
0.3,395,907
0.3,396,861
0.3,397,896
0.3,398,889
0.3,399,877
0.3,400,895
0.3,401,879
0.3,402,908
0.3,403,940
0.3,404,935
0.3,405,966
0.3,406,920
0.3,407,952
0.3,408,959
0.3,409,1000
0.3,410,932
0.3,411,947
0.3,412,950
0.3,413,945
0.3,414,924
0.3,415,934
0.3,416,957
0.3,417,931
0.3,418,882
0.3,419,889
0.3,420,890
0.3,421,867
0.3,422,926
0.3,423,865
0.3,424,864
0.3,425,828
0.3,426,861
0.3,427,836
0.3,428,845
0.3,429,820
0.3,430,831
0.3,431,819
0.3,432,860
0.3,433,871
0.3,434,904
0.3,435,893
0.3,436,870
0.3,437,873
0.3,438,873
0.3,439,858
0.3,440,825
0.3,441,831
0.3,442,827
0.3,443,856
0.3,444,844
0.3,445,841
0.3,446,867
0.3,447,896
0.3,448,863
0.3,449,866
0.3,450,842
0.3,451,823
0.3,452,795
0.3,453,787
0.3,454,798
0.3,455,824
0.3,456,804
0.3,457,804
0.3,458,834
0.3,459,787
0.3,460,804
0.3,461,789
0.3,462,798
0.3,463,805
0.3,464,751
0.3,465,757
0.3,466,722
0.3,467,733
0.3,468,750
0.3,469,760
0.3,470,799
0.3,471,795
0.3,472,779
0.3,473,790
0.3,474,808
0.3,475,785
0.3,476,780
0.3,477,766
0.3,478,800
0.3,479,800
0.3,480,817
0.3,481,809
0.3,482,855
0.3,483,849
0.3,484,895
0.3,485,894
0.3,486,897
0.3,487,896
0.3,488,879
0.3,489,922
0.3,490,874
0.3,491,910
0.3,492,889
0.3,493,863
0.3,494,877
0.3,495,910
0.3,496,908
0.3,497,938
0.3,498,962
0.3,499,964
0.3,500,989
0.3,501,975
0.3,502,996
0.3,503,1000
0.3,504,1028
0.3,505,1024
0.3,506,1049
0.3,507,1030
0.3,508,1057
0.3,509,1089
0.3,510,1056
0.3,511,1059
0.3,512,999
0.3,513,1027
0.3,514,1009
0.3,515,1009
0.3,516,987
0.3,517,985
0.3,518,974
0.3,519,952
0.3,520,957
0.3,521,967
0.3,522,980
0.3,523,1000
0.3,524,962
0.3,525,1001
0.3,526,1040
0.3,527,1051
0.3,528,1095
0.3,529,1094
0.3,530,1110
0.3,531,1112
0.3,532,1104
0.3,533,1133
0.3,534,1143
0.3,535,1131
0.3,536,1075
0.3,537,1069
0.3,538,1034
0.3,539,1067
0.3,540,1043
0.3,541,1036
0.3,542,981
0.3,543,994
0.3,544,948
0.3,545,973
0.3,546,956
0.3,547,957
0.3,548,938
0.3,549,986
0.3,550,971
0.3,551,942
0.3,552,960
0.3,553,942
0.3,554,935
0.3,555,894
0.3,556,914
0.3,557,911
0.3,558,887
0.3,559,918
0.3,560,933
0.3,561,919
0.3,562,900
0.3,563,888
0.3,564,885
0.3,565,905
0.3,566,965
0.3,567,941
0.3,568,960
0.3,569,937
0.3,570,936
0.3,571,935
0.3,572,903
0.3,573,958
0.3,574,932
0.3,575,953
0.3,576,951
0.3,577,972
0.3,578,1004
0.3,579,1006
0.3,580,1001
0.3,581,983
0.3,582,1002
0.3,583,971
0.3,584,1030
0.3,585,981
0.3,586,1030
0.3,587,997
0.3,588,1020
0.3,589,1023
0.3,590,1007
0.3,591,1039
0.3,592,1023
0.3,593,1011
0.3,594,1014
0.3,595,1024
0.3,596,1011
0.3,597,1057
0.3,598,1029
0.3,599,1090
0.3,600,1031
0.3,601,1103
0.3,602,1087
0.3,603,1106
0.3,604,1106
0.3,605,1094
0.3,606,1092
0.3,607,1069
0.3,608,1100
0.3,609,1106
0.3,610,1122
0.3,611,1102
0.3,612,1103
0.3,613,1099
0.3,614,1061
0.3,615,1075
0.3,616,1078
0.3,617,1044
0.3,618,1047
0.3,619,1038
0.3,620,1066
0.3,621,1020
0.3,622,1016
0.3,623,1009
0.3,624,991
0.3,625,1022
0.3,626,976
0.3,627,990
0.3,628,938
0.3,629,965
0.3,630,916
0.3,631,936
0.3,632,964
0.3,633,975
0.3,634,973
0.3,635,996
0.3,636,1035
0.3,637,1059
0.3,638,1078
0.3,639,1065
0.3,640,1040
0.3,641,1053
0.3,642,1040
0.3,643,1036
0.3,644,1044
0.3,645,1046
0.3,646,1005
0.3,647,1006
0.3,648,1019
0.3,649,1042
0.3,650,1023
0.3,651,1027
0.3,652,984
0.3,653,995
0.3,654,1005
0.3,655,970
0.3,656,996
0.3,657,997
0.3,658,1046
0.3,659,1063
0.3,660,1038
0.3,661,1045
0.3,662,987
0.3,663,1004
0.3,664,990
0.3,665,998
0.3,666,1004
0.3,667,1007
0.3,668,1009
0.3,669,1014
0.3,670,1015
0.3,671,1014
0.3,672,1030
0.3,673,1079
0.3,674,1028
0.3,675,997
0.3,676,1009
0.3,677,1045
0.3,678,1010
0.3,679,1044
0.3,680,1018
0.3,681,985
0.3,682,978
0.3,683,933
0.3,684,891
0.3,685,920
0.3,686,882
0.3,687,896
0.3,688,875
0.3,689,882
0.3,690,876
0.3,691,859
0.3,692,891
0.3,693,862
0.3,694,880
0.3,695,819
0.3,696,818
0.3,697,828
0.3,698,836
0.3,699,808
0.3,700,857
0.3,701,794
0.3,702,821
0.3,703,772
0.3,704,799
0.3,705,749
0.3,706,767
0.3,707,745
0.3,708,813
0.3,709,776
0.3,710,816
0.3,711,780
0.3,712,781
0.3,713,787
0.3,714,791
0.3,715,767
0.3,716,758
0.3,717,747
0.3,718,741
0.3,719,786
0.3,720,763
0.3,721,797
0.3,722,816
0.3,723,808
0.3,724,806
0.3,725,783
0.3,726,822
0.3,727,789
0.3,728,797
0.3,729,788
0.3,730,775
0.3,731,806
0.3,732,763
0.3,733,765
0.3,734,757
0.3,735,795
0.3,736,797
0.3,737,844
0.3,738,828
0.3,739,854
0.3,740,888
0.3,741,869
0.3,742,840
0.3,743,859
0.3,744,850
0.3,745,842
0.3,746,811
0.3,747,832
0.3,748,825
0.3,749,853
0.3,750,825
0.3,751,836
0.3,752,814
0.3,753,807
0.3,754,832
0.3,755,832
0.3,756,856
0.3,757,824
0.3,758,868
0.3,759,839
0.3,760,909
0.3,761,868
0.3,762,901
0.3,763,889
0.3,764,893
0.3,765,874
0.3,766,886
0.3,767,859
0.3,768,845
0.3,769,831
0.3,770,797
0.3,771,797
0.3,772,758
0.3,773,764
0.3,774,757
0.3,775,802
0.3,776,751
0.3,777,792
0.3,778,765
0.3,779,771
0.3,780,755
0.3,781,785
0.3,782,736
0.3,783,748
0.3,784,726
0.3,785,743
0.3,786,674
0.3,787,656
0.3,788,633
0.3,789,659
0.3,790,642
0.3,791,639
0.3,792,624
0.3,793,632
0.3,794,633
0.3,795,622
0.3,796,634
0.3,797,610
0.3,798,607
0.3,799,622
0.3,800,618
0.3,801,643
0.3,802,633
0.3,803,631
0.3,804,644
0.3,805,654
0.3,806,653
0.3,807,645
0.3,808,609
0.3,809,618
0.3,810,616
0.3,811,624
0.3,812,629
0.3,813,626
0.3,814,610
0.3,815,597
0.3,816,576
0.3,817,578
0.3,818,539
0.3,819,549
0.3,820,531
0.3,821,559
0.3,822,562
0.3,823,569
0.3,824,560
0.3,825,561
0.3,826,557
0.3,827,569
0.3,828,573
0.3,829,567
0.3,830,551
0.3,831,535
0.3,832,546
0.3,833,533
0.3,834,536
0.3,835,516
0.3,836,517
0.3,837,521
0.3,838,509
0.3,839,508
0.3,840,513
0.3,841,512
0.3,842,506
0.3,843,503
0.3,844,513
0.3,845,524
0.3,846,510
0.3,847,506
0.3,848,508
0.3,849,493
0.3,850,469
0.3,851,467
0.3,852,467
0.3,853,450
0.3,854,445
0.3,855,445
0.3,856,441
0.3,857,442
0.3,858,443
0.3,859,440
0.3,860,448
0.3,861,450
0.3,862,448
0.3,863,440
0.3,864,445
0.3,865,435
0.3,866,433
0.3,867,437
0.3,868,435
0.3,869,440
0.3,870,444
0.3,871,439
0.3,872,441
0.3,873,442
0.3,874,435
0.3,875,439
0.3,876,436
0.3,877,437
0.3,878,435
0.3,879,434
0.3,880,435
0.3,881,431
0.3,882,424
0.3,883,424
0.3,884,423
0.3,885,424
0.3,886,420
0.3,887,421
0.3,888,417
0.3,889,419
0.3,890,417
0.35,0,5794
0.35,1,6026
0.35,2,5282
0.35,3,4935
0.35,4,4875
0.35,5,4528
0.35,6,4348
0.35,7,4232
0.35,8,4087
0.35,9,4026
0.35,10,3869
0.35,11,3684
0.35,12,3708
0.35,13,3519
0.35,14,3422
0.35,15,3314
0.35,16,3307
0.35,17,3206
0.35,18,3189
0.35,19,3157
0.35,20,3109
0.35,21,3033
0.35,22,2922
0.35,23,2868
0.35,24,2807
0.35,25,2727
0.35,26,2685
0.35,27,2719
0.35,28,2478
0.35,29,2610
0.35,30,2499
0.35,31,2505
0.35,32,2481
0.35,33,2458
0.35,34,2351
0.35,35,2352
0.35,36,2316
0.35,37,2333
0.35,38,2261
0.35,39,2216
0.35,40,2183
0.35,41,2080
0.35,42,2091
0.35,43,2059
0.35,44,2036
0.35,45,1993
0.35,46,1993
0.35,47,1973
0.35,48,1908
0.35,49,1987
0.35,50,1930
0.35,51,1912
0.35,52,1923
0.35,53,1968
0.35,54,1906
0.35,55,1945
0.35,56,1891
0.35,57,1989
0.35,58,1867
0.35,59,1962
0.35,60,1942
0.35,61,1937
0.35,62,1950
0.35,63,1930
0.35,64,1893
0.35,65,1883
0.35,66,1877
0.35,67,1855
0.35,68,1849
0.35,69,1819
0.35,70,1851
0.35,71,1842
0.35,72,1856
0.35,73,1821
0.35,74,1889
0.35,75,1916
0.35,76,1920
0.35,77,1942
0.35,78,1862
0.35,79,1889
0.35,80,1863
0.35,81,1944
0.35,82,1927
0.35,83,1900
0.35,84,1920
0.35,85,1908
0.35,86,1914
0.35,87,1933
0.35,88,1999
0.35,89,1920
0.35,90,1991
0.35,91,1911
0.35,92,1868
0.35,93,1853
0.35,94,1821
0.35,95,1833
0.35,96,1815
0.35,97,1797
0.35,98,1697
0.35,99,1739
0.35,100,1750
0.35,101,1756
0.35,102,1736
0.35,103,1734
0.35,104,1731
0.35,105,1769
0.35,106,1657
0.35,107,1727
0.35,108,1670
0.35,109,1688
0.35,110,1629
0.35,111,1625
0.35,112,1605
0.35,113,1650
0.35,114,1661
0.35,115,1687
0.35,116,1708
0.35,117,1728
0.35,118,1658
0.35,119,1720
0.35,120,1561
0.35,121,1630
0.35,122,1528
0.35,123,1589
0.35,124,1510
0.35,125,1522
0.35,126,1443
0.35,127,1510
0.35,128,1468
0.35,129,1459
0.35,130,1453
0.35,131,1493
0.35,132,1470
0.35,133,1483
0.35,134,1482
0.35,135,1515
0.35,136,1509
0.35,137,1469
0.35,138,1561
0.35,139,1496
0.35,140,1487
0.35,141,1499
0.35,142,1486
0.35,143,1489
0.35,144,1483
0.35,145,1519
0.35,146,1538
0.35,147,1523
0.35,148,1485
0.35,149,1484
0.35,150,1443
0.35,151,1482
0.35,152,1476
0.35,153,1462
0.35,154,1445
0.35,155,1403
0.35,156,1440
0.35,157,1433
0.35,158,1464
0.35,159,1430
0.35,160,1421
0.35,161,1442
0.35,162,1430
0.35,163,1465
0.35,164,1455
0.35,165,1472
0.35,166,1523
0.35,167,1504
0.35,168,1466
0.35,169,1496
0.35,170,1445
0.35,171,1403
0.35,172,1401
0.35,173,1411
0.35,174,1454
0.35,175,1455
0.35,176,1435
0.35,177,1473
0.35,178,1535
0.35,179,1544
0.35,180,1528
0.35,181,1510
0.35,182,1525
0.35,183,1488
0.35,184,1543
0.35,185,1531
0.35,186,1481
0.35,187,1478
0.35,188,1493
0.35,189,1445
0.35,190,1472
0.35,191,1510
0.35,192,1471
0.35,193,1490
0.35,194,1495
0.35,195,1545
0.35,196,1493
0.35,197,1480
0.35,198,1537
0.35,199,1429
0.35,200,1443
0.35,201,1462
0.35,202,1474
0.35,203,1473
0.35,204,1454
0.35,205,1448
0.35,206,1453
0.35,207,1421
0.35,208,1452
0.35,209,1478
0.35,210,1481
0.35,211,1434
0.35,212,1460
0.35,213,1417
0.35,214,1489
0.35,215,1457
0.35,216,1459
0.35,217,1467
0.35,218,1411
0.35,219,1439
0.35,220,1437
0.35,221,1440
0.35,222,1432
0.35,223,1423
0.35,224,1471
0.35,225,1461
0.35,226,1469
0.35,227,1409
0.35,228,1383
0.35,229,1373
0.35,230,1413
0.35,231,1383
0.35,232,1354
0.35,233,1379
0.35,234,1362
0.35,235,1390
0.35,236,1377
0.35,237,1384
0.35,238,1426
0.35,239,1436
0.35,240,1423
0.35,241,1448
0.35,242,1383
0.35,243,1360
0.35,244,1404
0.35,245,1425
0.35,246,1377
0.35,247,1363
0.35,248,1411
0.35,249,1414
0.35,250,1434
0.35,251,1411
0.35,252,1403
0.35,253,1466
0.35,254,1457
0.35,255,1441
0.35,256,1475
0.35,257,1444
0.35,258,1418
0.35,259,1491
0.35,260,1442
0.35,261,1465
0.35,262,1500
0.35,263,1471
0.35,264,1514
0.35,265,1494
0.35,266,1461
0.35,267,1460
0.35,268,1462
0.35,269,1415
0.35,270,1401
0.35,271,1372
0.35,272,1348
0.35,273,1384
0.35,274,1374
0.35,275,1341
0.35,276,1322
0.35,277,1389
0.35,278,1415
0.35,279,1379
0.35,280,1448
0.35,281,1515
0.35,282,1476
0.35,283,1523
0.35,284,1558
0.35,285,1546
0.35,286,1494
0.35,287,1527
0.35,288,1461
0.35,289,1433
0.35,290,1454
0.35,291,1406
0.35,292,1437
0.35,293,1437
0.35,294,1363
0.35,295,1461
0.35,296,1355
0.35,297,1401
0.35,298,1403
0.35,299,1313
0.35,300,1370
0.35,301,1287
0.35,302,1359
0.35,303,1314
0.35,304,1353
0.35,305,1322
0.35,306,1307
0.35,307,1380
0.35,308,1351
0.35,309,1362
0.35,310,1353
0.35,311,1322
0.35,312,1320
0.35,313,1312
0.35,314,1277
0.35,315,1294
0.35,316,1328
0.35,317,1311
0.35,318,1315
0.35,319,1357
0.35,320,1292
0.35,321,1310
0.35,322,1354
0.35,323,1329
0.35,324,1336
0.35,325,1321
0.35,326,1305
0.35,327,1369
0.35,328,1323
0.35,329,1382
0.35,330,1384
0.35,331,1342
0.35,332,1325
0.35,333,1342
0.35,334,1337
0.35,335,1261
0.35,336,1254
0.35,337,1186
0.35,338,1219
0.35,339,1139
0.35,340,1163
0.35,341,1181
0.35,342,1243
0.35,343,1149
0.35,344,1195
0.35,345,1194
0.35,346,1228
0.35,347,1175
0.35,348,1201
0.35,349,1157
0.35,350,1165
0.35,351,1203
0.35,352,1239
0.35,353,1224
0.35,354,1218
0.35,355,1216
0.35,356,1218
0.35,357,1207
0.35,358,1251
0.35,359,1229
0.35,360,1245
0.35,361,1219
0.35,362,1249
0.35,363,1167
0.35,364,1220
0.35,365,1166
0.35,366,1190
0.35,367,1217
0.35,368,1214
0.35,369,1203
0.35,370,1190
0.35,371,1134
0.35,372,1139
0.35,373,1135
0.35,374,1112
0.35,375,1150
0.35,376,1136
0.35,377,1169
0.35,378,1100
0.35,379,1110
0.35,380,1078
0.35,381,1085
0.35,382,1101
0.35,383,1080
0.35,384,1153
0.35,385,1104
0.35,386,1161
0.35,387,1076
0.35,388,1078
0.35,389,1123
0.35,390,1150
0.35,391,1086
0.35,392,1109
0.35,393,1098
0.35,394,1075
0.35,395,1083
0.35,396,1089
0.35,397,1025
0.35,398,1045
0.35,399,1031
0.35,400,1065
0.35,401,1025
0.35,402,1002
0.35,403,1023
0.35,404,991
0.35,405,989
0.35,406,945
0.35,407,1002
0.35,408,966
0.35,409,997
0.35,410,1019
0.35,411,1065
0.35,412,1062
0.35,413,1044
0.35,414,1057
0.35,415,1097
0.35,416,1065
0.35,417,1071
0.35,418,1069
0.35,419,1049
0.35,420,1053
0.35,421,1056
0.35,422,1042
0.35,423,1004
0.35,424,1006
0.35,425,1037
0.35,426,1083
0.35,427,1061
0.35,428,1043
0.35,429,1009
0.35,430,1010
0.35,431,993
0.35,432,1022
0.35,433,1011
0.35,434,1018
0.35,435,984
0.35,436,1008
0.35,437,1011
0.35,438,1044
0.35,439,1050
0.35,440,1005
0.35,441,994
0.35,442,972
0.35,443,1000
0.35,444,968
0.35,445,978
0.35,446,954
0.35,447,980
0.35,448,964
0.35,449,975
0.35,450,953
0.35,451,944
0.35,452,940
0.35,453,947
0.35,454,913
0.35,455,938
0.35,456,940
0.35,457,929
0.35,458,934
0.35,459,936
0.35,460,952
0.35,461,954
0.35,462,963
0.35,463,1009
0.35,464,972
0.35,465,1040
0.35,466,990
0.35,467,994
0.35,468,1009
0.35,469,979
0.35,470,981
0.35,471,984
0.35,472,1012
0.35,473,991
0.35,474,1002
0.35,475,992
0.35,476,976
0.35,477,991
0.35,478,935
0.35,479,962
0.35,480,947
0.35,481,923
0.35,482,936
0.35,483,908
0.35,484,912
0.35,485,867
0.35,486,858
0.35,487,830
0.35,488,839
0.35,489,835
0.35,490,863
0.35,491,843
0.35,492,855
0.35,493,862
0.35,494,862
0.35,495,921
0.35,496,885
0.35,497,914
0.35,498,922
0.35,499,938
0.35,500,956
0.35,501,932
0.35,502,968
0.35,503,923
0.35,504,909
0.35,505,910
0.35,506,887
0.35,507,889
0.35,508,900
0.35,509,933
0.35,510,940
0.35,511,961
0.35,512,977
0.35,513,1012
0.35,514,1028
0.35,515,1067
0.35,516,1067
0.35,517,1052
0.35,518,1085
0.35,519,1068
0.35,520,1071
0.35,521,1031
0.35,522,1042
0.35,523,1048
0.35,524,1037
0.35,525,1054
0.35,526,1071
0.35,527,1048
0.35,528,1058
0.35,529,1076
0.35,530,1051
0.35,531,1031
0.35,532,1057
0.35,533,1059
0.35,534,1064
0.35,535,1045
0.35,536,1062
0.35,537,1063
0.35,538,1053
0.35,539,1047
0.35,540,1042
0.35,541,1033
0.35,542,1025
0.35,543,1011
0.35,544,995
0.35,545,1020
0.35,546,991
0.35,547,979
0.35,548,967
0.35,549,967
0.35,550,995
0.35,551,988
0.35,552,1022
0.35,553,970
0.35,554,968
0.35,555,977
0.35,556,987
0.35,557,984
0.35,558,986
0.35,559,1004
0.35,560,1009
0.35,561,1006
0.35,562,978
0.35,563,981
0.35,564,1028
0.35,565,993
0.35,566,991
0.35,567,967
0.35,568,989
0.35,569,977
0.35,570,975
0.35,571,1023
0.35,572,1031
0.35,573,1036
0.35,574,1033
0.35,575,1024
0.35,576,1064
0.35,577,1027
0.35,578,1051
0.35,579,1042
0.35,580,1002
0.35,581,992
0.35,582,981
0.35,583,983
0.35,584,967
0.35,585,995
0.35,586,988
0.35,587,1030
0.35,588,1006
0.35,589,993
0.35,590,992
0.35,591,1009
0.35,592,974
0.35,593,984
0.35,594,970
0.35,595,980
0.35,596,969
0.35,597,937
0.35,598,925
0.35,599,896
0.35,600,926
0.35,601,910
0.35,602,947
0.35,603,969
0.35,604,968
0.35,605,1007
0.35,606,979
0.35,607,1011
0.35,608,981
0.35,609,980
0.35,610,970
0.35,611,996
0.35,612,977
0.35,613,999
0.35,614,980
0.35,615,1009
0.35,616,1038
0.35,617,1021
0.35,618,1062
0.35,619,1003
0.35,620,998
0.35,621,946
0.35,622,950
0.35,623,935
0.35,624,907
0.35,625,911
0.35,626,898
0.35,627,898
0.35,628,935
0.35,629,900
0.35,630,915
0.35,631,890
0.35,632,877
0.35,633,914
0.35,634,890
0.35,635,867
0.35,636,880
0.35,637,927
0.35,638,882
0.35,639,926
0.35,640,857
0.35,641,898
0.35,642,865
0.35,643,864
0.35,644,861
0.35,645,831
0.35,646,827
0.35,647,813
0.35,648,784
0.35,649,809
0.35,650,776
0.35,651,780
0.35,652,790
0.35,653,787
0.35,654,783
0.35,655,770
0.35,656,788
0.35,657,774
0.35,658,778
0.35,659,766
0.35,660,745
0.35,661,773
0.35,662,762
0.35,663,745
0.35,664,751
0.35,665,731
0.35,666,734
0.35,667,735
0.35,668,734
0.35,669,695
0.35,670,700
0.35,671,703
0.35,672,722
0.35,673,739
0.35,674,717
0.35,675,739
0.35,676,724
0.35,677,753
0.35,678,770
0.35,679,786
0.35,680,792
0.35,681,784
0.35,682,818
0.35,683,810
0.35,684,815
0.35,685,800
0.35,686,828
0.35,687,780
0.35,688,788
0.35,689,768
0.35,690,754
0.35,691,742
0.35,692,749
0.35,693,751
0.35,694,772
0.35,695,776
0.35,696,796
0.35,697,762
0.35,698,777
0.35,699,757
0.35,700,759
0.35,701,724
0.35,702,742
0.35,703,750
0.35,704,775
0.35,705,751
0.35,706,748
0.35,707,752
0.35,708,789
0.35,709,743
0.35,710,788
0.35,711,774
0.35,712,806
0.35,713,794
0.35,714,783
0.35,715,754
0.35,716,757
0.35,717,748
0.35,718,753
0.35,719,754
0.35,720,735
0.35,721,733
0.35,722,733
0.35,723,727
0.35,724,736
0.35,725,725
0.35,726,716
0.35,727,717
0.35,728,753
0.35,729,743
0.35,730,773
0.35,731,753
0.35,732,766
0.35,733,752
0.35,734,783
0.35,735,736
0.35,736,746
0.35,737,737
0.35,738,746
0.35,739,737
0.35,740,741
0.35,741,720
0.35,742,718
0.35,743,714
0.35,744,718
0.35,745,714
0.35,746,722
0.35,747,752
0.35,748,745
0.35,749,740
0.35,750,736
0.35,751,739
0.35,752,694
0.35,753,674
0.35,754,671
0.35,755,676
0.35,756,677
0.35,757,670
0.35,758,670
0.35,759,675
0.35,760,674
0.35,761,684
0.35,762,672
0.35,763,663
0.35,764,683
0.35,765,665
0.35,766,690
0.35,767,680
0.35,768,712
0.35,769,687
0.35,770,701
0.35,771,735
0.35,772,730
0.35,773,732
0.35,774,707
0.35,775,721
0.35,776,713
0.35,777,700
0.35,778,723
0.35,779,689
0.35,780,686
0.35,781,689
0.35,782,695
0.35,783,696
0.35,784,696
0.35,785,702
0.35,786,705
0.35,787,693
0.35,788,686
0.35,789,693
0.35,790,683
0.35,791,679
0.35,792,673
0.35,793,663
0.35,794,664
0.35,795,661
0.35,796,662
0.35,797,671
0.35,798,671
0.35,799,671
0.35,800,666
0.35,801,671
0.35,802,658
0.35,803,675
0.35,804,676
0.35,805,665
0.35,806,658
0.35,807,657
0.35,808,647
0.35,809,638
0.35,810,638
0.35,811,637
0.35,812,635
0.35,813,638
0.35,814,622
0.35,815,626
0.35,816,617
0.35,817,616
0.35,818,608
0.35,819,616
0.35,820,606
0.35,821,591
0.35,822,599
0.35,823,590
0.35,824,606
0.35,825,615
0.35,826,610
0.35,827,612
0.35,828,610
0.35,829,608
0.35,830,617
0.35,831,608
0.35,832,606
0.35,833,599
0.35,834,614
0.35,835,599
0.35,836,611
0.35,837,610
0.35,838,582
0.35,839,587
0.35,840,589
0.35,841,592
0.35,842,586
0.35,843,603
0.35,844,592
0.35,845,593
0.35,846,596
0.35,847,599
0.35,848,607
0.35,849,611
0.35,850,608
0.35,851,620
0.35,852,613
0.35,853,603
0.35,854,606
0.35,855,597
0.35,856,604
0.35,857,619
0.35,858,610
0.35,859,623
0.35,860,621
0.35,861,625
0.35,862,626
0.35,863,635
0.35,864,632
0.35,865,641
0.35,866,607
0.35,867,616
0.35,868,604
0.35,869,611
0.35,870,606
0.35,871,614
0.35,872,622
0.35,873,605
0.35,874,612
0.35,875,599
0.35,876,596
0.35,877,619
0.35,878,601
0.35,879,614
0.35,880,605
0.35,881,623
0.35,882,624
0.35,883,624
0.35,884,623
0.35,885,626
0.35,886,636
0.35,887,624
0.35,888,618
0.35,889,620
0.35,890,617
0.35,891,612
0.35,892,611
0.35,893,615
0.35,894,615
0.35,895,644
0.35,896,635
0.35,897,650
0.35,898,611
0.35,899,635
0.35,900,617
0.35,901,635
0.35,902,607
0.35,903,601
0.35,904,597
0.35,905,595
0.35,906,604
0.35,907,584
0.35,908,581
0.35,909,590
0.35,910,582
0.35,911,596
0.35,912,583
0.35,913,576
0.35,914,588
0.35,915,585
0.35,916,606
0.35,917,582
0.35,918,582
0.35,919,572
0.35,920,557
0.35,921,553
0.35,922,565
0.35,923,559
0.35,924,559
0.35,925,560
0.35,926,557
0.35,927,559
0.35,928,558
0.35,929,555
0.35,930,545
0.35,931,546
0.35,932,549
0.35,933,552
0.35,934,551
0.35,935,546
0.35,936,558
0.35,937,543
0.35,938,544
0.35,939,545
0.35,940,541
0.35,941,552
0.35,942,535
0.35,943,542
0.35,944,534
0.35,945,537
0.35,946,544
0.35,947,539
0.35,948,540
0.35,949,542
0.35,950,554
0.35,951,547
0.35,952,562
0.35,953,553
0.35,954,570
0.35,955,564
0.35,956,578
0.35,957,571
0.35,958,583
0.35,959,543
0.35,960,544
0.35,961,544
0.35,962,545
0.35,963,549
0.35,964,550
0.35,965,550
0.35,966,555
0.35,967,564
0.35,968,564
0.35,969,563
0.35,970,571
0.35,971,572
0.35,972,581
0.35,973,583
0.35,974,582
0.35,975,580
0.35,976,582
0.35,977,589
0.35,978,579
0.35,979,584
0.35,980,567
0.35,981,567
0.35,982,550
0.35,983,547
0.35,984,544
0.35,985,547
0.35,986,550
0.35,987,541
0.35,988,554
0.35,989,543
0.35,990,546
0.35,991,540
0.35,992,545
0.35,993,541
0.35,994,543
0.35,995,538
0.35,996,539
0.35,997,536
0.35,998,531
0.35,999,527
0.35,1000,534
0.35,1001,527
0.35,1002,525
0.35,1003,522
0.35,1004,522
0.35,1005,523
0.35,1006,525
0.35,1007,529
0.35,1008,528
0.35,1009,530
0.35,1010,529
0.35,1011,520
0.35,1012,518
0.35,1013,521
0.35,1014,521
0.35,1015,521
0.35,1016,521
0.4,0,6578
0.4,1,6058
0.4,2,5183
0.4,3,5042
0.4,4,4755
0.4,5,4448
0.4,6,4369
0.4,7,4055
0.4,8,3975
0.4,9,3842
0.4,10,3681
0.4,11,3665
0.4,12,3533
0.4,13,3505
0.4,14,3337
0.4,15,3378
0.4,16,3230
0.4,17,3207
0.4,18,3195
0.4,19,3131
0.4,20,3173
0.4,21,3039
0.4,22,2996
0.4,23,2905
0.4,24,2771
0.4,25,2777
0.4,26,2708
0.4,27,2735
0.4,28,2652
0.4,29,2601
0.4,30,2509
0.4,31,2535
0.4,32,2503
0.4,33,2483
0.4,34,2484
0.4,35,2510
0.4,36,2422
0.4,37,2446
0.4,38,2478
0.4,39,2435
0.4,40,2536
0.4,41,2447
0.4,42,2518
0.4,43,2461
0.4,44,2477
0.4,45,2450
0.4,46,2462
0.4,47,2434
0.4,48,2350
0.4,49,2340
0.4,50,2338
0.4,51,2371
0.4,52,2340
0.4,53,2241
0.4,54,2261
0.4,55,2232
0.4,56,2242
0.4,57,2252
0.4,58,2267
0.4,59,2224
0.4,60,2241
0.4,61,2223
0.4,62,2278
0.4,63,2219
0.4,64,2202
0.4,65,2189
0.4,66,2190
0.4,67,2178
0.4,68,2155
0.4,69,2165
0.4,70,2138
0.4,71,2142
0.4,72,2056
0.4,73,2017
0.4,74,1981
0.4,75,1950
0.4,76,2002
0.4,77,1995
0.4,78,1938
0.4,79,1945
0.4,80,1909
0.4,81,1911
0.4,82,1862
0.4,83,1941
0.4,84,1844
0.4,85,1781
0.4,86,1835
0.4,87,1827
0.4,88,1774
0.4,89,1776
0.4,90,1789
0.4,91,1779
0.4,92,1768
0.4,93,1761
0.4,94,1732
0.4,95,1745
0.4,96,1750
0.4,97,1742
0.4,98,1680
0.4,99,1756
0.4,100,1695
0.4,101,1712
0.4,102,1645
0.4,103,1654
0.4,104,1675
0.4,105,1637
0.4,106,1646
0.4,107,1619
0.4,108,1674
0.4,109,1622
0.4,110,1679
0.4,111,1633
0.4,112,1676
0.4,113,1611
0.4,114,1655
0.4,115,1600
0.4,116,1631
0.4,117,1640
0.4,118,1637
0.4,119,1656
0.4,120,1653
0.4,121,1694
0.4,122,1714
0.4,123,1718
0.4,124,1720
0.4,125,1714
0.4,126,1611
0.4,127,1612
0.4,128,1599
0.4,129,1568
0.4,130,1496
0.4,131,1483
0.4,132,1479
0.4,133,1499
0.4,134,1460
0.4,135,1451
0.4,136,1442
0.4,137,1426
0.4,138,1471
0.4,139,1443
0.4,140,1477
0.4,141,1490
0.4,142,1531
0.4,143,1514
0.4,144,1560
0.4,145,1553
0.4,146,1561
0.4,147,1549
0.4,148,1565
0.4,149,1566
0.4,150,1537
0.4,151,1532
0.4,152,1533
0.4,153,1515
0.4,154,1510
0.4,155,1486
0.4,156,1450
0.4,157,1451
0.4,158,1435
0.4,159,1410
0.4,160,1436
0.4,161,1411
0.4,162,1416
0.4,163,1469
0.4,164,1416
0.4,165,1450
0.4,166,1397
0.4,167,1403
0.4,168,1370
0.4,169,1390
0.4,170,1364
0.4,171,1410
0.4,172,1433
0.4,173,1427
0.4,174,1427
0.4,175,1424
0.4,176,1408
0.4,177,1392
0.4,178,1440
0.4,179,1439
0.4,180,1503
0.4,181,1498
0.4,182,1545
0.4,183,1554
0.4,184,1553
0.4,185,1559
0.4,186,1556
0.4,187,1602
0.4,188,1606
0.4,189,1623
0.4,190,1605
0.4,191,1630
0.4,192,1598
0.4,193,1564
0.4,194,1545
0.4,195,1458
0.4,196,1494
0.4,197,1450
0.4,198,1490
0.4,199,1444
0.4,200,1395
0.4,201,1449
0.4,202,1427
0.4,203,1448
0.4,204,1417
0.4,205,1509
0.4,206,1494
0.4,207,1543
0.4,208,1540
0.4,209,1486
0.4,210,1462
0.4,211,1441
0.4,212,1382
0.4,213,1381
0.4,214,1443
0.4,215,1439
0.4,216,1468
0.4,217,1416
0.4,218,1426
0.4,219,1404
0.4,220,1450
0.4,221,1397
0.4,222,1399
0.4,223,1412
0.4,224,1399
0.4,225,1344
0.4,226,1377
0.4,227,1339
0.4,228,1301
0.4,229,1381
0.4,230,1343
0.4,231,1285
0.4,232,1312
0.4,233,1317
0.4,234,1311
0.4,235,1385
0.4,236,1370
0.4,237,1374
0.4,238,1381
0.4,239,1368
0.4,240,1372
0.4,241,1317
0.4,242,1383
0.4,243,1364
0.4,244,1343
0.4,245,1376
0.4,246,1319
0.4,247,1345
0.4,248,1276
0.4,249,1299
0.4,250,1251
0.4,251,1305
0.4,252,1280
0.4,253,1315
0.4,254,1272
0.4,255,1300
0.4,256,1299
0.4,257,1338
0.4,258,1307
0.4,259,1291
0.4,260,1262
0.4,261,1287
0.4,262,1305
0.4,263,1306
0.4,264,1312
0.4,265,1297
0.4,266,1315
0.4,267,1348
0.4,268,1317
0.4,269,1270
0.4,270,1331
0.4,271,1337
0.4,272,1287
0.4,273,1293
0.4,274,1281
0.4,275,1282
0.4,276,1217
0.4,277,1266
0.4,278,1243
0.4,279,1217
0.4,280,1195
0.4,281,1229
0.4,282,1137
0.4,283,1159
0.4,284,1136
0.4,285,1178
0.4,286,1211
0.4,287,1229
0.4,288,1208
0.4,289,1248
0.4,290,1207
0.4,291,1236
0.4,292,1227
0.4,293,1218
0.4,294,1162
0.4,295,1146
0.4,296,1145
0.4,297,1143
0.4,298,1124
0.4,299,1160
0.4,300,1148
0.4,301,1189
0.4,302,1157
0.4,303,1191
0.4,304,1158
0.4,305,1189
0.4,306,1155
0.4,307,1197
0.4,308,1138
0.4,309,1183
0.4,310,1159
0.4,311,1165
0.4,312,1178
0.4,313,1205
0.4,314,1215
0.4,315,1247
0.4,316,1226
0.4,317,1220
0.4,318,1227
0.4,319,1223
0.4,320,1202
0.4,321,1209
0.4,322,1207
0.4,323,1232
0.4,324,1217
0.4,325,1213
0.4,326,1181
0.4,327,1202
0.4,328,1202
0.4,329,1221
0.4,330,1230
0.4,331,1258
0.4,332,1271
0.4,333,1274
0.4,334,1330
0.4,335,1285
0.4,336,1323
0.4,337,1322
0.4,338,1363
0.4,339,1391
0.4,340,1414
0.4,341,1406
0.4,342,1370
0.4,343,1357
0.4,344,1350
0.4,345,1270
0.4,346,1321
0.4,347,1339
0.4,348,1369
0.4,349,1416
0.4,350,1403
0.4,351,1469
0.4,352,1470
0.4,353,1475
0.4,354,1479
0.4,355,1485
0.4,356,1381
0.4,357,1407
0.4,358,1404
0.4,359,1418
0.4,360,1344
0.4,361,1362
0.4,362,1310
0.4,363,1357
0.4,364,1315
0.4,365,1328
0.4,366,1325
0.4,367,1303
0.4,368,1302
0.4,369,1248
0.4,370,1258
0.4,371,1258
0.4,372,1206
0.4,373,1253
0.4,374,1180
0.4,375,1222
0.4,376,1282
0.4,377,1243
0.4,378,1250
0.4,379,1271
0.4,380,1269
0.4,381,1246
0.4,382,1224
0.4,383,1250
0.4,384,1196
0.4,385,1189
0.4,386,1153
0.4,387,1162
0.4,388,1147
0.4,389,1138
0.4,390,1102
0.4,391,1158
0.4,392,1116
0.4,393,1163
0.4,394,1166
0.4,395,1198
0.4,396,1169
0.4,397,1181
0.4,398,1163
0.4,399,1166
0.4,400,1214
0.4,401,1233
0.4,402,1216
0.4,403,1196
0.4,404,1198
0.4,405,1185
0.4,406,1180
0.4,407,1149
0.4,408,1201
0.4,409,1199
0.4,410,1186
0.4,411,1172
0.4,412,1104
0.4,413,1132
0.4,414,1138
0.4,415,1187
0.4,416,1153
0.4,417,1105
0.4,418,1098
0.4,419,1087
0.4,420,1088
0.4,421,1048
0.4,422,1072
0.4,423,1047
0.4,424,1071
0.4,425,1096
0.4,426,1069
0.4,427,1036
0.4,428,1090
0.4,429,1061
0.4,430,1095
0.4,431,1058
0.4,432,1069
0.4,433,1081
0.4,434,1076
0.4,435,1062
0.4,436,1025
0.4,437,1045
0.4,438,1078
0.4,439,1065
0.4,440,1061
0.4,441,1080
0.4,442,1074
0.4,443,1064
0.4,444,1045
0.4,445,1063
0.4,446,972
0.4,447,1011
0.4,448,991
0.4,449,1056
0.4,450,995
0.4,451,982
0.4,452,976
0.4,453,994
0.4,454,1001
0.4,455,978
0.4,456,1016
0.4,457,1017
0.4,458,1055
0.4,459,975
0.4,460,1000
0.4,461,969
0.4,462,1022
0.4,463,985
0.4,464,1046
0.4,465,995
0.4,466,1007
0.4,467,1018
0.4,468,1006
0.4,469,977
0.4,470,967
0.4,471,981
0.4,472,1011
0.4,473,1027
0.4,474,1053
0.4,475,1097
0.4,476,1073
0.4,477,1105
0.4,478,1072
0.4,479,1054
0.4,480,1060
0.4,481,1087
0.4,482,1076
0.4,483,1099
0.4,484,1088
0.4,485,1100
0.4,486,1070
0.4,487,1093
0.4,488,1052
0.4,489,1081
0.4,490,1091
0.4,491,1177
0.4,492,1084
0.4,493,1097
0.4,494,1098
0.4,495,1103
0.4,496,1050
0.4,497,1038
0.4,498,1018
0.4,499,1016
0.4,500,1022
0.4,501,998
0.4,502,987
0.4,503,995
0.4,504,975
0.4,505,994
0.4,506,981
0.4,507,980
0.4,508,984
0.4,509,1020
0.4,510,982
0.4,511,1024
0.4,512,1006
0.4,513,1000
0.4,514,1016
0.4,515,1005
0.4,516,985
0.4,517,996
0.4,518,1000
0.4,519,1013
0.4,520,1040
0.4,521,1078
0.4,522,1083
0.4,523,1023
0.4,524,1030
0.4,525,991
0.4,526,1009
0.4,527,956
0.4,528,994
0.4,529,954
0.4,530,995
0.4,531,992
0.4,532,1029
0.4,533,1003
0.4,534,997
0.4,535,1031
0.4,536,1014
0.4,537,1055
0.4,538,1020
0.4,539,1025
0.4,540,1044
0.4,541,1028
0.4,542,1000
0.4,543,1033
0.4,544,1025
0.4,545,1039
0.4,546,1025
0.4,547,1054
0.4,548,1046
0.4,549,987
0.4,550,985
0.4,551,981
0.4,552,964
0.4,553,979
0.4,554,969
0.4,555,952
0.4,556,975
0.4,557,985
0.4,558,974
0.4,559,997
0.4,560,1000
0.4,561,1046
0.4,562,1044
0.4,563,1027
0.4,564,1038
0.4,565,1020
0.4,566,1033
0.4,567,1033
0.4,568,1023
0.4,569,1012
0.4,570,1020
0.4,571,1022
0.4,572,1046
0.4,573,1065
0.4,574,1067
0.4,575,1013
0.4,576,1040
0.4,577,1001
0.4,578,999
0.4,579,1016
0.4,580,1042
0.4,581,1057
0.4,582,1082
0.4,583,1075
0.4,584,1065
0.4,585,1030
0.4,586,1066
0.4,587,1044
0.4,588,1054
0.4,589,1039
0.4,590,1033
0.4,591,1054
0.4,592,1017
0.4,593,1042
0.4,594,1038
0.4,595,1053
0.4,596,1097
0.4,597,1108
0.4,598,1125
0.4,599,1144
0.4,600,1125
0.4,601,1150
0.4,602,1128
0.4,603,1164
0.4,604,1126
0.4,605,1143
0.4,606,1130
0.4,607,1147
0.4,608,1151
0.4,609,1112
0.4,610,1115
0.4,611,1084
0.4,612,1116
0.4,613,1097
0.4,614,1050
0.4,615,1060
0.4,616,1016
0.4,617,1090
0.4,618,1042
0.4,619,1092
0.4,620,1063
0.4,621,1044
0.4,622,1012
0.4,623,1014
0.4,624,1001
0.4,625,1001
0.4,626,1010
0.4,627,1033
0.4,628,1031
0.4,629,1000
0.4,630,1019
0.4,631,989
0.4,632,1004
0.4,633,1022
0.4,634,982
0.4,635,1019
0.4,636,992
0.4,637,1013
0.4,638,995
0.4,639,1007
0.4,640,992
0.4,641,1017
0.4,642,1002
0.4,643,970
0.4,644,963
0.4,645,945
0.4,646,921
0.4,647,923
0.4,648,902
0.4,649,867
0.4,650,848
0.4,651,848
0.4,652,834
0.4,653,867
0.4,654,851
0.4,655,869
0.4,656,867
0.4,657,882
0.4,658,914
0.4,659,910
0.4,660,935
0.4,661,932
0.4,662,931
0.4,663,916
0.4,664,909
0.4,665,910
0.4,666,916
0.4,667,921
0.4,668,904
0.4,669,869
0.4,670,846
0.4,671,877
0.4,672,849
0.4,673,857
0.4,674,868
0.4,675,810
0.4,676,799
0.4,677,779
0.4,678,776
0.4,679,753
0.4,680,772
0.4,681,763
0.4,682,796
0.4,683,767
0.4,684,773
0.4,685,761
0.4,686,795
0.4,687,773
0.4,688,774
0.4,689,757
0.4,690,780
0.4,691,728
0.4,692,727
0.4,693,691
0.4,694,680
0.4,695,657
0.4,696,692
0.4,697,658
0.4,698,684
0.4,699,662
0.4,700,671
0.4,701,670
0.4,702,641
0.4,703,644
0.4,704,644
0.4,705,669
0.4,706,663
0.4,707,679
0.4,708,665
0.4,709,665
0.4,710,655
0.4,711,660
0.4,712,686
0.4,713,668
0.4,714,669
0.4,715,646
0.4,716,654
0.4,717,639
0.4,718,630
0.4,719,623
0.4,720,627
0.4,721,640
0.4,722,633
0.4,723,650
0.4,724,644
0.4,725,650
0.4,726,652
0.4,727,638
0.4,728,639
0.4,729,650
0.4,730,676
0.4,731,653
0.4,732,663
0.4,733,668
0.4,734,678
0.4,735,660
0.4,736,673
0.4,737,646
0.4,738,676
0.4,739,676
0.4,740,667
0.4,741,676
0.4,742,672
0.4,743,688
0.4,744,681
0.4,745,670
0.4,746,624
0.4,747,655
0.4,748,675
0.4,749,663
0.4,750,673
0.4,751,682
0.4,752,686
0.4,753,707
0.4,754,649
0.4,755,654
0.4,756,648
0.4,757,648
0.4,758,648
0.4,759,653
0.4,760,656
0.4,761,654
0.4,762,647
0.4,763,642
0.4,764,647
0.4,765,644
0.4,766,632
0.4,767,632
0.4,768,655
0.4,769,646
0.4,770,647
0.4,771,639
0.4,772,658
0.4,773,641
0.4,774,645
0.4,775,641
0.4,776,644
0.4,777,638
0.4,778,630
0.4,779,651
0.4,780,635
0.4,781,662
0.4,782,639
0.4,783,646
0.4,784,637
0.4,785,626
0.4,786,628
0.4,787,623
0.4,788,624
0.4,789,626
0.4,790,626
0.4,791,610
0.4,792,607
0.4,793,584
0.4,794,600
0.4,795,571
0.4,796,567
0.4,797,577
0.4,798,579
0.4,799,588
0.4,800,576
0.4,801,572
0.4,802,572
0.4,803,580
0.4,804,591
0.4,805,592
0.4,806,597
0.4,807,596
0.4,808,588
0.4,809,597
0.4,810,584
0.4,811,582
0.4,812,571
0.4,813,565
0.4,814,561
0.4,815,591
0.4,816,569
0.4,817,619
0.4,818,588
0.4,819,610
0.4,820,621
0.4,821,622
0.4,822,646
0.4,823,604
0.4,824,603
0.4,825,611
0.4,826,588
0.4,827,590
0.4,828,569
0.4,829,567
0.4,830,560
0.4,831,571
0.4,832,568
0.4,833,565
0.4,834,540
0.4,835,529
0.4,836,525
0.4,837,533
0.4,838,542
0.4,839,554
0.4,840,544
0.4,841,551
0.4,842,573
0.4,843,566
0.4,844,603
0.4,845,566
0.4,846,584
0.4,847,558
0.4,848,578
0.4,849,551
0.4,850,563
0.4,851,551
0.4,852,536
0.4,853,555
0.4,854,546
0.4,855,565
0.4,856,556
0.4,857,573
0.4,858,559
0.4,859,560
0.4,860,582
0.4,861,588
0.4,862,617
0.4,863,601
0.4,864,628
0.4,865,596
0.4,866,602
0.4,867,613
0.4,868,600
0.4,869,621
0.4,870,642
0.4,871,632
0.4,872,675
0.4,873,660
0.4,874,682
0.4,875,650
0.4,876,673
0.4,877,675
0.4,878,689
0.4,879,696
0.4,880,732
0.4,881,670
0.4,882,693
0.4,883,660
0.4,884,661
0.4,885,662
0.4,886,669
0.4,887,667
0.4,888,675
0.4,889,676
0.4,890,645
0.4,891,634
0.4,892,626
0.4,893,623
0.4,894,642
0.4,895,637
0.4,896,643
0.4,897,646
0.4,898,661
0.4,899,670
0.4,900,687
0.4,901,689
0.4,902,722
0.4,903,692
0.4,904,697
0.4,905,696
0.4,906,699
0.4,907,683
0.4,908,725
0.4,909,704
0.4,910,705
0.4,911,708
0.4,912,733
0.4,913,703
0.4,914,745
0.4,915,723
0.4,916,764
0.4,917,749
0.4,918,732
0.4,919,724
0.4,920,718
0.4,921,730
0.4,922,776
0.4,923,728
0.4,924,735
0.4,925,748
0.4,926,746
0.4,927,781
0.4,928,783
0.4,929,767
0.4,930,775
0.4,931,766
0.4,932,753
0.4,933,755
0.4,934,779
0.4,935,770
0.4,936,776
0.4,937,769
0.4,938,776
0.4,939,745
0.4,940,753
0.4,941,754
0.4,942,741
0.4,943,741
0.4,944,751
0.4,945,777
0.4,946,781
0.4,947,748
0.4,948,777
0.4,949,732
0.4,950,752
0.4,951,736
0.4,952,754
0.4,953,761
0.4,954,754
0.4,955,775
0.4,956,771
0.4,957,803
0.4,958,775
0.4,959,825
0.4,960,810
0.4,961,796
0.4,962,775
0.4,963,795
0.4,964,773
0.4,965,789
0.4,966,759
0.4,967,783
0.4,968,778
0.4,969,783
0.4,970,806
0.4,971,841
0.4,972,868
0.4,973,829
0.4,974,825
0.4,975,820
0.4,976,832
0.4,977,832
0.4,978,835
0.4,979,863
0.4,980,833
0.4,981,789
0.4,982,778
0.4,983,784
0.4,984,782
0.4,985,784
0.4,986,808
0.4,987,802
0.4,988,817
0.4,989,786
0.4,990,810
0.4,991,772
0.4,992,786
0.4,993,774
0.4,994,773
0.4,995,794
0.4,996,809
0.4,997,827
0.4,998,820
0.4,999,806
0.4,1000,824
0.4,1001,806
0.4,1002,810
0.4,1003,797
0.4,1004,817
0.4,1005,790
0.4,1006,788
0.4,1007,802
0.4,1008,784
0.4,1009,823
0.4,1010,804
0.4,1011,799
0.4,1012,804
0.4,1013,791
0.4,1014,806
0.4,1015,814
0.4,1016,815
0.4,1017,781
0.4,1018,763
0.4,1019,751
0.4,1020,760
0.4,1021,770
0.4,1022,759
0.4,1023,779
0.4,1024,773
0.4,1025,779
0.4,1026,773
0.4,1027,801
0.4,1028,783
0.4,1029,779
0.4,1030,740
0.4,1031,748
0.4,1032,736
0.4,1033,758
0.4,1034,725
0.4,1035,745
0.4,1036,757
0.4,1037,763
0.4,1038,729
0.4,1039,727
0.4,1040,734
0.4,1041,733
0.4,1042,764
0.4,1043,740
0.4,1044,760
0.4,1045,761
0.4,1046,748
0.4,1047,773
0.4,1048,759
0.4,1049,775
0.4,1050,742
0.4,1051,770
0.4,1052,755
0.4,1053,737
0.4,1054,746
0.4,1055,774
0.4,1056,769
0.4,1057,741
0.4,1058,729
0.4,1059,727
0.4,1060,717
0.4,1061,730
0.4,1062,699
0.4,1063,699
0.4,1064,711
0.4,1065,727
0.4,1066,721
0.4,1067,723
0.4,1068,738
0.4,1069,727
0.4,1070,697
0.4,1071,722
0.4,1072,695
0.4,1073,702
0.4,1074,680
0.4,1075,675
0.4,1076,664
0.4,1077,668
0.4,1078,664
0.4,1079,646
0.4,1080,640
0.4,1081,635
0.4,1082,652
0.4,1083,680
0.4,1084,670
0.4,1085,715
0.4,1086,703
0.4,1087,706
0.4,1088,715
0.4,1089,714
0.4,1090,711
0.4,1091,732
0.4,1092,734
0.4,1093,735
0.4,1094,732
0.4,1095,733
0.4,1096,718
0.4,1097,724
0.4,1098,752
0.4,1099,751
0.4,1100,751
0.4,1101,734
0.4,1102,753
0.4,1103,715
0.4,1104,737
0.4,1105,710
0.4,1106,727
0.4,1107,731
0.4,1108,745
0.4,1109,758
0.4,1110,759
0.4,1111,762
0.4,1112,778
0.4,1113,774
0.4,1114,799
0.4,1115,788
0.4,1116,785
0.4,1117,792
0.4,1118,799
0.4,1119,808
0.4,1120,839
0.4,1121,871
0.4,1122,871
0.4,1123,860
0.4,1124,867
0.4,1125,824
0.4,1126,821
0.4,1127,799
0.4,1128,796
0.4,1129,799
0.4,1130,801
0.4,1131,792
0.4,1132,779
0.4,1133,805
0.4,1134,791
0.4,1135,790
0.4,1136,787
0.4,1137,800
0.4,1138,792
0.4,1139,796
0.4,1140,780
0.4,1141,760
0.4,1142,771
0.4,1143,757
0.4,1144,777
0.4,1145,757
0.4,1146,757
0.4,1147,754
0.4,1148,748
0.4,1149,745
0.4,1150,773
0.4,1151,783
0.4,1152,800
0.4,1153,791
0.4,1154,798
0.4,1155,795
0.4,1156,770
0.4,1157,781
0.4,1158,789
0.4,1159,796
0.4,1160,796
0.4,1161,795
0.4,1162,768
0.4,1163,792
0.4,1164,813
0.4,1165,826
0.4,1166,833
0.4,1167,832
0.4,1168,801
0.4,1169,809
0.4,1170,816
0.4,1171,812
0.4,1172,805
0.4,1173,841
0.4,1174,868
0.4,1175,862
0.4,1176,850
0.4,1177,884
0.4,1178,862
0.4,1179,819
0.4,1180,831
0.4,1181,857
0.4,1182,888
0.4,1183,892
0.4,1184,902
0.4,1185,863
0.4,1186,856
0.4,1187,891
0.4,1188,902
0.4,1189,896
0.4,1190,905
0.4,1191,903
0.4,1192,854
0.4,1193,849
0.4,1194,835
0.4,1195,859
0.4,1196,846
0.4,1197,858
0.4,1198,829
0.4,1199,793
0.4,1200,783
0.4,1201,784
0.4,1202,756
0.4,1203,730
0.4,1204,716
0.4,1205,701
0.4,1206,707
0.4,1207,674
0.4,1208,685
0.4,1209,685
0.4,1210,695
0.4,1211,698
0.4,1212,680
0.4,1213,680
0.4,1214,670
0.4,1215,697
0.4,1216,680
0.4,1217,688
0.4,1218,672
0.4,1219,666
0.4,1220,669
0.4,1221,651
0.4,1222,652
0.4,1223,643
0.4,1224,656
0.4,1225,659
0.4,1226,670
0.4,1227,636
0.4,1228,646
0.4,1229,640
0.4,1230,648
0.4,1231,666
0.4,1232,648
0.4,1233,655
0.4,1234,651
0.4,1235,656
0.4,1236,653
0.4,1237,667
0.4,1238,656
0.4,1239,658
0.4,1240,656
0.4,1241,664
0.4,1242,633
0.4,1243,669
0.4,1244,627
0.4,1245,655
0.4,1246,640
0.4,1247,644
0.4,1248,644
0.4,1249,644
0.4,1250,663
0.4,1251,646
0.4,1252,644
0.4,1253,639
0.4,1254,632
0.4,1255,635
0.4,1256,642
0.4,1257,625
0.4,1258,624
0.4,1259,620
0.4,1260,616
0.4,1261,625
0.4,1262,625
0.4,1263,650
0.4,1264,616
0.4,1265,619
0.4,1266,627
0.4,1267,628
0.4,1268,626
0.4,1269,651
0.4,1270,624
0.4,1271,639
0.4,1272,625
0.4,1273,644
0.4,1274,645
0.4,1275,634
0.4,1276,623
0.4,1277,621
0.4,1278,622
0.4,1279,631
0.4,1280,641
0.4,1281,653
0.4,1282,659
0.4,1283,667
0.4,1284,689
0.4,1285,682
0.4,1286,686
0.4,1287,681
0.4,1288,670
0.4,1289,692
0.4,1290,687
0.4,1291,686
0.4,1292,678
0.4,1293,677
0.4,1294,660
0.4,1295,653
0.4,1296,645
0.4,1297,676
0.4,1298,657
0.4,1299,648
0.4,1300,644
0.4,1301,662
0.4,1302,655
0.4,1303,651
0.4,1304,651
0.4,1305,663
0.4,1306,656
0.4,1307,640
0.4,1308,656
0.4,1309,645
0.4,1310,652
0.4,1311,643
0.4,1312,637
0.4,1313,643
0.4,1314,658
0.4,1315,655
0.4,1316,672
0.4,1317,679
0.4,1318,695
0.4,1319,698
0.4,1320,686
0.4,1321,684
0.4,1322,727
0.4,1323,680
0.4,1324,693
0.4,1325,700
0.4,1326,682
0.4,1327,717
0.4,1328,722
0.4,1329,749
0.4,1330,754
0.4,1331,760
0.4,1332,742
0.4,1333,748
0.4,1334,739
0.4,1335,723
0.4,1336,717
0.4,1337,718
0.4,1338,730
0.4,1339,717
0.4,1340,686
0.4,1341,679
0.4,1342,651
0.4,1343,655
0.4,1344,661
0.4,1345,659
0.4,1346,678
0.4,1347,665
0.4,1348,668
0.4,1349,668
0.4,1350,665
0.4,1351,679
0.4,1352,674
0.4,1353,691
0.4,1354,680
0.4,1355,678
0.4,1356,675
0.4,1357,695
0.4,1358,688
0.4,1359,676
0.4,1360,655
0.4,1361,667
0.4,1362,632
0.4,1363,645
0.4,1364,644
0.4,1365,632
0.4,1366,629
0.4,1367,630
0.4,1368,639
0.4,1369,644
0.4,1370,647
0.4,1371,646
0.4,1372,643
0.4,1373,649
0.4,1374,636
0.4,1375,657
0.4,1376,684
0.4,1377,673
0.4,1378,684
0.4,1379,684
0.4,1380,693
0.4,1381,676
0.4,1382,683
0.4,1383,691
0.4,1384,701
0.4,1385,693
0.4,1386,702
0.4,1387,684
0.4,1388,671
0.4,1389,675
0.4,1390,707
0.4,1391,681
0.4,1392,711
0.4,1393,694
0.4,1394,701
0.4,1395,690
0.4,1396,698
0.4,1397,696
0.4,1398,700
0.4,1399,713
0.4,1400,730
0.4,1401,721
0.4,1402,694
0.4,1403,699
0.4,1404,689
0.4,1405,671
0.4,1406,665
0.4,1407,652
0.4,1408,639
0.4,1409,643
0.4,1410,649
0.4,1411,639
0.4,1412,640
0.4,1413,609
0.4,1414,609
0.4,1415,595
0.4,1416,607
0.4,1417,593
0.4,1418,578
0.4,1419,588
0.4,1420,590
0.4,1421,600
0.4,1422,596
0.4,1423,593
0.4,1424,605
0.4,1425,594
0.4,1426,592
0.4,1427,593
0.4,1428,595
0.4,1429,600
0.4,1430,596
0.4,1431,610
0.4,1432,631
0.4,1433,616
0.4,1434,609
0.4,1435,612
0.4,1436,618
0.4,1437,614
0.4,1438,621
0.4,1439,620
0.4,1440,608
0.4,1441,626
0.4,1442,624
0.4,1443,637
0.4,1444,629
0.4,1445,666
0.4,1446,637
0.4,1447,654
0.4,1448,619
0.4,1449,626
0.4,1450,631
0.4,1451,642
0.4,1452,642
0.4,1453,615
0.4,1454,619
0.4,1455,623
0.4,1456,614
0.4,1457,599
0.4,1458,615
0.4,1459,609
0.4,1460,607
0.4,1461,614
0.4,1462,602
0.4,1463,614
0.4,1464,600
0.4,1465,603
0.4,1466,609
0.4,1467,598
0.4,1468,592
0.4,1469,588
0.4,1470,583
0.4,1471,579
0.4,1472,578
0.4,1473,575
0.4,1474,585
0.4,1475,575
0.4,1476,591
0.4,1477,573
0.4,1478,567
0.4,1479,565
0.4,1480,556
0.4,1481,561
0.4,1482,557
0.4,1483,564
0.4,1484,557
0.4,1485,558
0.4,1486,560
0.4,1487,560
0.4,1488,557
0.4,1489,559
0.4,1490,559
0.4,1491,571
0.4,1492,567
0.4,1493,554
0.4,1494,551
0.4,1495,552
0.4,1496,557
0.4,1497,550
0.4,1498,553
0.4,1499,554
0.4,1500,558
0.4,1501,569
0.4,1502,559
0.4,1503,554
0.4,1504,552
0.4,1505,563
0.4,1506,550
0.4,1507,550
0.4,1508,543
0.4,1509,540
0.4,1510,543
0.4,1511,541
0.4,1512,545
0.4,1513,545
0.4,1514,549
0.4,1515,555
0.4,1516,551
0.4,1517,561
0.4,1518,553
0.4,1519,553
0.4,1520,554
0.4,1521,555
0.4,1522,552
0.4,1523,537
0.4,1524,540
0.4,1525,533
0.4,1526,531
0.4,1527,535
0.4,1528,531
0.4,1529,531
0.4,1530,529
0.4,1531,526
0.4,1532,526
0.4,1533,528
0.4,1534,524
0.4,1535,523
0.4,1536,524
0.4,1537,523
0.4,1538,521
0.4,1539,520
0.4,1540,518
0.4,1541,518
0.4,1542,518
0.5,0,8197
0.5,1,4492
0.5,2,4098
0.5,3,4101
0.5,4,3857
0.5,5,3701
0.5,6,3592
0.5,7,3479
0.5,8,3377
0.5,9,3277
0.5,10,3238
0.5,11,3193
0.5,12,3101
0.5,13,2952
0.5,14,2898
0.5,15,2853
0.5,16,2756
0.5,17,2723
0.5,18,2651
0.5,19,2587
0.5,20,2608
0.5,21,2472
0.5,22,2510
0.5,23,2422
0.5,24,2451
0.5,25,2398
0.5,26,2394
0.5,27,2299
0.5,28,2303
0.5,29,2202
0.5,30,2200
0.5,31,2209
0.5,32,2108
0.5,33,2111
0.5,34,2045
0.5,35,1990
0.5,36,2054
0.5,37,2039
0.5,38,1997
0.5,39,2076
0.5,40,1965
0.5,41,1984
0.5,42,1916
0.5,43,1874
0.5,44,1930
0.5,45,1900
0.5,46,1905
0.5,47,1860
0.5,48,1891
0.5,49,1863
0.5,50,1840
0.5,51,1790
0.5,52,1765
0.5,53,1835
0.5,54,1843
0.5,55,1824
0.5,56,1793
0.5,57,1824
0.5,58,1730
0.5,59,1721
0.5,60,1706
0.5,61,1736
0.5,62,1700
0.5,63,1705
0.5,64,1682
0.5,65,1710
0.5,66,1685
0.5,67,1735
0.5,68,1720
0.5,69,1666
0.5,70,1669
0.5,71,1663
0.5,72,1655
0.5,73,1665
0.5,74,1665
0.5,75,1583
0.5,76,1589
0.5,77,1588
0.5,78,1570
0.5,79,1627
0.5,80,1554
0.5,81,1477
0.5,82,1496
0.5,83,1428
0.5,84,1434
0.5,85,1410
0.5,86,1408
0.5,87,1426
0.5,88,1418
0.5,89,1405
0.5,90,1446
0.5,91,1383
0.5,92,1428
0.5,93,1422
0.5,94,1429
0.5,95,1463
0.5,96,1469
0.5,97,1439
0.5,98,1462
0.5,99,1510
0.5,100,1487
0.5,101,1489
0.5,102,1456
0.5,103,1423
0.5,104,1412
0.5,105,1419
0.5,106,1438
0.5,107,1416
0.5,108,1407
0.5,109,1425
0.5,110,1415
0.5,111,1474
0.5,112,1395
0.5,113,1410
0.5,114,1346
0.5,115,1394
0.5,116,1367
0.5,117,1370
0.5,118,1352
0.5,119,1388
0.5,120,1284
0.5,121,1249
0.5,122,1265
0.5,123,1255
0.5,124,1287
0.5,125,1308
0.5,126,1281
0.5,127,1280
0.5,128,1306
0.5,129,1274
0.5,130,1260
0.5,131,1283
0.5,132,1244
0.5,133,1270
0.5,134,1278
0.5,135,1257
0.5,136,1270
0.5,137,1272
0.5,138,1263
0.5,139,1257
0.5,140,1265
0.5,141,1247
0.5,142,1286
0.5,143,1205
0.5,144,1212
0.5,145,1186
0.5,146,1154
0.5,147,1126
0.5,148,1131
0.5,149,1147
0.5,150,1130
0.5,151,1149
0.5,152,1108
0.5,153,1095
0.5,154,1100
0.5,155,1097
0.5,156,1079
0.5,157,1083
0.5,158,1076
0.5,159,1085
0.5,160,1092
0.5,161,1071
0.5,162,1051
0.5,163,1065
0.5,164,1128
0.5,165,1085
0.5,166,1150
0.5,167,1102
0.5,168,1178
0.5,169,1157
0.5,170,1157
0.5,171,1104
0.5,172,1069
0.5,173,1073
0.5,174,1008
0.5,175,1105
0.5,176,1013
0.5,177,1011
0.5,178,1011
0.5,179,1007
0.5,180,967
0.5,181,995
0.5,182,950
0.5,183,945
0.5,184,977
0.5,185,997
0.5,186,994
0.5,187,1000
0.5,188,1005
0.5,189,1034
0.5,190,1013
0.5,191,1007
0.5,192,1011
0.5,193,1024
0.5,194,1036
0.5,195,1055
0.5,196,1018
0.5,197,1040
0.5,198,1010
0.5,199,992
0.5,200,976
0.5,201,958
0.5,202,975
0.5,203,964
0.5,204,976
0.5,205,986
0.5,206,943
0.5,207,926
0.5,208,945
0.5,209,1006
0.5,210,983
0.5,211,1044
0.5,212,1003
0.5,213,1010
0.5,214,964
0.5,215,1016
0.5,216,982
0.5,217,1005
0.5,218,1021
0.5,219,1043
0.5,220,1022
0.5,221,1075
0.5,222,1038
0.5,223,1076
0.5,224,1031
0.5,225,1057
0.5,226,1031
0.5,227,1056
0.5,228,1081
0.5,229,1079
0.5,230,998
0.5,231,1014
0.5,232,997
0.5,233,997
0.5,234,986
0.5,235,985
0.5,236,1018
0.5,237,1019
0.5,238,1028
0.5,239,1026
0.5,240,1018
0.5,241,1013
0.5,242,1025
0.5,243,1004
0.5,244,985
0.5,245,1021
0.5,246,1000
0.5,247,1011
0.5,248,998
0.5,249,1026
0.5,250,1037
0.5,251,1040
0.5,252,999
0.5,253,1026
0.5,254,1043
0.5,255,1021
0.5,256,1045
0.5,257,1029
0.5,258,1018
0.5,259,979
0.5,260,1008
0.5,261,970
0.5,262,988
0.5,263,986
0.5,264,973
0.5,265,986
0.5,266,999
0.5,267,973
0.5,268,991
0.5,269,986
0.5,270,974
0.5,271,966
0.5,272,930
0.5,273,905
0.5,274,870
0.5,275,903
0.5,276,896
0.5,277,857
0.5,278,868
0.5,279,820
0.5,280,846
0.5,281,850
0.5,282,847
0.5,283,873
0.5,284,888
0.5,285,859
0.5,286,893
0.5,287,879
0.5,288,894
0.5,289,870
0.5,290,879
0.5,291,885
0.5,292,865
0.5,293,836
0.5,294,857
0.5,295,870
0.5,296,872
0.5,297,888
0.5,298,895
0.5,299,887
0.5,300,918
0.5,301,911
0.5,302,931
0.5,303,915
0.5,304,914
0.5,305,900
0.5,306,923
0.5,307,939
0.5,308,941
0.5,309,889
0.5,310,935
0.5,311,899
0.5,312,914
0.5,313,932
0.5,314,915
0.5,315,909
0.5,316,896
0.5,317,955
0.5,318,924
0.5,319,914
0.5,320,901
0.5,321,918
0.5,322,902
0.5,323,920
0.5,324,918
0.5,325,870
0.5,326,850
0.5,327,850
0.5,328,849
0.5,329,866
0.5,330,845
0.5,331,888
0.5,332,907
0.5,333,886
0.5,334,893
0.5,335,917
0.5,336,901
0.5,337,871
0.5,338,870
0.5,339,870
0.5,340,884
0.5,341,887
0.5,342,912
0.5,343,938
0.5,344,924
0.5,345,901
0.5,346,888
0.5,347,911
0.5,348,879
0.5,349,849
0.5,350,848
0.5,351,853
0.5,352,833
0.5,353,865
0.5,354,844
0.5,355,834
0.5,356,797
0.5,357,799
0.5,358,789
0.5,359,811
0.5,360,828
0.5,361,809
0.5,362,783
0.5,363,804
0.5,364,786
0.5,365,795
0.5,366,770
0.5,367,782
0.5,368,779
0.5,369,792
0.5,370,797
0.5,371,856
0.5,372,826
0.5,373,828
0.5,374,836
0.5,375,840
0.5,376,824
0.5,377,815
0.5,378,826
0.5,379,828
0.5,380,858
0.5,381,842
0.5,382,866
0.5,383,832
0.5,384,822
0.5,385,812
0.5,386,828
0.5,387,812
0.5,388,804
0.5,389,816
0.5,390,779
0.5,391,809
0.5,392,818
0.5,393,846
0.5,394,863
0.5,395,870
0.5,396,898
0.5,397,879
0.5,398,896
0.5,399,902
0.5,400,927
0.5,401,948
0.5,402,907
0.5,403,924
0.5,404,920
0.5,405,949
0.5,406,940
0.5,407,936
0.5,408,968
0.5,409,936
0.5,410,966
0.5,411,947
0.5,412,964
0.5,413,958
0.5,414,960
0.5,415,910
0.5,416,930
0.5,417,895
0.5,418,939
0.5,419,910
0.5,420,952
0.5,421,922
0.5,422,946
0.5,423,944
0.5,424,928
0.5,425,914
0.5,426,910
0.5,427,894
0.5,428,915
0.5,429,900
0.5,430,909
0.5,431,915
0.5,432,924
0.5,433,894
0.5,434,910
0.5,435,880
0.5,436,899
0.5,437,879
0.5,438,864
0.5,439,861
0.5,440,806
0.5,441,829
0.5,442,820
0.5,443,812
0.5,444,832
0.5,445,812
0.5,446,854
0.5,447,814
0.5,448,858
0.5,449,847
0.5,450,834
0.5,451,858
0.5,452,862
0.5,453,849
0.5,454,862
0.5,455,866
0.5,456,864
0.5,457,905
0.5,458,902
0.5,459,916
0.5,460,913
0.5,461,955
0.5,462,930
0.5,463,940
0.5,464,973
0.5,465,978
0.5,466,1016
0.5,467,974
0.5,468,997
0.5,469,990
0.5,470,990
0.5,471,1020
0.5,472,1049
0.5,473,1083
0.5,474,1069
0.5,475,1106
0.5,476,1116
0.5,477,1081
0.5,478,1134
0.5,479,1093
0.5,480,1057
0.5,481,1076
0.5,482,1076
0.5,483,1033
0.5,484,1058
0.5,485,1046
0.5,486,1030
0.5,487,1063
0.5,488,1064
0.5,489,1072
0.5,490,1050
0.5,491,980
0.5,492,996
0.5,493,1006
0.5,494,1032
0.5,495,994
0.5,496,1017
0.5,497,983
0.5,498,995
0.5,499,1003
0.5,500,1019
0.5,501,1027
0.5,502,978
0.5,503,1003
0.5,504,1014
0.5,505,988
0.5,506,969
0.5,507,995
0.5,508,1009
0.5,509,990
0.5,510,1010
0.5,511,989
0.5,512,1013
0.5,513,1028
0.5,514,992
0.5,515,1005
0.5,516,1033
0.5,517,1003
0.5,518,989
0.5,519,1022
0.5,520,1021
0.5,521,995
0.5,522,1023
0.5,523,977
0.5,524,1005
0.5,525,954
0.5,526,978
0.5,527,1008
0.5,528,997
0.5,529,1015
0.5,530,1024
0.5,531,955
0.5,532,992
0.5,533,989
0.5,534,1004
0.5,535,995
0.5,536,1007
0.5,537,980
0.5,538,967
0.5,539,933
0.5,540,933
0.5,541,929
0.5,542,939
0.5,543,933
0.5,544,920
0.5,545,946
0.5,546,929
0.5,547,948
0.5,548,938
0.5,549,936
0.5,550,912
0.5,551,932
0.5,552,931
0.5,553,967
0.5,554,979
0.5,555,972
0.5,556,1031
0.5,557,1033
0.5,558,1053
0.5,559,1047
0.5,560,1024
0.5,561,1030
0.5,562,1013
0.5,563,1020
0.5,564,1050
0.5,565,1058
0.5,566,1069
0.5,567,1072
0.5,568,1059
0.5,569,1035
0.5,570,1075
0.5,571,1041
0.5,572,1071
0.5,573,1074
0.5,574,1096
0.5,575,1107
0.5,576,1180
0.5,577,1142
0.5,578,1211
0.5,579,1161
0.5,580,1191
0.5,581,1134
0.5,582,1121
0.5,583,1145
0.5,584,1097
0.5,585,1082
0.5,586,1010
0.5,587,1008
0.5,588,1037
0.5,589,1020
0.5,590,971
0.5,591,968
0.5,592,964
0.5,593,995
0.5,594,959
0.5,595,1016
0.5,596,971
0.5,597,1021
0.5,598,974
0.5,599,1008
0.5,600,986
0.5,601,1025
0.5,602,1016
0.5,603,1033
0.5,604,994
0.5,605,1004
0.5,606,969
0.5,607,989
0.5,608,990
0.5,609,956
0.5,610,988
0.5,611,987
0.5,612,1019
0.5,613,1034
0.5,614,990
0.5,615,994
0.5,616,1020
0.5,617,1027
0.5,618,997
0.5,619,998
0.5,620,1019
0.5,621,1036
0.5,622,1086
0.5,623,1056
0.5,624,1038
0.5,625,1008
0.5,626,1032
0.5,627,994
0.5,628,988
0.5,629,935
0.5,630,932
0.5,631,932
0.5,632,951
0.5,633,920
0.5,634,937
0.5,635,920
0.5,636,934
0.5,637,942
0.5,638,949
0.5,639,958
0.5,640,943
0.5,641,991
0.5,642,950
0.5,643,997
0.5,644,995
0.5,645,1020
0.5,646,1056
0.5,647,1060
0.5,648,1023
0.5,649,1029
0.5,650,1041
0.5,651,1072
0.5,652,1015
0.5,653,1044
0.5,654,998
0.5,655,1040
0.5,656,975
0.5,657,978
0.5,658,994
0.5,659,979
0.5,660,984
0.5,661,964
0.5,662,948
0.5,663,947
0.5,664,944
0.5,665,976
0.5,666,950
0.5,667,950
0.5,668,925
0.5,669,959
0.5,670,929
0.5,671,919
0.5,672,896
0.5,673,871
0.5,674,881
0.5,675,865
0.5,676,848
0.5,677,850
0.5,678,868
0.5,679,858
0.5,680,875
0.5,681,877
0.5,682,883
0.5,683,871
0.5,684,860
0.5,685,867
0.5,686,866
0.5,687,858
0.5,688,868
0.5,689,865
0.5,690,868
0.5,691,864
0.5,692,887
0.5,693,876
0.5,694,893
0.5,695,894
0.5,696,911
0.5,697,937
0.5,698,980
0.5,699,961
0.5,700,1002
0.5,701,979
0.5,702,1033
0.5,703,1004
0.5,704,1029
0.5,705,1015
0.5,706,1038
0.5,707,980
0.5,708,968
0.5,709,955
0.5,710,979
0.5,711,955
0.5,712,979
0.5,713,975
0.5,714,995
0.5,715,953
0.5,716,963
0.5,717,965
0.5,718,973
0.5,719,977
0.5,720,981
0.5,721,1018
0.5,722,1013
0.5,723,1080
0.5,724,1053
0.5,725,1067
0.5,726,1074
0.5,727,1083
0.5,728,1077
0.5,729,1098
0.5,730,1115
0.5,731,1099
0.5,732,1105
0.5,733,1070
0.5,734,1077
0.5,735,1065
0.5,736,1107
0.5,737,1064
0.5,738,1102
0.5,739,1106
0.5,740,1118
0.5,741,1078
0.5,742,1079
0.5,743,1065
0.5,744,1023
0.5,745,1055
0.5,746,997
0.5,747,1004
0.5,748,993
0.5,749,1008
0.5,750,1009
0.5,751,1019
0.5,752,1003
0.5,753,991
0.5,754,1021
0.5,755,1010
0.5,756,1006
0.5,757,957
0.5,758,955
0.5,759,955
0.5,760,1013
0.5,761,990
0.5,762,981
0.5,763,981
0.5,764,978
0.5,765,988
0.5,766,1002
0.5,767,944
0.5,768,923
0.5,769,895
0.5,770,906
0.5,771,883
0.5,772,878
0.5,773,884
0.5,774,892
0.5,775,874
0.5,776,873
0.5,777,868
0.5,778,904
0.5,779,891
0.5,780,912
0.5,781,896
0.5,782,897
0.5,783,895
0.5,784,914
0.5,785,920
0.5,786,920
0.5,787,862
0.5,788,877
0.5,789,877
0.5,790,872
0.5,791,857
0.5,792,852
0.5,793,834
0.5,794,832
0.5,795,828
0.5,796,860
0.5,797,822
0.5,798,822
0.5,799,829
0.5,800,844
0.5,801,854
0.5,802,900
0.5,803,892
0.5,804,915
0.5,805,874
0.5,806,888
0.5,807,865
0.5,808,866
0.5,809,864
0.5,810,854
0.5,811,867
0.5,812,852
0.5,813,830
0.5,814,836
0.5,815,797
0.5,816,784
0.5,817,755
0.5,818,778
0.5,819,759
0.5,820,760
0.5,821,825
0.5,822,800
0.5,823,837
0.5,824,823
0.5,825,822
0.5,826,853
0.5,827,849
0.5,828,869
0.5,829,863
0.5,830,867
0.5,831,858
0.5,832,850
0.5,833,850
0.5,834,866
0.5,835,883
0.5,836,861
0.5,837,859
0.5,838,868
0.5,839,862
0.5,840,831
0.5,841,812
0.5,842,812
0.5,843,818
0.5,844,802
0.5,845,816
0.5,846,823
0.5,847,818
0.5,848,838
0.5,849,824
0.5,850,808
0.5,851,793
0.5,852,824
0.5,853,836
0.5,854,842
0.5,855,886
0.5,856,869
0.5,857,865
0.5,858,876
0.5,859,889
0.5,860,902
0.5,861,905
0.5,862,919
0.5,863,934
0.5,864,946
0.5,865,928
0.5,866,945
0.5,867,929
0.5,868,925
0.5,869,935
0.5,870,898
0.5,871,882
0.5,872,896
0.5,873,879
0.5,874,905
0.5,875,906
0.5,876,897
0.5,877,877
0.5,878,931
0.5,879,905
0.5,880,916
0.5,881,934
0.5,882,893
0.5,883,940
0.5,884,906
0.5,885,897
0.5,886,913
0.5,887,891
0.5,888,900
0.5,889,900
0.5,890,884
0.5,891,903
0.5,892,873
0.5,893,876
0.5,894,859
0.5,895,869
0.5,896,860
0.5,897,850
0.5,898,842
0.5,899,844
0.5,900,845
0.5,901,814
0.5,902,833
0.5,903,813
0.5,904,806
0.5,905,805
0.5,906,858
0.5,907,825
0.5,908,825
0.5,909,823
0.5,910,801
0.5,911,815
0.5,912,813
0.5,913,817
0.5,914,761
0.5,915,776
0.5,916,767
0.5,917,815
0.5,918,762
0.5,919,794
0.5,920,754
0.5,921,767
0.5,922,749
0.5,923,772
0.5,924,756
0.5,925,781
0.5,926,750
0.5,927,769
0.5,928,769
0.5,929,781
0.5,930,752
0.5,931,784
0.5,932,758
0.5,933,789
0.5,934,762
0.5,935,782
0.5,936,788
0.5,937,779
0.5,938,776
0.5,939,820
0.5,940,801
0.5,941,807
0.5,942,777
0.5,943,798
0.5,944,792
0.5,945,781
0.5,946,770
0.5,947,766
0.5,948,732
0.5,949,749
0.5,950,747
0.5,951,752
0.5,952,750
0.5,953,741
0.5,954,759
0.5,955,741
0.5,956,757
0.5,957,750
0.5,958,759
0.5,959,766
0.5,960,790
0.5,961,754
0.5,962,772
0.5,963,769
0.5,964,765
0.5,965,760
0.5,966,769
0.5,967,743
0.5,968,770
0.5,969,747
0.5,970,759
0.5,971,753
0.5,972,768
0.5,973,788
0.5,974,794
0.5,975,793
0.5,976,807
0.5,977,803
0.5,978,820
0.5,979,807
0.5,980,831
0.5,981,876
0.5,982,866
0.5,983,863
0.5,984,869
0.5,985,877
0.5,986,882
0.5,987,905
0.5,988,893
0.5,989,894
0.5,990,923
0.5,991,891
0.5,992,870
0.5,993,899
0.5,994,887
0.5,995,931
0.5,996,897
0.5,997,930
0.5,998,915
0.5,999,878
0.5,1000,879
0.5,1001,857
0.5,1002,866
0.5,1003,856
0.5,1004,861
0.5,1005,862
0.5,1006,869
0.5,1007,853
0.5,1008,888
0.5,1009,892
0.5,1010,898
0.5,1011,907
0.5,1012,899
0.5,1013,924
0.5,1014,888
0.5,1015,891
0.5,1016,884
0.5,1017,867
0.5,1018,878
0.5,1019,861
0.5,1020,827
0.5,1021,827
0.5,1022,834
0.5,1023,836
0.5,1024,851
0.5,1025,872
0.5,1026,901
0.5,1027,860
0.5,1028,934
0.5,1029,870
0.5,1030,922
0.5,1031,894
0.5,1032,892
0.5,1033,905
0.5,1034,895
0.5,1035,902
0.5,1036,913
0.5,1037,885
0.5,1038,895
0.5,1039,881
0.5,1040,899
0.5,1041,896
0.5,1042,868
0.5,1043,861
0.5,1044,855
0.5,1045,859
0.5,1046,867
0.5,1047,850
0.5,1048,838
0.5,1049,857
0.5,1050,849
0.5,1051,865
0.5,1052,863
0.5,1053,886
0.5,1054,877
0.5,1055,905
0.5,1056,841
0.5,1057,855
0.5,1058,862
0.5,1059,879
0.5,1060,895
0.5,1061,912
0.5,1062,899
0.5,1063,926
0.5,1064,922
0.5,1065,940
0.5,1066,913
0.5,1067,905
0.5,1068,923
0.5,1069,929
0.5,1070,945
0.5,1071,925
0.5,1072,956
0.5,1073,922
0.5,1074,960
0.5,1075,927
0.5,1076,900
0.5,1077,902
0.5,1078,907
0.5,1079,902
0.5,1080,892
0.5,1081,922
0.5,1082,889
0.5,1083,906
0.5,1084,875
0.5,1085,874
0.5,1086,846
0.5,1087,853
0.5,1088,866
0.5,1089,862
0.5,1090,832
0.5,1091,805
0.5,1092,803
0.5,1093,845
0.5,1094,801
0.5,1095,814
0.5,1096,805
0.5,1097,792
0.5,1098,805
0.5,1099,822
0.5,1100,821
0.5,1101,800
0.5,1102,809
0.5,1103,791
0.5,1104,804
0.5,1105,801
0.5,1106,851
0.5,1107,828
0.5,1108,841
0.5,1109,831
0.5,1110,820
0.5,1111,836
0.5,1112,849
0.5,1113,858
0.5,1114,844
0.5,1115,829
0.5,1116,803
0.5,1117,785
0.5,1118,798
0.5,1119,810
0.5,1120,802
0.5,1121,827
0.5,1122,797
0.5,1123,784
0.5,1124,789
0.5,1125,772
0.5,1126,737
0.5,1127,748
0.5,1128,753
0.5,1129,717
0.5,1130,734
0.5,1131,687
0.5,1132,701
0.5,1133,669
0.5,1134,678
0.5,1135,685
0.5,1136,710
0.5,1137,704
0.5,1138,729
0.5,1139,743
0.5,1140,717
0.5,1141,737
0.5,1142,700
0.5,1143,698
0.5,1144,687
0.5,1145,709
0.5,1146,691
0.5,1147,727
0.5,1148,712
0.5,1149,752
0.5,1150,731
0.5,1151,733
0.5,1152,731
0.5,1153,731
0.5,1154,735
0.5,1155,725
0.5,1156,718
0.5,1157,706
0.5,1158,712
0.5,1159,713
0.5,1160,749
0.5,1161,743
0.5,1162,756
0.5,1163,754
0.5,1164,754
0.5,1165,753
0.5,1166,772
0.5,1167,762
0.5,1168,801
0.5,1169,790
0.5,1170,780
0.5,1171,776
0.5,1172,797
0.5,1173,799
0.5,1174,801
0.5,1175,814
0.5,1176,836
0.5,1177,861
0.5,1178,876
0.5,1179,906
0.5,1180,903
0.5,1181,923
0.5,1182,921
0.5,1183,954
0.5,1184,964
0.5,1185,985
0.5,1186,988
0.5,1187,984
0.5,1188,967
0.5,1189,986
0.5,1190,980
0.5,1191,985
0.5,1192,966
0.5,1193,973
0.5,1194,932
0.5,1195,960
0.5,1196,933
0.5,1197,934
0.5,1198,957
0.5,1199,942
0.5,1200,944
0.5,1201,935
0.5,1202,919
0.5,1203,891
0.5,1204,906
0.5,1205,893
0.5,1206,913
0.5,1207,935
0.5,1208,885
0.5,1209,929
0.5,1210,899
0.5,1211,899
0.5,1212,900
0.5,1213,895
0.5,1214,869
0.5,1215,908
0.5,1216,872
0.5,1217,899
0.5,1218,927
0.5,1219,939
0.5,1220,903
0.5,1221,916
0.5,1222,891
0.5,1223,916
0.5,1224,889
0.5,1225,878
0.5,1226,874
0.5,1227,862
0.5,1228,920
0.5,1229,876
0.5,1230,869
0.5,1231,851
0.5,1232,873
0.5,1233,871
0.5,1234,872
0.5,1235,888
0.5,1236,871
0.5,1237,907
0.5,1238,887
0.5,1239,893
0.5,1240,889
0.5,1241,928
0.5,1242,920
0.5,1243,957
0.5,1244,982
0.5,1245,981
0.5,1246,981
0.5,1247,994
0.5,1248,967
0.5,1249,952
0.5,1250,940
0.5,1251,952
0.5,1252,956
0.5,1253,946
0.5,1254,960
0.5,1255,954
0.5,1256,934
0.5,1257,928
0.5,1258,923
0.5,1259,916
0.5,1260,913
0.5,1261,903
0.5,1262,913
0.5,1263,897
0.5,1264,883
0.5,1265,869
0.5,1266,869
0.5,1267,875
0.5,1268,845
0.5,1269,841
0.5,1270,860
0.5,1271,845
0.5,1272,839
0.5,1273,845
0.5,1274,863
0.5,1275,868
0.5,1276,899
0.5,1277,907
0.5,1278,945
0.5,1279,959
0.5,1280,1005
0.5,1281,941
0.5,1282,972
0.5,1283,1036
0.5,1284,951
0.5,1285,986
0.5,1286,962
0.5,1287,984
0.5,1288,971
0.5,1289,965
0.5,1290,945
0.5,1291,945
0.5,1292,978
0.5,1293,926
0.5,1294,963
0.5,1295,970
0.5,1296,969
0.5,1297,1001
0.5,1298,1009
0.5,1299,1000
0.5,1300,995
0.5,1301,1007
0.5,1302,1013
0.5,1303,1045
0.5,1304,1024
0.5,1305,1081
0.5,1306,1029
0.5,1307,1110
0.5,1308,1018
0.5,1309,1022
0.5,1310,991
0.5,1311,1011
0.5,1312,989
0.5,1313,1026
0.5,1314,964
0.5,1315,985
0.5,1316,956
0.5,1317,950
0.5,1318,918
0.5,1319,945
0.5,1320,937
0.5,1321,927
0.5,1322,912
0.5,1323,939
0.5,1324,940
0.5,1325,945
0.5,1326,948
0.5,1327,902
0.5,1328,945
0.5,1329,926
0.5,1330,900
0.5,1331,925
0.5,1332,897
0.5,1333,883
0.5,1334,885
0.5,1335,879
0.5,1336,872
0.5,1337,888
0.5,1338,913
0.5,1339,934
0.5,1340,898
0.5,1341,943
0.5,1342,922
0.5,1343,945
0.5,1344,919
0.5,1345,916
0.5,1346,926
0.5,1347,920
0.5,1348,939
0.5,1349,966
0.5,1350,969
0.5,1351,959
0.5,1352,1032
0.5,1353,910
0.5,1354,970
0.5,1355,917
0.5,1356,924
0.5,1357,934
0.5,1358,923
0.5,1359,926
0.5,1360,915
0.5,1361,916
0.5,1362,907
0.5,1363,942
0.5,1364,893
0.5,1365,883
0.5,1366,849
0.5,1367,873
0.5,1368,833
0.5,1369,845
0.5,1370,850
0.5,1371,878
0.5,1372,842
0.5,1373,840
0.5,1374,816
0.5,1375,838
0.5,1376,804
0.5,1377,806
0.5,1378,801
0.5,1379,801
0.5,1380,788
0.5,1381,800
0.5,1382,789
0.5,1383,798
0.5,1384,773
0.5,1385,809
0.5,1386,768
0.5,1387,793
0.5,1388,790
0.5,1389,782
0.5,1390,765
0.5,1391,746
0.5,1392,762
0.5,1393,770
0.5,1394,791
0.5,1395,787
0.5,1396,793
0.5,1397,809
0.5,1398,783
0.5,1399,787
0.5,1400,767
0.5,1401,780
0.5,1402,756
0.5,1403,745
0.5,1404,773
0.5,1405,757
0.5,1406,806
0.5,1407,753
0.5,1408,781
0.5,1409,797
0.5,1410,797
0.5,1411,829
0.5,1412,824
0.5,1413,835
0.5,1414,839
0.5,1415,827
0.5,1416,814
0.5,1417,849
0.5,1418,823
0.5,1419,786
0.5,1420,774
0.5,1421,768
0.5,1422,712
0.5,1423,710
0.5,1424,700
0.5,1425,689
0.5,1426,697
0.5,1427,727
0.5,1428,718
0.5,1429,734
0.5,1430,704
0.5,1431,751
0.5,1432,742
0.5,1433,733
0.5,1434,760
0.5,1435,766
0.5,1436,753
0.5,1437,741
0.5,1438,743
0.5,1439,766
0.5,1440,732
0.5,1441,733
0.5,1442,733
0.5,1443,776
0.5,1444,743
0.5,1445,724
0.5,1446,710
0.5,1447,705
0.5,1448,672
0.5,1449,679
0.5,1450,673
0.5,1451,671
0.5,1452,697
0.5,1453,684
0.5,1454,714
0.5,1455,702
0.5,1456,709
0.5,1457,674
0.5,1458,673
0.5,1459,686
0.5,1460,701
0.5,1461,705
0.5,1462,695
0.5,1463,720
0.5,1464,701
0.5,1465,715
0.5,1466,686
0.5,1467,715
0.5,1468,738
0.5,1469,772
0.5,1470,725
0.5,1471,736
0.5,1472,716
0.5,1473,743
0.5,1474,697
0.5,1475,707
0.5,1476,701
0.5,1477,670
0.5,1478,685
0.5,1479,665
0.5,1480,660
0.5,1481,665
0.5,1482,682
0.5,1483,688
0.5,1484,699
0.5,1485,702
0.5,1486,681
0.5,1487,722
0.5,1488,723
0.5,1489,731
0.5,1490,737
0.5,1491,722
0.5,1492,705
0.5,1493,716
0.5,1494,705
0.5,1495,700
0.5,1496,688
0.5,1497,674
0.5,1498,665
0.5,1499,653
0.5,1500,678
0.5,1501,673
0.5,1502,715
0.5,1503,696
0.5,1504,715
0.5,1505,700
0.5,1506,677
0.5,1507,664
0.5,1508,668
0.5,1509,610
0.5,1510,662
0.5,1511,626
0.5,1512,638
0.5,1513,636
0.5,1514,623
0.5,1515,634
0.5,1516,651
0.5,1517,634
0.5,1518,646
0.5,1519,638
0.5,1520,670
0.5,1521,642
0.5,1522,680
0.5,1523,686
0.5,1524,669
0.5,1525,693
0.5,1526,674
0.5,1527,674
0.5,1528,671
0.5,1529,652
0.5,1530,654
0.5,1531,653
0.5,1532,640
0.5,1533,656
0.5,1534,659
0.5,1535,646
0.5,1536,648
0.5,1537,613
0.5,1538,622
0.5,1539,614
0.5,1540,641
0.5,1541,618
0.5,1542,630
0.5,1543,638
0.5,1544,641
0.5,1545,656
0.5,1546,658
0.5,1547,644
0.5,1548,658
0.5,1549,649
0.5,1550,631
0.5,1551,643
0.5,1552,638
0.5,1553,644
0.5,1554,621
0.5,1555,633
0.5,1556,652
0.5,1557,659
0.5,1558,635
0.5,1559,608
0.5,1560,597
0.5,1561,599
0.5,1562,596
0.5,1563,611
0.5,1564,630
0.5,1565,615
0.5,1566,581
0.5,1567,598
0.5,1568,597
0.5,1569,590
0.5,1570,588
0.5,1571,592
0.5,1572,609
0.5,1573,605
0.5,1574,612
0.5,1575,599
0.5,1576,607
0.5,1577,599
0.5,1578,612
0.5,1579,634
0.5,1580,642
0.5,1581,628
0.5,1582,647
0.5,1583,637
0.5,1584,649
0.5,1585,645
0.5,1586,624
0.5,1587,616
0.5,1588,589
0.5,1589,596
0.5,1590,569
0.5,1591,588
0.5,1592,569
0.5,1593,588
0.5,1594,575
0.5,1595,561
0.5,1596,542
0.5,1597,516
0.5,1598,533
0.5,1599,529
0.5,1600,523
0.5,1601,531
0.5,1602,527
0.5,1603,527
0.5,1604,551
0.5,1605,534
0.5,1606,550
0.5,1607,557
0.5,1608,578
0.5,1609,566
0.5,1610,555
0.5,1611,560
0.5,1612,558
0.5,1613,559
0.5,1614,568
0.5,1615,555
0.5,1616,557
0.5,1617,567
0.5,1618,597
0.5,1619,593
0.5,1620,593
0.5,1621,588
0.5,1622,597
0.5,1623,615
0.5,1624,607
0.5,1625,624
0.5,1626,613
0.5,1627,639
0.5,1628,582
0.5,1629,625
0.5,1630,612
0.5,1631,639
0.5,1632,629
0.5,1633,613
0.5,1634,604
0.5,1635,619
0.5,1636,608
0.5,1637,614
0.5,1638,617
0.5,1639,617
0.5,1640,616
0.5,1641,618
0.5,1642,639
0.5,1643,595
0.5,1644,599
0.5,1645,592
0.5,1646,609
0.5,1647,596
0.5,1648,612
0.5,1649,618
0.5,1650,624
0.5,1651,587
0.5,1652,607
0.5,1653,588
0.5,1654,614
0.5,1655,590
0.5,1656,609
0.5,1657,604
0.5,1658,622
0.5,1659,617
0.5,1660,649
0.5,1661,631
0.5,1662,618
0.5,1663,627
0.5,1664,622
0.5,1665,641
0.5,1666,651
0.5,1667,668
0.5,1668,669
0.5,1669,663
0.5,1670,660
0.5,1671,645
0.5,1672,638
0.5,1673,629
0.5,1674,634
0.5,1675,638
0.5,1676,638
0.5,1677,623
0.5,1678,628
0.5,1679,626
0.5,1680,613
0.5,1681,608
0.5,1682,637
0.5,1683,639
0.5,1684,670
0.5,1685,650
0.5,1686,665
0.5,1687,644
0.5,1688,661
0.5,1689,657
0.5,1690,682
0.5,1691,683
0.5,1692,668
0.5,1693,703
0.5,1694,697
0.5,1695,724
0.5,1696,731
0.5,1697,762
0.5,1698,753
0.5,1699,752
0.5,1700,759
0.5,1701,751
0.5,1702,746
0.5,1703,737
0.5,1704,739
0.5,1705,757
0.5,1706,723
0.5,1707,728
0.5,1708,760
0.5,1709,775
0.5,1710,748
0.5,1711,748
0.5,1712,739
0.5,1713,713
0.5,1714,691
0.5,1715,700
0.5,1716,686
0.5,1717,688
0.5,1718,697
0.5,1719,697
0.5,1720,709
0.5,1721,709
0.5,1722,724
0.5,1723,723
0.5,1724,733
0.5,1725,713
0.5,1726,724
0.5,1727,722
0.5,1728,749
0.5,1729,752
0.5,1730,765
0.5,1731,754
0.5,1732,748
0.5,1733,745
0.5,1734,721
0.5,1735,731
0.5,1736,711
0.5,1737,723
0.5,1738,684
0.5,1739,682
0.5,1740,669
0.5,1741,643
0.5,1742,621
0.5,1743,627
0.5,1744,642
0.5,1745,633
0.5,1746,637
0.5,1747,666
0.5,1748,678
0.5,1749,670
0.5,1750,698
0.5,1751,645
0.5,1752,679
0.5,1753,646
0.5,1754,662
0.5,1755,642
0.5,1756,649
0.5,1757,680
0.5,1758,658
0.5,1759,675
0.5,1760,655
0.5,1761,676
0.5,1762,667
0.5,1763,662
0.5,1764,639
0.5,1765,673
0.5,1766,668
0.5,1767,663
0.5,1768,652
0.5,1769,656
0.5,1770,705
0.5,1771,673
0.5,1772,723
0.5,1773,670
0.5,1774,735
0.5,1775,649
0.5,1776,636
0.5,1777,617
0.5,1778,636
0.5,1779,627
0.5,1780,644
0.5,1781,637
0.5,1782,608
0.5,1783,602
0.5,1784,616
0.5,1785,626
0.5,1786,623
0.5,1787,618
0.5,1788,625
0.5,1789,647
0.5,1790,633
0.5,1791,633
0.5,1792,632
0.5,1793,624
0.5,1794,642
0.5,1795,644
0.5,1796,654
0.5,1797,646
0.5,1798,663
0.5,1799,662
0.5,1800,660
0.5,1801,653
0.5,1802,660
0.5,1803,661
0.5,1804,672
0.5,1805,683
0.5,1806,679
0.5,1807,707
0.5,1808,671
0.5,1809,677
0.5,1810,644
0.5,1811,648
0.5,1812,663
0.5,1813,644
0.5,1814,661
0.5,1815,650
0.5,1816,678
0.5,1817,624
0.5,1818,633
0.5,1819,627
0.5,1820,589
0.5,1821,616
0.5,1822,602
0.5,1823,622
0.5,1824,634
0.5,1825,624
0.5,1826,632
0.5,1827,646
0.5,1828,678
0.5,1829,658
0.5,1830,687
0.5,1831,673
0.5,1832,682
0.5,1833,673
0.5,1834,715
0.5,1835,665
0.5,1836,658
0.5,1837,670
0.5,1838,671
0.5,1839,688
0.5,1840,664
0.5,1841,677
0.5,1842,661
0.5,1843,653
0.5,1844,647
0.5,1845,631
0.5,1846,603
0.5,1847,595
0.5,1848,595
0.5,1849,608
0.5,1850,595
0.5,1851,595
0.5,1852,590
0.5,1853,636
0.5,1854,595
0.5,1855,595
0.5,1856,598
0.5,1857,597
0.5,1858,618
0.5,1859,611
0.5,1860,630
0.5,1861,627
0.5,1862,615
0.5,1863,646
0.5,1864,638
0.5,1865,621
0.5,1866,615
0.5,1867,632
0.5,1868,576
0.5,1869,574
0.5,1870,563
0.5,1871,574
0.5,1872,580
0.5,1873,604
0.5,1874,576
0.5,1875,591
0.5,1876,585
0.5,1877,590
0.5,1878,595
0.5,1879,606
0.5,1880,638
0.5,1881,623
0.5,1882,643
0.5,1883,614
0.5,1884,597
0.5,1885,589
0.5,1886,594
0.5,1887,571
0.5,1888,603
0.5,1889,603
0.5,1890,620
0.5,1891,627
0.5,1892,622
0.5,1893,640
0.5,1894,622
0.5,1895,613
0.5,1896,654
0.5,1897,612
0.5,1898,593
0.5,1899,595
0.5,1900,607
0.5,1901,603
0.5,1902,594
0.5,1903,600
0.5,1904,597
0.5,1905,601
0.5,1906,609
0.5,1907,608
0.5,1908,596
0.5,1909,605
0.5,1910,613
0.5,1911,605
0.5,1912,635
0.5,1913,614
0.5,1914,612
0.5,1915,627
0.5,1916,635
0.5,1917,616
0.5,1918,597
0.5,1919,598
0.5,1920,601
0.5,1921,599
0.5,1922,577
0.5,1923,570
0.5,1924,552
0.5,1925,559
0.5,1926,570
0.5,1927,588
0.5,1928,555
0.5,1929,563
0.5,1930,548
0.5,1931,557
0.5,1932,565
0.5,1933,538
0.5,1934,546
0.5,1935,528
0.5,1936,544
0.5,1937,541
0.5,1938,544
0.5,1939,554
0.5,1940,554
0.5,1941,568
0.5,1942,545
0.5,1943,555
0.5,1944,538
0.5,1945,571
0.5,1946,568
0.5,1947,572
0.5,1948,560
0.5,1949,561
0.5,1950,544
0.5,1951,536
0.5,1952,533
0.5,1953,546
0.5,1954,557
0.5,1955,578
0.5,1956,586
0.5,1957,580
0.5,1958,570
0.5,1959,585
0.5,1960,573
0.5,1961,581
0.5,1962,530
0.5,1963,558
0.5,1964,533
0.5,1965,557
0.5,1966,560
0.5,1967,576
0.5,1968,573
0.5,1969,566
0.5,1970,567
0.5,1971,576
0.5,1972,568
0.5,1973,569
0.5,1974,573
0.5,1975,550
0.5,1976,568
0.5,1977,579
0.5,1978,580
0.5,1979,599
0.5,1980,594
0.5,1981,583
0.5,1982,577
0.5,1983,566
0.5,1984,553
0.5,1985,556
0.5,1986,557
0.5,1987,541
0.5,1988,546
0.5,1989,522
0.5,1990,547
0.5,1991,525
0.5,1992,528
0.5,1993,545
0.5,1994,528
0.5,1995,556
0.5,1996,528
0.5,1997,545
0.5,1998,545
0.5,1999,563
0.5,2000,559
0.5,2001,568
0.5,2002,557
0.5,2003,543
0.5,2004,547
0.5,2005,542
0.5,2006,562
0.5,2007,558
0.5,2008,573
0.5,2009,583
0.5,2010,584
0.5,2011,594
0.5,2012,587
0.5,2013,572
0.5,2014,571
0.5,2015,563
0.5,2016,549
0.5,2017,563
0.5,2018,554
0.5,2019,574
0.5,2020,562
0.5,2021,564
0.5,2022,557
0.5,2023,553
0.5,2024,539
0.5,2025,563
0.5,2026,547
0.5,2027,576
0.5,2028,588
0.5,2029,564
0.5,2030,558
0.5,2031,580
0.5,2032,550
0.5,2033,581
0.5,2034,540
0.5,2035,557
0.5,2036,536
0.5,2037,532
0.5,2038,529
0.5,2039,545
0.5,2040,547
0.5,2041,556
0.5,2042,545
0.5,2043,535
0.5,2044,545
0.5,2045,550
0.5,2046,560
0.5,2047,536
0.5,2048,546
0.5,2049,525
0.5,2050,545
0.5,2051,536
0.5,2052,552
0.5,2053,528
0.5,2054,517
0.5,2055,516
0.5,2056,523
0.5,2057,482
0.5,2058,478
0.5,2059,474
0.5,2060,478
0.5,2061,477
0.5,2062,480
0.5,2063,476
0.5,2064,487
0.5,2065,505
0.5,2066,495
0.5,2067,507
0.5,2068,477
0.5,2069,483
0.5,2070,495
0.5,2071,509
0.5,2072,493
0.5,2073,503
0.5,2074,508
0.5,2075,508
0.5,2076,515
0.5,2077,533
0.5,2078,518
0.5,2079,520
0.5,2080,514
0.5,2081,518
0.5,2082,521
0.5,2083,510
0.5,2084,534
0.5,2085,545
0.5,2086,570
0.5,2087,557
0.5,2088,597
0.5,2089,540
0.5,2090,540
0.5,2091,546
0.5,2092,549
0.5,2093,553
0.5,2094,576
0.5,2095,551
0.5,2096,586
0.5,2097,558
0.5,2098,588
0.5,2099,570
0.5,2100,588
0.5,2101,571
0.5,2102,595
0.5,2103,570
0.5,2104,597
0.5,2105,595
0.5,2106,581
0.5,2107,582
0.5,2108,555
0.5,2109,530
0.5,2110,556
0.5,2111,525
0.5,2112,554
0.5,2113,543
0.5,2114,571
0.5,2115,547
0.5,2116,562
0.5,2117,546
0.5,2118,565
0.5,2119,567
0.5,2120,563
0.5,2121,556
0.5,2122,561
0.5,2123,577
0.5,2124,593
0.5,2125,599
0.5,2126,596
0.5,2127,605
0.5,2128,613
0.5,2129,584
0.5,2130,599
0.5,2131,562
0.5,2132,559
0.5,2133,570
0.5,2134,554
0.5,2135,571
0.5,2136,585
0.5,2137,582
0.5,2138,588
0.5,2139,597
0.5,2140,580
0.5,2141,579
0.5,2142,614
0.5,2143,602
0.5,2144,625
0.5,2145,610
0.5,2146,587
0.5,2147,584
0.5,2148,566
0.5,2149,571
0.5,2150,539
0.5,2151,575
0.5,2152,547
0.5,2153,569
0.5,2154,560
0.5,2155,531
0.5,2156,546
0.5,2157,523
0.5,2158,535
0.5,2159,546
0.5,2160,542
0.5,2161,556
0.5,2162,563
0.5,2163,554
0.5,2164,582
0.5,2165,574
0.5,2166,580
0.5,2167,583
0.5,2168,560
0.5,2169,569
0.5,2170,573
0.5,2171,539
0.5,2172,538
0.5,2173,541
0.5,2174,527
0.5,2175,521
0.5,2176,511
0.5,2177,528
0.5,2178,506
0.5,2179,528
0.5,2180,524
0.5,2181,521
0.5,2182,505
0.5,2183,513
0.5,2184,497
0.5,2185,507
0.5,2186,517
0.5,2187,517
0.5,2188,530
0.5,2189,505
0.5,2190,512
0.5,2191,500
0.5,2192,510
0.5,2193,527
0.5,2194,537
0.5,2195,532
0.5,2196,534
0.5,2197,539
0.5,2198,538
0.5,2199,545
0.5,2200,550
0.5,2201,528
0.5,2202,517
0.5,2203,534
0.5,2204,542
0.5,2205,514
0.5,2206,513
0.5,2207,508
0.5,2208,525
0.5,2209,525
0.5,2210,531
0.5,2211,540
0.5,2212,533
0.5,2213,530
0.5,2214,556
0.5,2215,569
0.5,2216,563
0.5,2217,552
0.5,2218,581
0.5,2219,541
0.5,2220,552
0.5,2221,543
0.5,2222,526
0.5,2223,503
0.5,2224,519
0.5,2225,511
0.5,2226,524
0.5,2227,520
0.5,2228,526
0.5,2229,504
0.5,2230,516
0.5,2231,497
0.5,2232,491
0.5,2233,518
0.5,2234,499
0.5,2235,503
0.5,2236,484
0.5,2237,483
0.5,2238,489
0.5,2239,485
0.5,2240,491
0.5,2241,501
0.5,2242,490
0.5,2243,505
0.5,2244,513
0.5,2245,501
0.5,2246,513
0.5,2247,517
0.5,2248,508
0.5,2249,525
0.5,2250,527
0.5,2251,526
0.5,2252,548
0.5,2253,563
0.5,2254,577
0.5,2255,566
0.5,2256,555
0.5,2257,557
0.5,2258,578
0.5,2259,587
0.5,2260,602
0.5,2261,597
0.5,2262,645
0.5,2263,623
0.5,2264,626
0.5,2265,607
0.5,2266,620
0.5,2267,634
0.5,2268,616
0.5,2269,629
0.5,2270,634
0.5,2271,636
0.5,2272,627
0.5,2273,627
0.5,2274,643
0.5,2275,627
0.5,2276,640
0.5,2277,617
0.5,2278,629
0.5,2279,617
0.5,2280,662
0.5,2281,634
0.5,2282,646
0.5,2283,637
0.5,2284,671
0.5,2285,659
0.5,2286,656
0.5,2287,646
0.5,2288,642
0.5,2289,609
0.5,2290,631
0.5,2291,649
0.5,2292,636
0.5,2293,644
0.5,2294,632
0.5,2295,609
0.5,2296,598
0.5,2297,589
0.5,2298,600
0.5,2299,599
0.5,2300,607
0.5,2301,592
0.5,2302,583
0.5,2303,576
0.5,2304,596
0.5,2305,572
0.5,2306,587
0.5,2307,567
0.5,2308,563
0.5,2309,566
0.5,2310,579
0.5,2311,557
0.5,2312,547
0.5,2313,556
0.5,2314,573
0.5,2315,568
0.5,2316,611
0.5,2317,583
0.5,2318,604
0.5,2319,593
0.5,2320,620
0.5,2321,610
0.5,2322,624
0.5,2323,610
0.5,2324,632
0.5,2325,642
0.5,2326,633
0.5,2327,650
0.5,2328,655
0.5,2329,667
0.5,2330,675
0.5,2331,637
0.5,2332,631
0.5,2333,653
0.5,2334,642
0.5,2335,645
0.5,2336,647
0.5,2337,634
0.5,2338,640
0.5,2339,653
0.5,2340,657
0.5,2341,674
0.5,2342,678
0.5,2343,680
0.5,2344,677
0.5,2345,680
0.5,2346,673
0.5,2347,683
0.5,2348,686
0.5,2349,688
0.5,2350,694
0.5,2351,642
0.5,2352,651
0.5,2353,648
0.5,2354,647
0.5,2355,633
0.5,2356,663
0.5,2357,627
0.5,2358,644
0.5,2359,639
0.5,2360,631
0.5,2361,591
0.5,2362,599
0.5,2363,575
0.5,2364,577
0.5,2365,583
0.5,2366,579
0.5,2367,563
0.5,2368,547
0.5,2369,579
0.5,2370,540
0.5,2371,518
0.5,2372,522
0.5,2373,527
0.5,2374,526
0.5,2375,544
0.5,2376,555
0.5,2377,581
0.5,2378,598
0.5,2379,586
0.5,2380,598
0.5,2381,574
0.5,2382,593
0.5,2383,567
0.5,2384,563
0.5,2385,563
0.5,2386,539
0.5,2387,571
0.5,2388,522
0.5,2389,512
0.5,2390,500
0.5,2391,520
0.5,2392,497
0.5,2393,508
0.5,2394,497
0.5,2395,500
0.5,2396,507
0.5,2397,512
0.5,2398,523
0.5,2399,518
0.5,2400,531
0.5,2401,515
0.5,2402,514
0.5,2403,519
0.5,2404,502
0.5,2405,521
0.5,2406,518
0.5,2407,508
0.5,2408,499
0.5,2409,495
0.5,2410,495
0.5,2411,484
0.5,2412,494
0.5,2413,490
0.5,2414,487
0.5,2415,493
0.5,2416,483
0.5,2417,482
0.5,2418,476
0.5,2419,469
0.5,2420,484
0.5,2421,466
0.5,2422,469
0.5,2423,473
0.5,2424,460
0.5,2425,453
0.5,2426,456
0.5,2427,449
0.5,2428,448
0.5,2429,460
0.5,2430,455
0.5,2431,453
0.5,2432,468
0.5,2433,459
0.5,2434,450
0.5,2435,468
0.5,2436,454
0.5,2437,454
0.5,2438,454
0.5,2439,463
0.5,2440,478
0.5,2441,478
0.5,2442,486
0.5,2443,485
0.5,2444,487
0.5,2445,480
0.5,2446,496
0.5,2447,484
0.5,2448,487
0.5,2449,488
0.5,2450,481
0.5,2451,487
0.5,2452,496
0.5,2453,495
0.5,2454,509
0.5,2455,502
0.5,2456,504
0.5,2457,501
0.5,2458,511
0.5,2459,506
0.5,2460,509
0.5,2461,521
0.5,2462,532
0.5,2463,534
0.5,2464,542
0.5,2465,530
0.5,2466,539
0.5,2467,524
0.5,2468,546
0.5,2469,536
0.5,2470,528
0.5,2471,544
0.5,2472,560
0.5,2473,554
0.5,2474,581
0.5,2475,560
0.5,2476,563
0.5,2477,597
0.5,2478,578
0.5,2479,583
0.5,2480,600
0.5,2481,600
0.5,2482,598
0.5,2483,588
0.5,2484,601
0.5,2485,584
0.5,2486,614
0.5,2487,601
0.5,2488,593
0.5,2489,612
0.5,2490,581
0.5,2491,616
0.5,2492,593
0.5,2493,633
0.5,2494,593
0.5,2495,600
0.5,2496,599
0.5,2497,588
0.5,2498,564
0.5,2499,593
0.5,2500,591
0.5,2501,609
0.5,2502,618
0.5,2503,609
0.5,2504,635
0.5,2505,619
0.5,2506,615
0.5,2507,603
0.5,2508,596
0.5,2509,588
0.5,2510,604
0.5,2511,586
0.5,2512,627
0.5,2513,600
0.5,2514,595
0.5,2515,589
0.5,2516,585
0.5,2517,575
0.5,2518,614
0.5,2519,591
0.5,2520,598
0.5,2521,606
0.5,2522,623
0.5,2523,603
0.5,2524,595
0.5,2525,555
0.5,2526,583
0.5,2527,555
0.5,2528,541
0.5,2529,542
0.5,2530,537
0.5,2531,547
0.5,2532,547
0.5,2533,534
0.5,2534,553
0.5,2535,545
0.5,2536,559
0.5,2537,563
0.5,2538,577
0.5,2539,568
0.5,2540,593
0.5,2541,599
0.5,2542,612
0.5,2543,642
0.5,2544,641
0.5,2545,654
0.5,2546,656
0.5,2547,674
0.5,2548,686
0.5,2549,659
0.5,2550,673
0.5,2551,703
0.5,2552,683
0.5,2553,666
0.5,2554,657
0.5,2555,659
0.5,2556,650
0.5,2557,656
0.5,2558,686
0.5,2559,697
0.5,2560,688
0.5,2561,670
0.5,2562,658
0.5,2563,684
0.5,2564,655
0.5,2565,672
0.5,2566,679
0.5,2567,698
0.5,2568,682
0.5,2569,713
0.5,2570,733
0.5,2571,722
0.5,2572,703
0.5,2573,700
0.5,2574,662
0.5,2575,645
0.5,2576,658
0.5,2577,632
0.5,2578,634
0.5,2579,632
0.5,2580,619
0.5,2581,628
0.5,2582,630
0.5,2583,606
0.5,2584,626
0.5,2585,612
0.5,2586,626
0.5,2587,629
0.5,2588,644
0.5,2589,623
0.5,2590,634
0.5,2591,611
0.5,2592,619
0.5,2593,626
0.5,2594,620
0.5,2595,623
0.5,2596,617
0.5,2597,635
0.5,2598,624
0.5,2599,608
0.5,2600,603
0.5,2601,606
0.5,2602,589
0.5,2603,609
0.5,2604,602
0.5,2605,630
0.5,2606,592
0.5,2607,599
0.5,2608,601
0.5,2609,615
0.5,2610,611
0.5,2611,618
0.5,2612,595
0.5,2613,591
0.5,2614,575
0.5,2615,579
0.5,2616,594
0.5,2617,611
0.5,2618,602
0.5,2619,617
0.5,2620,633
0.5,2621,647
0.5,2622,643
0.5,2623,655
0.5,2624,668
0.5,2625,686
0.5,2626,595
0.5,2627,606
0.5,2628,585
0.5,2629,591
0.5,2630,562
0.5,2631,562
0.5,2632,533
0.5,2633,555
0.5,2634,546
0.5,2635,547
0.5,2636,547
0.5,2637,559
0.5,2638,574
0.5,2639,563
0.5,2640,593
0.5,2641,588
0.5,2642,616
0.5,2643,596
0.5,2644,607
0.5,2645,625
0.5,2646,618
0.5,2647,633
0.5,2648,627
0.5,2649,637
0.5,2650,635
0.5,2651,646
0.5,2652,630
0.5,2653,638
0.5,2654,646
0.5,2655,647
0.5,2656,621
0.5,2657,654
0.5,2658,626
0.5,2659,612
0.5,2660,612
0.5,2661,636
0.5,2662,629
0.5,2663,656
0.5,2664,632
0.5,2665,633
0.5,2666,642
0.5,2667,679
0.5,2668,661
0.5,2669,667
0.5,2670,659
0.5,2671,656
0.5,2672,674
0.5,2673,662
0.5,2674,657
0.5,2675,642
0.5,2676,640
0.5,2677,630
0.5,2678,640
0.5,2679,645
0.5,2680,658
0.5,2681,660
0.5,2682,644
0.5,2683,666
0.5,2684,631
0.5,2685,623
0.5,2686,610
0.5,2687,602
0.5,2688,584
0.5,2689,599
0.5,2690,581
0.5,2691,606
0.5,2692,615
0.5,2693,580
0.5,2694,605
0.5,2695,610
0.5,2696,626
0.5,2697,596
0.5,2698,623
0.5,2699,620
0.5,2700,651
0.5,2701,612
0.5,2702,637
0.5,2703,607
0.5,2704,609
0.5,2705,612
0.5,2706,643
0.5,2707,622
0.5,2708,634
0.5,2709,629
0.5,2710,625
0.5,2711,617
0.5,2712,639
0.5,2713,634
0.5,2714,642
0.5,2715,643
0.5,2716,642
0.5,2717,644
0.5,2718,613
0.5,2719,633
0.5,2720,618
0.5,2721,612
0.5,2722,608
0.5,2723,623
0.5,2724,616
0.5,2725,609
0.5,2726,626
0.5,2727,598
0.5,2728,631
0.5,2729,610
0.5,2730,628
0.5,2731,625
0.5,2732,641
0.5,2733,649
0.5,2734,647
0.5,2735,664
0.5,2736,652
0.5,2737,657
0.5,2738,671
0.5,2739,666
0.5,2740,658
0.5,2741,641
0.5,2742,653
0.5,2743,629
0.5,2744,641
0.5,2745,647
0.5,2746,637
0.5,2747,623
0.5,2748,620
0.5,2749,613
0.5,2750,601
0.5,2751,592
0.5,2752,602
0.5,2753,593
0.5,2754,584
0.5,2755,595
0.5,2756,586
0.5,2757,565
0.5,2758,574
0.5,2759,550
0.5,2760,566
0.5,2761,569
0.5,2762,570
0.5,2763,580
0.5,2764,567
0.5,2765,560
0.5,2766,569
0.5,2767,564
0.5,2768,557
0.5,2769,564
0.5,2770,562
0.5,2771,579
0.5,2772,579
0.5,2773,567
0.5,2774,591
0.5,2775,575
0.5,2776,598
0.5,2777,602
0.5,2778,585
0.5,2779,615
0.5,2780,588
0.5,2781,585
0.5,2782,581
0.5,2783,592
0.5,2784,594
0.5,2785,597
0.5,2786,583
0.5,2787,588
0.5,2788,582
0.5,2789,568
0.5,2790,575
0.5,2791,559
0.5,2792,562
0.5,2793,546
0.5,2794,559
0.5,2795,538
0.5,2796,536
0.5,2797,538
0.5,2798,556
0.5,2799,544
0.5,2800,574
0.5,2801,542
0.5,2802,556
0.5,2803,563
0.5,2804,580
0.5,2805,587
0.5,2806,593
0.5,2807,590
0.5,2808,578
0.5,2809,578
0.5,2810,558
0.5,2811,562
0.5,2812,551
0.5,2813,564
0.5,2814,561
0.5,2815,558
0.5,2816,550
0.5,2817,545
0.5,2818,553
0.5,2819,573
0.5,2820,560
0.5,2821,573
0.5,2822,568
0.5,2823,563
0.5,2824,550
0.5,2825,550
0.5,2826,555
0.5,2827,548
0.5,2828,562
0.5,2829,548
0.5,2830,566
0.5,2831,566
0.5,2832,543
0.5,2833,537
0.5,2834,536
0.5,2835,539
0.5,2836,545
0.5,2837,559
0.5,2838,559
0.5,2839,552
0.5,2840,553
0.5,2841,550
0.5,2842,549
0.5,2843,559
0.5,2844,563
0.5,2845,553
0.5,2846,575
0.5,2847,577
0.5,2848,573
0.5,2849,571
0.5,2850,567
0.5,2851,542
0.5,2852,570
0.5,2853,565
0.5,2854,586
0.5,2855,576
0.5,2856,574
0.5,2857,569
0.5,2858,578
0.5,2859,581
0.5,2860,578
0.5,2861,580
0.5,2862,576
0.5,2863,569
0.5,2864,576
0.5,2865,551
0.5,2866,553
0.5,2867,545
0.5,2868,557
0.5,2869,545
0.5,2870,560
0.5,2871,569
0.5,2872,561
0.5,2873,555
0.5,2874,574
0.5,2875,569
0.5,2876,582
0.5,2877,561
0.5,2878,570
0.5,2879,567
0.5,2880,572
0.5,2881,567
0.5,2882,553
0.5,2883,568
0.5,2884,564
0.5,2885,586
0.5,2886,562
0.5,2887,582
0.5,2888,585
0.5,2889,594
0.5,2890,593
0.5,2891,591
0.5,2892,621
0.5,2893,609
0.5,2894,619
0.5,2895,635
0.5,2896,600
0.5,2897,590
0.5,2898,593
0.5,2899,582
0.5,2900,587
0.5,2901,589
0.5,2902,611
0.5,2903,580
0.5,2904,590
0.5,2905,573
0.5,2906,581
0.5,2907,579
0.5,2908,572
0.5,2909,598
0.5,2910,581
0.5,2911,601
0.5,2912,578
0.5,2913,595
0.5,2914,587
0.5,2915,611
0.5,2916,608
0.5,2917,608
0.5,2918,618
0.5,2919,611
0.5,2920,610
0.5,2921,619
0.5,2922,625
0.5,2923,624
0.5,2924,644
0.5,2925,621
0.5,2926,615
0.5,2927,614
0.5,2928,607
0.5,2929,583
0.5,2930,597
0.5,2931,576
0.5,2932,586
0.5,2933,555
0.5,2934,573
0.5,2935,550
0.5,2936,542
0.5,2937,532
0.5,2938,542
0.5,2939,542
0.5,2940,546
0.5,2941,548
0.5,2942,555
0.5,2943,559
0.5,2944,570
0.5,2945,567
0.5,2946,550
0.5,2947,540
0.5,2948,542
0.5,2949,552
0.5,2950,552
0.5,2951,544
0.5,2952,545
0.5,2953,550
0.5,2954,552
0.5,2955,551
0.5,2956,576
0.5,2957,566
0.5,2958,607
0.5,2959,575
0.5,2960,593
0.5,2961,585
0.5,2962,613
0.5,2963,612
0.5,2964,612
0.5,2965,611
0.5,2966,623
0.5,2967,598
0.5,2968,599
0.5,2969,607
0.5,2970,615
0.5,2971,599
0.5,2972,606
0.5,2973,613
0.5,2974,621
0.5,2975,623
0.5,2976,581
0.5,2977,574
0.5,2978,571
0.5,2979,574
0.5,2980,578
0.5,2981,593
0.5,2982,582
0.5,2983,582
0.5,2984,590
0.5,2985,595
0.5,2986,611
0.5,2987,583
0.5,2988,599
0.5,2989,583
0.5,2990,611
0.5,2991,592
0.5,2992,602
0.5,2993,610
0.5,2994,619
0.5,2995,614
0.5,2996,635
0.5,2997,644
0.5,2998,648
0.5,2999,661
0.5,3000,658
0.5,3001,664
0.5,3002,637
0.5,3003,614
0.5,3004,605
0.5,3005,620
0.5,3006,632
0.5,3007,642
0.5,3008,636
0.5,3009,645
0.5,3010,654
0.5,3011,636
0.5,3012,666
0.5,3013,664
0.5,3014,681
0.5,3015,666
0.5,3016,700
0.5,3017,666
0.5,3018,703
0.5,3019,674
0.5,3020,711
0.5,3021,664
0.5,3022,672
0.5,3023,651
0.5,3024,676
0.5,3025,657
0.5,3026,692
0.5,3027,655
0.5,3028,706
0.5,3029,684
0.5,3030,688
0.5,3031,697
0.5,3032,697
0.5,3033,653
0.5,3034,660
0.5,3035,678
0.5,3036,642
0.5,3037,660
0.5,3038,672
0.5,3039,646
0.5,3040,673
0.5,3041,667
0.5,3042,680
0.5,3043,698
0.5,3044,694
0.5,3045,663
0.5,3046,674
0.5,3047,664
0.5,3048,673
0.5,3049,712
0.5,3050,675
0.5,3051,705
0.5,3052,704
0.5,3053,690
0.5,3054,685
0.5,3055,689
0.5,3056,716
0.5,3057,670
0.5,3058,682
0.5,3059,655
0.5,3060,682
0.5,3061,648
0.5,3062,670
0.5,3063,658
0.5,3064,676
0.5,3065,666
0.5,3066,653
0.5,3067,646
0.5,3068,618
0.5,3069,622
0.5,3070,628
0.5,3071,633
0.5,3072,635
0.5,3073,647
0.5,3074,638
0.5,3075,620
0.5,3076,640
0.5,3077,613
0.5,3078,621
0.5,3079,605
0.5,3080,610
0.5,3081,609
0.5,3082,607
0.5,3083,607
0.5,3084,605
0.5,3085,601
0.5,3086,609
0.5,3087,616
0.5,3088,615
0.5,3089,597
0.5,3090,609
0.5,3091,587
0.5,3092,610
0.5,3093,573
0.5,3094,595
0.5,3095,583
0.5,3096,575
0.5,3097,592
0.5,3098,580
0.5,3099,575
0.5,3100,588
0.5,3101,589
0.5,3102,596
0.5,3103,585
0.5,3104,613
0.5,3105,622
0.5,3106,646
0.5,3107,636
0.5,3108,661
0.5,3109,611
0.5,3110,623
0.5,3111,632
0.5,3112,629
0.5,3113,643
0.5,3114,627
0.5,3115,634
0.5,3116,616
0.5,3117,620
0.5,3118,611
0.5,3119,621
0.5,3120,602
0.5,3121,597
0.5,3122,600
0.5,3123,615
0.5,3124,611
0.5,3125,615
0.5,3126,611
0.5,3127,642
0.5,3128,631
0.5,3129,649
0.5,3130,671
0.5,3131,656
0.5,3132,663
0.5,3133,632
0.5,3134,651
0.5,3135,617
0.5,3136,623
0.5,3137,621
0.5,3138,628
0.5,3139,637
0.5,3140,641
0.5,3141,632
0.5,3142,659
0.5,3143,631
0.5,3144,656
0.5,3145,643
0.5,3146,639
0.5,3147,625
0.5,3148,656
0.5,3149,626
0.5,3150,627
0.5,3151,622
0.5,3152,600
0.5,3153,597
0.5,3154,610
0.5,3155,612
0.5,3156,592
0.5,3157,603
0.5,3158,593
0.5,3159,589
0.5,3160,605
0.5,3161,583
0.5,3162,563
0.5,3163,576
0.5,3164,562
0.5,3165,577
0.5,3166,560
0.5,3167,565
0.5,3168,556
0.5,3169,554
0.5,3170,557
0.5,3171,552
0.5,3172,580
0.5,3173,557
0.5,3174,563
0.5,3175,558
0.5,3176,549
0.5,3177,539
0.5,3178,544
0.5,3179,548
0.5,3180,558
0.5,3181,565
0.5,3182,557
0.5,3183,547
0.5,3184,539
0.5,3185,517
0.5,3186,533
0.5,3187,524
0.5,3188,528
0.5,3189,528
0.5,3190,522
0.5,3191,510
0.5,3192,503
0.5,3193,509
0.5,3194,484
0.5,3195,480
0.5,3196,475
0.5,3197,464
0.5,3198,463
0.5,3199,451
0.5,3200,454
0.5,3201,457
0.5,3202,443
0.5,3203,438
0.5,3204,439
0.5,3205,431
0.5,3206,444
0.5,3207,425
0.5,3208,428
0.5,3209,423
0.5,3210,429
0.5,3211,425
0.5,3212,426
0.5,3213,430
0.5,3214,431
0.5,3215,423
0.5,3216,425
0.5,3217,425
0.5,3218,429
0.5,3219,434
0.5,3220,432
0.5,3221,439
0.5,3222,442
0.5,3223,444
0.5,3224,446
0.5,3225,448
0.5,3226,454
0.5,3227,451
0.5,3228,458
0.5,3229,460
0.5,3230,467
0.5,3231,473
0.5,3232,476
0.5,3233,463
0.5,3234,465
0.5,3235,465
0.5,3236,460
0.5,3237,454
0.5,3238,449
0.5,3239,450
0.5,3240,450
0.5,3241,440
0.5,3242,448
0.5,3243,438
0.5,3244,435
0.5,3245,438
0.5,3246,434
0.5,3247,438
0.5,3248,433
0.5,3249,430
0.5,3250,438
0.5,3251,432
0.5,3252,437
0.5,3253,443
0.5,3254,436
0.5,3255,447
0.5,3256,442
0.5,3257,453
0.5,3258,452
0.5,3259,464
0.5,3260,445
0.5,3261,450
0.5,3262,443
0.5,3263,436
0.5,3264,438
0.5,3265,433
0.5,3266,436
0.5,3267,434
0.5,3268,436
0.5,3269,443
0.5,3270,439
0.5,3271,447
0.5,3272,445
0.5,3273,445
0.5,3274,454
0.5,3275,451
0.5,3276,451
0.5,3277,455
0.5,3278,452
0.5,3279,458
0.5,3280,461
0.5,3281,453
0.5,3282,442
0.5,3283,448
0.5,3284,454
0.5,3285,445
0.5,3286,441
0.5,3287,448
0.5,3288,447
0.5,3289,454
0.5,3290,443
0.5,3291,454
0.5,3292,440
0.5,3293,437
0.5,3294,449
0.5,3295,440
0.5,3296,444
0.5,3297,441
0.5,3298,449
0.5,3299,434
0.5,3300,437
0.5,3301,439
0.5,3302,445
0.5,3303,450
0.5,3304,441
0.5,3305,449
0.5,3306,446
0.5,3307,456
0.5,3308,449
0.5,3309,467
0.5,3310,456
0.5,3311,459
0.5,3312,442
0.5,3313,444
0.5,3314,440
0.5,3315,443
0.5,3316,444
0.5,3317,443
0.5,3318,459
0.5,3319,446
0.5,3320,449
0.5,3321,447
0.5,3322,454
0.5,3323,451
0.5,3324,461
0.5,3325,460
0.5,3326,469
0.5,3327,470
0.5,3328,480
0.5,3329,477
0.5,3330,474
0.5,3331,493
0.5,3332,478
0.5,3333,480
0.5,3334,494
0.5,3335,482
0.5,3336,493
0.5,3337,487
0.5,3338,513
0.5,3339,499
0.5,3340,501
0.5,3341,505
0.5,3342,500
0.5,3343,485
0.5,3344,490
0.5,3345,477
0.5,3346,482
0.5,3347,479
0.5,3348,478
0.5,3349,480
0.5,3350,484
0.5,3351,482
0.5,3352,489
0.5,3353,491
0.5,3354,497
0.5,3355,499
0.5,3356,513
0.5,3357,501
0.5,3358,514
0.5,3359,524
0.5,3360,525
0.5,3361,539
0.5,3362,541
0.5,3363,552
0.5,3364,546
0.5,3365,533
0.5,3366,531
0.5,3367,524
0.5,3368,522
0.5,3369,518
0.5,3370,527
0.5,3371,512
0.5,3372,515
0.5,3373,505
0.5,3374,502
0.5,3375,498
0.5,3376,492
0.5,3377,490
0.5,3378,490
0.5,3379,500
0.5,3380,479
0.5,3381,471
0.5,3382,473
0.5,3383,471
0.5,3384,484
0.5,3385,488
0.5,3386,498
0.5,3387,492
0.5,3388,496
0.5,3389,499
0.5,3390,504
0.5,3391,506
0.5,3392,509
0.5,3393,498
0.5,3394,493
0.5,3395,505
0.5,3396,499
0.5,3397,493
0.5,3398,494
0.5,3399,496
0.5,3400,506
0.5,3401,504
0.5,3402,526
0.5,3403,517
0.5,3404,553
0.5,3405,537
0.5,3406,576
0.5,3407,541
0.5,3408,567
0.5,3409,559
0.5,3410,568
0.5,3411,565
0.5,3412,571
0.5,3413,575
0.5,3414,566
0.5,3415,540
0.5,3416,552
0.5,3417,534
0.5,3418,535
0.5,3419,524
0.5,3420,527
0.5,3421,515
0.5,3422,506
0.5,3423,501
0.5,3424,504
0.5,3425,493
0.5,3426,503
0.5,3427,505
0.5,3428,505
0.5,3429,522
0.5,3430,512
0.5,3431,519
0.5,3432,525
0.5,3433,536
0.5,3434,517
0.5,3435,518
0.5,3436,510
0.5,3437,510
0.5,3438,511
0.5,3439,512
0.5,3440,521
0.5,3441,527
0.5,3442,500
0.5,3443,494
0.5,3444,487
0.5,3445,489
0.5,3446,498
0.5,3447,505
0.5,3448,513
0.5,3449,522
0.5,3450,514
0.5,3451,506
0.5,3452,494
0.5,3453,501
0.5,3454,499
0.5,3455,489
0.5,3456,485
0.5,3457,480
0.5,3458,474
0.5,3459,474
0.5,3460,479
0.5,3461,488
0.5,3462,476
0.5,3463,449
0.5,3464,455
0.5,3465,438
0.5,3466,438
0.5,3467,437
0.5,3468,445
0.5,3469,434
0.5,3470,437
0.5,3471,432
0.5,3472,434
0.5,3473,439
0.5,3474,441
0.5,3475,455
0.5,3476,438
0.5,3477,433
0.5,3478,429
0.5,3479,431
0.5,3480,430
0.5,3481,434
0.5,3482,435
0.5,3483,444
0.5,3484,436
0.5,3485,432
0.5,3486,443
0.5,3487,439
0.5,3488,440
0.5,3489,439
0.5,3490,444
0.5,3491,449
0.5,3492,447
0.5,3493,462
0.5,3494,459
0.5,3495,471
0.5,3496,459
0.5,3497,466
0.5,3498,469
0.5,3499,474
0.5,3500,473
0.5,3501,481
0.5,3502,477
0.5,3503,469
0.5,3504,476
0.5,3505,460
0.5,3506,478
0.5,3507,460
0.5,3508,469
0.5,3509,465
0.5,3510,463
0.5,3511,462
0.5,3512,466
0.5,3513,461
0.5,3514,481
0.5,3515,461
0.5,3516,480
0.5,3517,473
0.5,3518,495
0.5,3519,474
0.5,3520,475
0.5,3521,475
0.5,3522,473
0.5,3523,483
0.5,3524,484
0.5,3525,477
0.5,3526,495
0.5,3527,470
0.5,3528,475
0.5,3529,476
0.5,3530,482
0.5,3531,473
0.5,3532,482
0.5,3533,481
0.5,3534,487
0.5,3535,509
0.5,3536,482
0.5,3537,490
0.5,3538,474
0.5,3539,491
0.5,3540,469
0.5,3541,473
0.5,3542,473
0.5,3543,458
0.5,3544,457
0.5,3545,455
0.5,3546,457
0.5,3547,454
0.5,3548,456
0.5,3549,456
0.5,3550,452
0.5,3551,450
0.5,3552,453
0.5,3553,463
0.5,3554,461
0.5,3555,470
0.5,3556,471
0.5,3557,468
0.5,3558,477
0.5,3559,465
0.5,3560,479
0.5,3561,461
0.5,3562,477
0.5,3563,456
0.5,3564,470
0.5,3565,451
0.5,3566,447
0.5,3567,439
0.5,3568,447
0.5,3569,441
0.5,3570,439
0.5,3571,432
0.5,3572,436
0.5,3573,434
0.5,3574,441
0.5,3575,434
0.5,3576,434
0.5,3577,427
0.5,3578,429
0.5,3579,426
0.5,3580,431
0.5,3581,424
0.5,3582,424
0.5,3583,419
0.5,3584,419
0.5,3585,417
0.5,3586,419
0.6,0,9802
0.6,1,2440
0.6,2,2148
0.6,3,2115
0.6,4,2020
0.6,5,2005
0.6,6,2006
0.6,7,1974
0.6,8,1977
0.6,9,2025
0.6,10,2036
0.6,11,2091
0.6,12,1983
0.6,13,1921
0.6,14,1927
0.6,15,1905
0.6,16,1859
0.6,17,1868
0.6,18,1870
0.6,19,1888
0.6,20,1883
0.6,21,1819
0.6,22,1839
0.6,23,1710
0.6,24,1795
0.6,25,1736
0.6,26,1826
0.6,27,1752
0.6,28,1746
0.6,29,1710
0.6,30,1710
0.6,31,1725
0.6,32,1704
0.6,33,1740
0.6,34,1762
0.6,35,1707
0.6,36,1663
0.6,37,1666
0.6,38,1663
0.6,39,1685
0.6,40,1655
0.6,41,1685
0.6,42,1700
0.6,43,1704
0.6,44,1668
0.6,45,1645
0.6,46,1571
0.6,47,1534
0.6,48,1524
0.6,49,1558
0.6,50,1547
0.6,51,1517
0.6,52,1508
0.6,53,1483
0.6,54,1520
0.6,55,1478
0.6,56,1500
0.6,57,1519
0.6,58,1500
0.6,59,1509
0.6,60,1511
0.6,61,1491
0.6,62,1466
0.6,63,1520
0.6,64,1476
0.6,65,1503
0.6,66,1519
0.6,67,1544
0.6,68,1499
0.6,69,1518
0.6,70,1458
0.6,71,1433
0.6,72,1460
0.6,73,1446
0.6,74,1505
0.6,75,1495
0.6,76,1540
0.6,77,1527
0.6,78,1563
0.6,79,1533
0.6,80,1546
0.6,81,1562
0.6,82,1599
0.6,83,1610
0.6,84,1616
0.6,85,1586
0.6,86,1585
0.6,87,1582
0.6,88,1596
0.6,89,1613
0.6,90,1550
0.6,91,1535
0.6,92,1547
0.6,93,1495
0.6,94,1516
0.6,95,1471
0.6,96,1462
0.6,97,1486
0.6,98,1405
0.6,99,1406
0.6,100,1432
0.6,101,1380
0.6,102,1428
0.6,103,1409
0.6,104,1467
0.6,105,1469
0.6,106,1468
0.6,107,1505
0.6,108,1490
0.6,109,1537
0.6,110,1484
0.6,111,1547
0.6,112,1438
0.6,113,1539
0.6,114,1464
0.6,115,1481
0.6,116,1389
0.6,117,1480
0.6,118,1494
0.6,119,1512
0.6,120,1493
0.6,121,1449
0.6,122,1521
0.6,123,1490
0.6,124,1450
0.6,125,1534
0.6,126,1474
0.6,127,1479
0.6,128,1497
0.6,129,1441
0.6,130,1476
0.6,131,1479
0.6,132,1541
0.6,133,1438
0.6,134,1500
0.6,135,1464
0.6,136,1523
0.6,137,1454
0.6,138,1460
0.6,139,1487
0.6,140,1457
0.6,141,1432
0.6,142,1371
0.6,143,1357
0.6,144,1386
0.6,145,1421
0.6,146,1418
0.6,147,1431
0.6,148,1394
0.6,149,1386
0.6,150,1455
0.6,151,1365
0.6,152,1434
0.6,153,1388
0.6,154,1378
0.6,155,1372
0.6,156,1454
0.6,157,1391
0.6,158,1449
0.6,159,1461
0.6,160,1465
0.6,161,1446
0.6,162,1491
0.6,163,1398
0.6,164,1373
0.6,165,1386
0.6,166,1413
0.6,167,1370
0.6,168,1429
0.6,169,1373
0.6,170,1432
0.6,171,1367
0.6,172,1397
0.6,173,1347
0.6,174,1417
0.6,175,1354
0.6,176,1358
0.6,177,1360
0.6,178,1339
0.6,179,1301
0.6,180,1318
0.6,181,1309
0.6,182,1305
0.6,183,1251
0.6,184,1245
0.6,185,1291
0.6,186,1265
0.6,187,1280
0.6,188,1264
0.6,189,1213
0.6,190,1265
0.6,191,1227
0.6,192,1265
0.6,193,1258
0.6,194,1275
0.6,195,1282
0.6,196,1344
0.6,197,1327
0.6,198,1340
0.6,199,1307
0.6,200,1337
0.6,201,1347
0.6,202,1319
0.6,203,1288
0.6,204,1316
0.6,205,1326
0.6,206,1350
0.6,207,1348
0.6,208,1316
0.6,209,1339
0.6,210,1318
0.6,211,1325
0.6,212,1343
0.6,213,1342
0.6,214,1320
0.6,215,1351
0.6,216,1253
0.6,217,1239
0.6,218,1255
0.6,219,1309
0.6,220,1253
0.6,221,1320
0.6,222,1310
0.6,223,1319
0.6,224,1282
0.6,225,1330
0.6,226,1319
0.6,227,1319
0.6,228,1306
0.6,229,1318
0.6,230,1341
0.6,231,1321
0.6,232,1376
0.6,233,1333
0.6,234,1311
0.6,235,1372
0.6,236,1359
0.6,237,1371
0.6,238,1374
0.6,239,1317
0.6,240,1324
0.6,241,1291
0.6,242,1270
0.6,243,1243
0.6,244,1295
0.6,245,1261
0.6,246,1291
0.6,247,1235
0.6,248,1205
0.6,249,1238
0.6,250,1229
0.6,251,1285
0.6,252,1229
0.6,253,1251
0.6,254,1203
0.6,255,1233
0.6,256,1235
0.6,257,1263
0.6,258,1234
0.6,259,1175
0.6,260,1217
0.6,261,1175
0.6,262,1188
0.6,263,1178
0.6,264,1168
0.6,265,1169
0.6,266,1147
0.6,267,1202
0.6,268,1158
0.6,269,1135
0.6,270,1172
0.6,271,1183
0.6,272,1181
0.6,273,1169
0.6,274,1175
0.6,275,1179
0.6,276,1182
0.6,277,1173
0.6,278,1170
0.6,279,1142
0.6,280,1146
0.6,281,1149
0.6,282,1097
0.6,283,1115
0.6,284,1085
0.6,285,1092
0.6,286,1081
0.6,287,1066
0.6,288,1124
0.6,289,1105
0.6,290,1119
0.6,291,1140
0.6,292,1137
0.6,293,1200
0.6,294,1180
0.6,295,1229
0.6,296,1248
0.6,297,1241
0.6,298,1227
0.6,299,1234
0.6,300,1180
0.6,301,1154
0.6,302,1165
0.6,303,1151
0.6,304,1154
0.6,305,1139
0.6,306,1146
0.6,307,1217
0.6,308,1162
0.6,309,1149
0.6,310,1122
0.6,311,1096
0.6,312,1066
0.6,313,1107
0.6,314,1111
0.6,315,1145
0.6,316,1053
0.6,317,1090
0.6,318,1091
0.6,319,1064
0.6,320,1017
0.6,321,1083
0.6,322,1029
0.6,323,1081
0.6,324,1100
0.6,325,1078
0.6,326,1089
0.6,327,1111
0.6,328,1122
0.6,329,1112
0.6,330,1146
0.6,331,1093
0.6,332,1112
0.6,333,1049
0.6,334,1052
0.6,335,1045
0.6,336,1085
0.6,337,1033
0.6,338,1035
0.6,339,1004
0.6,340,981
0.6,341,990
0.6,342,968
0.6,343,974
0.6,344,958
0.6,345,994
0.6,346,979
0.6,347,941
0.6,348,938
0.6,349,963
0.6,350,962
0.6,351,982
0.6,352,943
0.6,353,947
0.6,354,956
0.6,355,954
0.6,356,955
0.6,357,964
0.6,358,958
0.6,359,971
0.6,360,969
0.6,361,972
0.6,362,1004
0.6,363,998
0.6,364,987
0.6,365,1008
0.6,366,961
0.6,367,992
0.6,368,981
0.6,369,1022
0.6,370,1017
0.6,371,1059
0.6,372,995
0.6,373,1028
0.6,374,961
0.6,375,982
0.6,376,959
0.6,377,1007
0.6,378,955
0.6,379,965
0.6,380,941
0.6,381,980
0.6,382,972
0.6,383,1028
0.6,384,998
0.6,385,1055
0.6,386,1025
0.6,387,1013
0.6,388,1042
0.6,389,1047
0.6,390,1031
0.6,391,1064
0.6,392,1045
0.6,393,1057
0.6,394,1055
0.6,395,1084
0.6,396,1062
0.6,397,1096
0.6,398,1072
0.6,399,1084
0.6,400,1043
0.6,401,1077
0.6,402,1038
0.6,403,1052
0.6,404,1028
0.6,405,1042
0.6,406,1004
0.6,407,1030
0.6,408,1017
0.6,409,1010
0.6,410,1004
0.6,411,1023
0.6,412,1058
0.6,413,1040
0.6,414,1036
0.6,415,998
0.6,416,1024
0.6,417,1049
0.6,418,1041
0.6,419,1045
0.6,420,1013
0.6,421,1052
0.6,422,1049
0.6,423,1047
0.6,424,1014
0.6,425,1035
0.6,426,1039
0.6,427,1027
0.6,428,1018
0.6,429,1038
0.6,430,977
0.6,431,1015
0.6,432,993
0.6,433,1044
0.6,434,1001
0.6,435,1030
0.6,436,1034
0.6,437,1023
0.6,438,1056
0.6,439,1041
0.6,440,1032
0.6,441,1008
0.6,442,1011
0.6,443,1064
0.6,444,1053
0.6,445,1065
0.6,446,1083
0.6,447,1061
0.6,448,1025
0.6,449,1013
0.6,450,1028
0.6,451,1025
0.6,452,1010
0.6,453,1014
0.6,454,1030
0.6,455,1033
0.6,456,1072
0.6,457,1072
0.6,458,1069
0.6,459,1056
0.6,460,1111
0.6,461,1102
0.6,462,1090
0.6,463,1063
0.6,464,1067
0.6,465,1058
0.6,466,1066
0.6,467,1011
0.6,468,1051
0.6,469,1032
0.6,470,1068
0.6,471,1037
0.6,472,1082
0.6,473,1095
0.6,474,1120
0.6,475,1066
0.6,476,1086
0.6,477,1033
0.6,478,1039
0.6,479,1029
0.6,480,1013
0.6,481,994
0.6,482,1012
0.6,483,972
0.6,484,1007
0.6,485,984
0.6,486,943
0.6,487,947
0.6,488,966
0.6,489,956
0.6,490,947
0.6,491,952
0.6,492,953
0.6,493,953
0.6,494,937
0.6,495,946
0.6,496,932
0.6,497,908
0.6,498,926
0.6,499,895
0.6,500,926
0.6,501,891
0.6,502,919
0.6,503,903
0.6,504,890
0.6,505,888
0.6,506,888
0.6,507,894
0.6,508,916
0.6,509,916
0.6,510,891
0.6,511,881
0.6,512,888
0.6,513,900
0.6,514,899
0.6,515,888
0.6,516,861
0.6,517,873
0.6,518,839
0.6,519,852
0.6,520,841
0.6,521,851
0.6,522,878
0.6,523,876
0.6,524,850
0.6,525,847
0.6,526,850
0.6,527,860
0.6,528,877
0.6,529,872
0.6,530,908
0.6,531,892
0.6,532,900
0.6,533,889
0.6,534,888
0.6,535,901
0.6,536,871
0.6,537,856
0.6,538,843
0.6,539,831
0.6,540,840
0.6,541,811
0.6,542,819
0.6,543,788
0.6,544,803
0.6,545,805
0.6,546,806
0.6,547,776
0.6,548,785
0.6,549,794
0.6,550,789
0.6,551,805
0.6,552,778
0.6,553,780
0.6,554,757
0.6,555,736
0.6,556,726
0.6,557,723
0.6,558,697
0.6,559,714
0.6,560,729
0.6,561,736
0.6,562,747
0.6,563,764
0.6,564,752
0.6,565,783
0.6,566,811
0.6,567,829
0.6,568,802
0.6,569,805
0.6,570,782
0.6,571,767
0.6,572,791
0.6,573,789
0.6,574,791
0.6,575,809
0.6,576,803
0.6,577,772
0.6,578,794
0.6,579,790
0.6,580,775
0.6,581,741
0.6,582,752
0.6,583,725
0.6,584,734
0.6,585,707
0.6,586,729
0.6,587,724
0.6,588,686
0.6,589,706
0.6,590,707
0.6,591,692
0.6,592,674
0.6,593,675
0.6,594,688
0.6,595,688
0.6,596,686
0.6,597,673
0.6,598,656
0.6,599,686
0.6,600,689
0.6,601,698
0.6,602,704
0.6,603,690
0.6,604,694
0.6,605,698
0.6,606,689
0.6,607,693
0.6,608,705
0.6,609,688
0.6,610,684
0.6,611,660
0.6,612,663
0.6,613,657
0.6,614,677
0.6,615,661
0.6,616,654
0.6,617,675
0.6,618,677
0.6,619,695
0.6,620,684
0.6,621,673
0.6,622,688
0.6,623,679
0.6,624,685
0.6,625,689
0.6,626,682
0.6,627,678
0.6,628,666
0.6,629,646
0.6,630,658
0.6,631,663
0.6,632,654
0.6,633,655
0.6,634,658
0.6,635,671
0.6,636,684
0.6,637,661
0.6,638,679
0.6,639,669
0.6,640,663
0.6,641,669
0.6,642,685
0.6,643,671
0.6,644,669
0.6,645,673
0.6,646,658
0.6,647,695
0.6,648,679
0.6,649,666
0.6,650,662
0.6,651,668
0.6,652,678
0.6,653,690
0.6,654,702
0.6,655,695
0.6,656,692
0.6,657,696
0.6,658,676
0.6,659,680
0.6,660,678
0.6,661,678
0.6,662,701
0.6,663,692
0.6,664,723
0.6,665,699
0.6,666,714
0.6,667,721
0.6,668,728
0.6,669,708
0.6,670,699
0.6,671,688
0.6,672,682
0.6,673,682
0.6,674,668
0.6,675,684
0.6,676,674
0.6,677,693
0.6,678,676
0.6,679,682
0.6,680,675
0.6,681,641
0.6,682,638
0.6,683,643
0.6,684,638
0.6,685,648
0.6,686,630
0.6,687,638
0.6,688,620
0.6,689,624
0.6,690,623
0.6,691,620
0.6,692,622
0.6,693,622
0.6,694,623
0.6,695,593
0.6,696,576
0.6,697,590
0.6,698,586
0.6,699,581
0.6,700,580
0.6,701,594
0.6,702,597
0.6,703,595
0.6,704,603
0.6,705,596
0.6,706,599
0.6,707,594
0.6,708,594
0.6,709,603
0.6,710,606
0.6,711,612
0.6,712,598
0.6,713,597
0.6,714,611
0.6,715,618
0.6,716,602
0.6,717,597
0.6,718,589
0.6,719,597
0.6,720,588
0.6,721,594
0.6,722,588
0.6,723,586
0.6,724,581
0.6,725,590
0.6,726,593
0.6,727,604
0.6,728,591
0.6,729,592
0.6,730,606
0.6,731,596
0.6,732,616
0.6,733,615
0.6,734,622
0.6,735,612
0.6,736,620
0.6,737,626
0.6,738,625
0.6,739,596
0.6,740,605
0.6,741,595
0.6,742,598
0.6,743,599
0.6,744,585
0.6,745,573
0.6,746,592
0.6,747,581
0.6,748,600
0.6,749,593
0.6,750,589
0.6,751,594
0.6,752,599
0.6,753,601
0.6,754,590
0.6,755,593
0.6,756,603
0.6,757,620
0.6,758,612
0.6,759,588
0.6,760,582
0.6,761,574
0.6,762,589
0.6,763,598
0.6,764,594
0.6,765,597
0.6,766,599
0.6,767,597
0.6,768,600
0.6,769,615
0.6,770,607
0.6,771,613
0.6,772,610
0.6,773,609
0.6,774,622
0.6,775,612
0.6,776,600
0.6,777,620
0.6,778,595
0.6,779,629
0.6,780,592
0.6,781,598
0.6,782,600
0.6,783,619
0.6,784,613
0.6,785,637
0.6,786,625
0.6,787,628
0.6,788,643
0.6,789,648
0.6,790,647
0.6,791,644
0.6,792,631
0.6,793,648
0.6,794,641
0.6,795,651
0.6,796,654
0.6,797,654
0.6,798,625
0.6,799,620
0.6,800,616
0.6,801,645
0.6,802,621
0.6,803,645
0.6,804,646
0.6,805,653
0.6,806,658
0.6,807,677
0.6,808,674
0.6,809,655
0.6,810,678
0.6,811,632
0.6,812,653
0.6,813,630
0.6,814,619
0.6,815,610
0.6,816,622
0.6,817,609
0.6,818,625
0.6,819,604
0.6,820,601
0.6,821,600
0.6,822,611
0.6,823,590
0.6,824,599
0.6,825,604
0.6,826,603
0.6,827,609
0.6,828,620
0.6,829,640
0.6,830,622
0.6,831,622
0.6,832,601
0.6,833,609
0.6,834,612
0.6,835,621
0.6,836,628
0.6,837,637
0.6,838,640
0.6,839,633
0.6,840,624
0.6,841,631
0.6,842,635
0.6,843,624
0.6,844,609
0.6,845,605
0.6,846,619
0.6,847,611
0.6,848,631
0.6,849,623
0.6,850,625
0.6,851,660
0.6,852,628
0.6,853,656
0.6,854,620
0.6,855,638
0.6,856,637
0.6,857,664
0.6,858,655
0.6,859,688
0.6,860,658
0.6,861,654
0.6,862,672
0.6,863,667
0.6,864,695
0.6,865,670
0.6,866,696
0.6,867,678
0.6,868,688
0.6,869,669
0.6,870,669
0.6,871,670
0.6,872,646
0.6,873,656
0.6,874,635
0.6,875,648
0.6,876,653
0.6,877,662
0.6,878,655
0.6,879,666
0.6,880,668
0.6,881,670
0.6,882,676
0.6,883,657
0.6,884,636
0.6,885,617
0.6,886,615
0.6,887,628
0.6,888,623
0.6,889,629
0.6,890,607
0.6,891,618
0.6,892,610
0.6,893,622
0.6,894,624
0.6,895,641
0.6,896,627
0.6,897,636
0.6,898,629
0.6,899,624
0.6,900,613
0.6,901,602
0.6,902,616
0.6,903,601
0.6,904,600
0.6,905,603
0.6,906,595
0.6,907,585
0.6,908,564
0.6,909,566
0.6,910,565
0.6,911,571
0.6,912,590
0.6,913,580
0.6,914,590
0.6,915,575
0.6,916,574
0.6,917,554
0.6,918,559
0.6,919,535
0.6,920,540
0.6,921,536
0.6,922,540
0.6,923,548
0.6,924,540
0.6,925,536
0.6,926,543
0.6,927,545
0.6,928,554
0.6,929,549
0.6,930,551
0.6,931,557
0.6,932,565
0.6,933,559
0.6,934,560
0.6,935,562
0.6,936,562
0.6,937,561
0.6,938,557
0.6,939,536
0.6,940,537
0.6,941,543
0.6,942,541
0.6,943,536
0.6,944,532
0.6,945,542
0.6,946,541
0.6,947,552
0.6,948,558
0.6,949,570
0.6,950,571
0.6,951,581
0.6,952,569
0.6,953,592
0.6,954,581
0.6,955,592
0.6,956,591
0.6,957,606
0.6,958,613
0.6,959,621
0.6,960,595
0.6,961,617
0.6,962,589
0.6,963,593
0.6,964,591
0.6,965,594
0.6,966,583
0.6,967,574
0.6,968,564
0.6,969,565
0.6,970,568
0.6,971,558
0.6,972,565
0.6,973,563
0.6,974,573
0.6,975,564
0.6,976,592
0.6,977,587
0.6,978,612
0.6,979,603
0.6,980,621
0.6,981,601
0.6,982,608
0.6,983,612
0.6,984,611
0.6,985,598
0.6,986,594
0.6,987,591
0.6,988,588
0.6,989,595
0.6,990,595
0.6,991,598
0.6,992,608
0.6,993,593
0.6,994,595
0.6,995,581
0.6,996,587
0.6,997,580
0.6,998,586
0.6,999,579
0.6,1000,580
0.6,1001,574
0.6,1002,584
0.6,1003,569
0.6,1004,550
0.6,1005,554
0.6,1006,540
0.6,1007,550
0.6,1008,546
0.6,1009,555
0.6,1010,555
0.6,1011,551
0.6,1012,557
0.6,1013,553
0.6,1014,555
0.6,1015,547
0.6,1016,544
0.6,1017,540
0.6,1018,534
0.6,1019,544
0.6,1020,536
0.6,1021,543
0.6,1022,536
0.6,1023,546
0.6,1024,548
0.6,1025,563
0.6,1026,557
0.6,1027,563
0.6,1028,565
0.6,1029,580
0.6,1030,560
0.6,1031,557
0.6,1032,561
0.6,1033,562
0.6,1034,573
0.6,1035,565
0.6,1036,550
0.6,1037,551
0.6,1038,551
0.6,1039,565
0.6,1040,561
0.6,1041,567
0.6,1042,561
0.6,1043,569
0.6,1044,567
0.6,1045,579
0.6,1046,565
0.6,1047,556
0.6,1048,550
0.6,1049,550
0.6,1050,563
0.6,1051,567
0.6,1052,573
0.6,1053,562
0.6,1054,573
0.6,1055,553
0.6,1056,569
0.6,1057,553
0.6,1058,571
0.6,1059,564
0.6,1060,562
0.6,1061,556
0.6,1062,566
0.6,1063,556
0.6,1064,566
0.6,1065,541
0.6,1066,540
0.6,1067,543
0.6,1068,541
0.6,1069,540
0.6,1070,546
0.6,1071,536
0.6,1072,554
0.6,1073,538
0.6,1074,547
0.6,1075,543
0.6,1076,549
0.6,1077,552
0.6,1078,550
0.6,1079,561
0.6,1080,557
0.6,1081,573
0.6,1082,546
0.6,1083,557
0.6,1084,556
0.6,1085,563
0.6,1086,538
0.6,1087,549
0.6,1088,543
0.6,1089,551
0.6,1090,542
0.6,1091,550
0.6,1092,559
0.6,1093,557
0.6,1094,568
0.6,1095,570
0.6,1096,557
0.6,1097,580
0.6,1098,559
0.6,1099,580
0.6,1100,566
0.6,1101,573
0.6,1102,572
0.6,1103,567
0.6,1104,563
0.6,1105,575
0.6,1106,564
0.6,1107,555
0.6,1108,546
0.6,1109,542
0.6,1110,536
0.6,1111,538
0.6,1112,537
0.6,1113,551
0.6,1114,544
0.6,1115,537
0.6,1116,544
0.6,1117,535
0.6,1118,536
0.6,1119,539
0.6,1120,534
0.6,1121,531
0.6,1122,525
0.6,1123,529
0.6,1124,529
0.6,1125,528
0.6,1126,528
0.6,1127,531
0.6,1128,535
0.6,1129,535
0.6,1130,529
0.6,1131,530
0.6,1132,530
0.6,1133,536
0.6,1134,538
0.6,1135,529
0.6,1136,522
0.6,1137,522
0.6,1138,517
0.6,1139,525
0.6,1140,516
0.6,1141,526
0.6,1142,537
0.6,1143,541
0.6,1144,540
0.6,1145,535
0.6,1146,540
0.6,1147,530
0.6,1148,545
0.6,1149,535
0.6,1150,544
0.6,1151,535
0.6,1152,542
0.6,1153,530
0.6,1154,528
0.6,1155,529
0.6,1156,529
0.6,1157,527
0.6,1158,523
0.6,1159,531
0.6,1160,528
0.6,1161,549
0.6,1162,529
0.6,1163,543
0.6,1164,539
0.6,1165,542
0.6,1166,538
0.6,1167,543
0.6,1168,545
0.6,1169,546
0.6,1170,542
0.6,1171,561
0.6,1172,544
0.6,1173,544
0.6,1174,541
0.6,1175,549
0.6,1176,542
0.6,1177,548
0.6,1178,536
0.6,1179,546
0.6,1180,530
0.6,1181,536
0.6,1182,532
0.6,1183,543
0.6,1184,535
0.6,1185,544
0.6,1186,548
0.6,1187,537
0.6,1188,555
0.6,1189,543
0.6,1190,545
0.6,1191,537
0.6,1192,533
0.6,1193,529
0.6,1194,529
0.6,1195,532
0.6,1196,535
0.6,1197,546
0.6,1198,540
0.6,1199,537
0.6,1200,547
0.6,1201,554
0.6,1202,576
0.6,1203,572
0.6,1204,574
0.6,1205,579
0.6,1206,584
0.6,1207,580
0.6,1208,574
0.6,1209,567
0.6,1210,561
0.6,1211,571
0.6,1212,589
0.6,1213,574
0.6,1214,566
0.6,1215,579
0.6,1216,562
0.6,1217,548
0.6,1218,554
0.6,1219,561
0.6,1220,548
0.6,1221,552
0.6,1222,534
0.6,1223,520
0.6,1224,522
0.6,1225,527
0.6,1226,529
0.6,1227,523
0.6,1228,520
0.6,1229,520
0.6,1230,528
0.6,1231,532
0.6,1232,524
0.6,1233,525
0.6,1234,528
0.6,1235,527
0.6,1236,523
0.6,1237,521
0.6,1238,510
0.6,1239,516
0.6,1240,516
0.6,1241,522
0.6,1242,516
0.6,1243,515
0.6,1244,519
0.6,1245,517
0.6,1246,523
0.6,1247,524
0.6,1248,524
0.6,1249,514
0.6,1250,511
0.6,1251,512
0.6,1252,517
0.6,1253,523
0.6,1254,519
0.6,1255,511
0.6,1256,511
0.6,1257,516
0.6,1258,516
0.6,1259,523
0.6,1260,524
0.6,1261,533
0.6,1262,524
0.6,1263,513
0.6,1264,518
0.6,1265,513
0.6,1266,516
0.6,1267,512
0.6,1268,502
0.6,1269,511
0.6,1270,514
0.6,1271,510
0.6,1272,520
0.6,1273,517
0.6,1274,518
0.6,1275,525
0.6,1276,518
0.6,1277,526
0.6,1278,509
0.6,1279,519
0.6,1280,511
0.6,1281,517
0.6,1282,508
0.6,1283,512
0.6,1284,519
0.6,1285,516
0.6,1286,520
0.6,1287,513
0.6,1288,522
0.6,1289,521
0.6,1290,526
0.6,1291,518
0.6,1292,529
0.6,1293,518
0.6,1294,516
0.6,1295,517
0.6,1296,519
0.6,1297,519
0.6,1298,515
0.6,1299,513
0.6,1300,510
0.6,1301,512
0.6,1302,517
0.6,1303,508
0.6,1304,512
0.6,1305,513
0.6,1306,520
0.6,1307,521
0.6,1308,534
0.6,1309,529
0.6,1310,500
0.6,1311,489
0.6,1312,484
0.6,1313,485
0.6,1314,485
0.6,1315,485
0.6,1316,489
0.6,1317,487
0.6,1318,489
0.6,1319,487
0.6,1320,487
0.6,1321,488
0.6,1322,491
0.6,1323,497
0.6,1324,489
0.6,1325,490
0.6,1326,489
0.6,1327,489
0.6,1328,489
0.6,1329,489
0.6,1330,489
0.6,1331,489
0.6,1332,489
0.6,1333,489
0.6,1334,489
0.6,1335,489
0.6,1336,489
0.6,1337,489
0.6,1338,489
0.6,1339,489
0.6,1340,489
0.6,1341,489
0.6,1342,489
0.6,1343,489
0.6,1344,489
0.6,1345,489
0.6,1346,489
0.6,1347,489
0.6,1348,489
0.6,1349,491
0.6,1350,486
0.6,1351,483
0.6,1352,480
0.6,1353,480
0.6,1354,480
0.7,0,11555
0.7,1,768
0.7,2,455
0.7,3,357
0.7,4,340
0.7,5,334
0.7,6,347
0.7,7,351
0.7,8,340
0.7,9,353
0.7,10,345
0.7,11,351
0.7,12,374
0.7,13,350
0.7,14,342
0.7,15,353
0.7,16,386
0.7,17,391
0.7,18,376
0.7,19,394
0.7,20,365
0.7,21,359
0.7,22,346
0.7,23,334
0.7,24,338
0.7,25,344
0.7,26,362
0.7,27,355
0.7,28,352
0.7,29,338
0.7,30,353
0.7,31,338
0.7,32,347
0.7,33,358
0.7,34,347
0.7,35,356
0.7,36,363
0.7,37,363
0.7,38,378
0.7,39,360
0.7,40,402
0.7,41,367
0.7,42,379
0.7,43,359
0.7,44,352
0.7,45,348
0.7,46,341
0.7,47,347
0.7,48,321
0.7,49,337
0.7,50,331
0.7,51,340
0.7,52,339
0.7,53,345
0.7,54,366
0.7,55,354
0.7,56,372
0.7,57,359
0.7,58,386
0.7,59,362
0.7,60,389
0.7,61,377
0.7,62,389
0.7,63,368
0.7,64,370
0.7,65,376
0.7,66,370
0.7,67,376
0.7,68,373
0.7,69,377
0.7,70,377
0.7,71,367
0.7,72,384
0.7,73,373
0.7,74,365
0.7,75,372
0.7,76,368
0.7,77,385
0.7,78,387
0.7,79,397
0.7,80,402
0.7,81,384
0.7,82,397
0.7,83,371
0.7,84,358
0.7,85,353
0.7,86,362
0.7,87,357
0.7,88,381
0.7,89,364
0.7,90,378
0.7,91,380
0.7,92,380
0.7,93,392
0.7,94,389
0.7,95,390
0.7,96,397
0.7,97,382
0.7,98,374
0.7,99,357
0.7,100,367
0.7,101,363
0.7,102,374
0.7,103,372
0.7,104,384
0.7,105,404
0.7,106,400
0.7,107,402
0.7,108,414
0.7,109,435
0.7,110,415
0.7,111,424
0.7,112,440
0.7,113,430
0.7,114,437
0.7,115,411
0.7,116,420
0.7,117,414
0.7,118,401
0.7,119,409
0.7,120,416
0.7,121,405
0.7,122,433
0.7,123,412
0.7,124,432
0.7,125,432
0.7,126,433
0.7,127,461
0.7,128,437
0.7,129,447
0.7,130,435
0.7,131,455
0.7,132,420
0.7,133,438
0.7,134,433
0.7,135,426
0.7,136,417
0.7,137,443
0.7,138,427
0.7,139,433
0.7,140,424
0.7,141,409
0.7,142,420
0.7,143,419
0.7,144,441
0.7,145,428
0.7,146,448
0.7,147,454
0.7,148,463
0.7,149,461
0.7,150,452
0.7,151,452
0.7,152,476
0.7,153,463
0.7,154,462
0.7,155,444
0.7,156,462
0.7,157,465
0.7,158,448
0.7,159,446
0.7,160,471
0.7,161,449
0.7,162,469
0.7,163,458
0.7,164,466
0.7,165,449
0.7,166,461
0.7,167,459
0.7,168,470
0.7,169,458
0.7,170,467
0.7,171,460
0.7,172,472
0.7,173,486
0.7,174,477
0.7,175,478
0.7,176,475
0.7,177,476
0.7,178,487
0.7,179,513
0.7,180,487
0.7,181,495
0.7,182,492
0.7,183,493
0.7,184,489
0.7,185,523
0.7,186,511
0.7,187,526
0.7,188,482
0.7,189,500
0.7,190,491
0.7,191,481
0.7,192,478
0.7,193,481
0.7,194,451
0.7,195,479
0.7,196,472
0.7,197,493
0.7,198,476
0.7,199,473
0.7,200,480
0.7,201,443
0.7,202,468
0.7,203,451
0.7,204,470
0.7,205,438
0.7,206,426
0.7,207,420
0.7,208,423
0.7,209,415
0.7,210,445
0.7,211,420
0.7,212,428
0.7,213,442
0.7,214,424
0.7,215,434
0.7,216,446
0.7,217,416
0.7,218,433
0.7,219,416
0.7,220,410
0.7,221,431
0.7,222,409
0.7,223,420
0.7,224,398
0.7,225,432
0.7,226,412
0.7,227,428
0.7,228,427
0.7,229,432
0.7,230,444
0.7,231,437
0.7,232,459
0.7,233,455
0.7,234,470
0.7,235,455
0.7,236,488
0.7,237,484
0.7,238,501
0.7,239,509
0.7,240,502
0.7,241,503
0.7,242,493
0.7,243,495
0.7,244,530
0.7,245,495
0.7,246,505
0.7,247,526
0.7,248,503
0.7,249,517
0.7,250,517
0.7,251,488
0.7,252,498
0.7,253,487
0.7,254,484
0.7,255,504
0.7,256,503
0.7,257,521
0.7,258,533
0.7,259,520
0.7,260,519
0.7,261,513
0.7,262,510
0.7,263,515
0.7,264,531
0.7,265,531
0.7,266,525
0.7,267,493
0.7,268,514
0.7,269,505
0.7,270,501
0.7,271,507
0.7,272,519
0.7,273,502
0.7,274,518
0.7,275,501
0.7,276,499
0.7,277,520
0.7,278,506
0.7,279,535
0.7,280,531
0.7,281,545
0.7,282,517
0.7,283,524
0.7,284,504
0.7,285,523
0.7,286,513
0.7,287,507
0.7,288,531
0.7,289,539
0.7,290,492
0.7,291,503
0.7,292,498
0.7,293,513
0.7,294,489
0.7,295,486
0.7,296,466
0.7,297,473
0.7,298,476
0.7,299,476
0.7,300,477
0.7,301,463
0.7,302,470
0.7,303,467
0.7,304,469
0.7,305,463
0.7,306,467
0.7,307,499
0.7,308,480
0.7,309,493
0.7,310,502
0.7,311,499
0.7,312,512
0.7,313,541
0.7,314,496
0.7,315,522
0.7,316,483
0.7,317,484
0.7,318,468
0.7,319,492
0.7,320,470
0.7,321,470
0.7,322,457
0.7,323,455
0.7,324,461
0.7,325,454
0.7,326,456
0.7,327,463
0.7,328,468
0.7,329,455
0.7,330,469
0.7,331,463
0.7,332,470
0.7,333,462
0.7,334,455
0.7,335,464
0.7,336,455
0.7,337,466
0.7,338,464
0.7,339,456
0.7,340,470
0.7,341,450
0.7,342,461
0.7,343,451
0.7,344,473
0.7,345,484
0.7,346,497
0.7,347,516
0.7,348,518
0.7,349,506
0.7,350,511
0.7,351,503
0.7,352,504
0.7,353,512
0.7,354,492
0.7,355,501
0.7,356,500
0.7,357,484
0.7,358,507
0.7,359,464
0.7,360,483
0.7,361,474
0.7,362,479
0.7,363,486
0.7,364,482
0.7,365,487
0.7,366,491
0.7,367,503
0.7,368,483
0.7,369,480
0.7,370,470
0.7,371,469
0.7,372,462
0.7,373,465
0.7,374,444
0.7,375,453
0.7,376,449
0.7,377,446
0.7,378,461
0.7,379,447
0.7,380,451
0.7,381,446
0.7,382,434
0.7,383,396
0.7,384,412
0.7,385,395
0.7,386,415
0.7,387,415
0.7,388,415
0.7,389,408
0.7,390,412
0.7,391,412
0.7,392,434
0.7,393,406
0.7,394,410
0.7,395,394
0.7,396,394
0.7,397,412
0.7,398,422
0.7,399,424
0.7,400,431
0.7,401,409
0.7,402,413
0.7,403,422
0.7,404,408
0.7,405,447
0.7,406,421
0.7,407,423
0.7,408,410
0.7,409,408
0.7,410,424
0.7,411,414
0.7,412,412
0.7,413,407
0.7,414,396
0.7,415,381
0.7,416,395
0.7,417,401
0.7,418,423
0.7,419,401
0.7,420,403
0.7,421,414
0.7,422,406
0.7,423,430
0.7,424,426
0.7,425,443
0.7,426,428
0.7,427,413
0.7,428,412
0.7,429,430
0.7,430,409
0.7,431,414
0.7,432,441
0.7,433,444
0.7,434,414
0.7,435,409
0.7,436,409
0.7,437,403
0.7,438,394
0.7,439,426
0.7,440,413
0.7,441,401
0.7,442,396
0.7,443,394
0.7,444,407
0.7,445,385
0.7,446,378
0.7,447,382
0.7,448,388
0.7,449,375
0.7,450,375
0.7,451,372
0.7,452,353
0.7,453,347
0.7,454,352
0.7,455,361
0.7,456,354
0.7,457,359
0.7,458,363
0.7,459,377
0.7,460,377
0.7,461,393
0.7,462,396
0.7,463,370
0.7,464,359
0.7,465,374
0.7,466,363
0.7,467,365
0.7,468,364
0.7,469,356
0.7,470,360
0.7,471,358
0.7,472,356
0.7,473,372
0.7,474,354
0.7,475,354
0.7,476,350
0.7,477,358
0.7,478,359
0.7,479,354
0.7,480,342
0.7,481,351
0.7,482,345
0.7,483,342
0.7,484,339
0.7,485,343
0.7,486,345
0.7,487,354
0.7,488,337
0.7,489,350
0.7,490,346
0.7,491,366
0.7,492,342
0.7,493,336
0.7,494,338
0.7,495,340
0.7,496,343
0.7,497,349
0.7,498,363
0.7,499,382
0.7,500,388
0.7,501,404
0.7,502,402
0.7,503,424
0.7,504,388
0.7,505,406
0.7,506,398
0.7,507,413
0.7,508,413
0.7,509,409
0.7,510,402
0.7,511,389
0.7,512,384
0.7,513,378
0.7,514,381
0.7,515,368
0.7,516,390
0.7,517,390
0.7,518,412
0.7,519,406
0.7,520,428
0.7,521,441
0.7,522,407
0.7,523,417
0.7,524,408
0.7,525,406
0.7,526,400
0.7,527,414
0.7,528,404
0.7,529,412
0.7,530,418
0.7,531,410
0.7,532,400
0.7,533,384
0.7,534,382
0.7,535,388
0.7,536,384
0.7,537,401
0.7,538,406
0.7,539,393
0.7,540,409
0.7,541,409
0.7,542,434
0.7,543,406
0.7,544,424
0.7,545,399
0.7,546,406
0.7,547,385
0.7,548,374
0.7,549,366
0.7,550,364
0.7,551,396
0.7,552,369
0.7,553,381
0.7,554,380
0.7,555,378
0.7,556,383
0.7,557,378
0.7,558,389
0.7,559,383
0.7,560,374
0.7,561,383
0.7,562,398
0.7,563,385
0.7,564,402
0.7,565,403
0.7,566,415
0.7,567,415
0.7,568,422
0.7,569,419
0.7,570,426
0.7,571,416
0.7,572,389
0.7,573,404
0.7,574,381
0.7,575,365
0.7,576,346
0.7,577,350
0.7,578,348
0.7,579,348
0.7,580,359
0.7,581,369
0.7,582,389
0.7,583,381
0.7,584,396
0.7,585,407
0.7,586,386
0.7,587,389
0.7,588,386
0.7,589,394
0.7,590,392
0.7,591,406
0.7,592,400
0.7,593,405
0.7,594,396
0.7,595,402
0.7,596,394
0.7,597,408
0.7,598,400
0.7,599,414
0.7,600,410
0.7,601,432
0.7,602,421
0.7,603,429
0.7,604,395
0.7,605,385
0.7,606,397
0.7,607,393
0.7,608,413
0.7,609,389
0.7,610,393
0.7,611,383
0.7,612,412
0.7,613,418
0.7,614,433
0.7,615,397
0.7,616,394
0.7,617,390
0.7,618,415
0.7,619,405
0.7,620,418
0.7,621,410
0.7,622,429
0.7,623,389
0.7,624,406
0.7,625,387
0.7,626,403
0.7,627,410
0.7,628,413
0.7,629,431
0.7,630,430
0.7,631,417
0.7,632,405
0.7,633,406
0.7,634,416
0.7,635,418
0.7,636,419
0.7,637,439
0.7,638,447
0.7,639,461
0.7,640,430
0.7,641,428
0.7,642,429
0.7,643,419
0.7,644,416
0.7,645,430
0.7,646,447
0.7,647,431
0.7,648,468
0.7,649,456
0.7,650,469
0.7,651,504
0.7,652,501
0.7,653,505
0.7,654,507
0.7,655,494
0.7,656,483
0.7,657,509
0.7,658,521
0.7,659,561
0.7,660,525
0.7,661,528
0.7,662,543
0.7,663,508
0.7,664,540
0.7,665,500
0.7,666,516
0.7,667,509
0.7,668,530
0.7,669,553
0.7,670,520
0.7,671,556
0.7,672,552
0.7,673,579
0.7,674,544
0.7,675,537
0.7,676,547
0.7,677,533
0.7,678,523
0.7,679,535
0.7,680,543
0.7,681,550
0.7,682,530
0.7,683,557
0.7,684,556
0.7,685,530
0.7,686,501
0.7,687,531
0.7,688,523
0.7,689,519
0.7,690,514
0.7,691,542
0.7,692,539
0.7,693,550
0.7,694,559
0.7,695,590
0.7,696,597
0.7,697,588
0.7,698,570
0.7,699,594
0.7,700,552
0.7,701,570
0.7,702,556
0.7,703,535
0.7,704,531
0.7,705,538
0.7,706,542
0.7,707,536
0.7,708,558
0.7,709,540
0.7,710,576
0.7,711,549
0.7,712,559
0.7,713,564
0.7,714,578
0.7,715,579
0.7,716,568
0.7,717,576
0.7,718,575
0.7,719,553
0.7,720,566
0.7,721,578
0.7,722,568
0.7,723,570
0.7,724,579
0.7,725,540
0.7,726,558
0.7,727,543
0.7,728,561
0.7,729,561
0.7,730,538
0.7,731,522
0.7,732,557
0.7,733,534
0.7,734,537
0.7,735,559
0.7,736,534
0.7,737,537
0.7,738,549
0.7,739,560
0.7,740,586
0.7,741,579
0.7,742,583
0.7,743,560
0.7,744,566
0.7,745,552
0.7,746,547
0.7,747,556
0.7,748,544
0.7,749,563
0.7,750,563
0.7,751,558
0.7,752,586
0.7,753,575
0.7,754,578
0.7,755,565
0.7,756,597
0.7,757,588
0.7,758,629
0.7,759,613
0.7,760,613
0.7,761,608
0.7,762,597
0.7,763,590
0.7,764,566
0.7,765,578
0.7,766,582
0.7,767,595
0.7,768,572
0.7,769,587
0.7,770,564
0.7,771,551
0.7,772,542
0.7,773,537
0.7,774,517
0.7,775,531
0.7,776,539
0.7,777,543
0.7,778,533
0.7,779,534
0.7,780,537
0.7,781,532
0.7,782,500
0.7,783,490
0.7,784,465
0.7,785,454
0.7,786,462
0.7,787,430
0.7,788,444
0.7,789,431
0.7,790,443
0.7,791,439
0.7,792,430
0.7,793,441
0.7,794,430
0.7,795,435
0.7,796,451
0.7,797,443
0.7,798,455
0.7,799,449
0.7,800,453
0.7,801,446
0.7,802,439
0.7,803,442
0.7,804,435
0.7,805,423
0.7,806,438
0.7,807,441
0.7,808,431
0.7,809,438
0.7,810,437
0.7,811,432
0.7,812,445
0.7,813,460
0.7,814,469
0.7,815,467
0.7,816,478
0.7,817,489
0.7,818,502
0.7,819,522
0.7,820,508
0.7,821,527
0.7,822,541
0.7,823,538
0.7,824,537
0.7,825,546
0.7,826,550
0.7,827,557
0.7,828,535
0.7,829,562
0.7,830,539
0.7,831,548
0.7,832,523
0.7,833,518
0.7,834,542
0.7,835,517
0.7,836,519
0.7,837,520
0.7,838,511
0.7,839,519
0.7,840,539
0.7,841,528
0.7,842,528
0.7,843,525
0.7,844,520
0.7,845,501
0.7,846,502
0.7,847,499
0.7,848,490
0.7,849,493
0.7,850,504
0.7,851,532
0.7,852,515
0.7,853,532
0.7,854,507
0.7,855,543
0.7,856,561
0.7,857,544
0.7,858,559
0.7,859,561
0.7,860,534
0.7,861,507
0.7,862,515
0.7,863,504
0.7,864,516
0.7,865,540
0.7,866,541
0.7,867,517
0.7,868,538
0.7,869,505
0.7,870,543
0.7,871,508
0.7,872,528
0.7,873,518
0.7,874,524
0.7,875,511
0.7,876,498
0.7,877,491
0.7,878,489
0.7,879,479
0.7,880,495
0.7,881,495
0.7,882,477
0.7,883,477
0.7,884,494
0.7,885,490
0.7,886,496
0.7,887,478
0.7,888,474
0.7,889,471
0.7,890,468
0.7,891,445
0.7,892,437
0.7,893,432
0.7,894,436
0.7,895,426
0.7,896,453
0.7,897,444
0.7,898,470
0.7,899,465
0.7,900,485
0.7,901,489
0.7,902,496
0.7,903,509
0.7,904,524
0.7,905,514
0.7,906,527
0.7,907,530
0.7,908,535
0.7,909,525
0.7,910,547
0.7,911,542
0.7,912,558
0.7,913,549
0.7,914,545
0.7,915,547
0.7,916,564
0.7,917,564
0.7,918,555
0.7,919,546
0.7,920,539
0.7,921,517
0.7,922,533
0.7,923,527
0.7,924,562
0.7,925,544
0.7,926,547
0.7,927,537
0.7,928,562
0.7,929,563
0.7,930,546
0.7,931,517
0.7,932,536
0.7,933,518
0.7,934,528
0.7,935,494
0.7,936,484
0.7,937,499
0.7,938,484
0.7,939,493
0.7,940,472
0.7,941,453
0.7,942,449
0.7,943,449
0.7,944,452
0.7,945,433
0.7,946,441
0.7,947,458
0.7,948,448
0.7,949,457
0.7,950,458
0.7,951,480
0.7,952,470
0.7,953,490
0.7,954,451
0.7,955,437
0.7,956,463
0.7,957,452
0.7,958,453
0.7,959,466
0.7,960,458
0.7,961,468
0.7,962,453
0.7,963,435
0.7,964,431
0.7,965,444
0.7,966,429
0.7,967,425
0.7,968,413
0.7,969,416
0.7,970,414
0.7,971,410
0.7,972,420
0.7,973,384
0.7,974,376
0.7,975,379
0.7,976,381
0.7,977,375
0.7,978,377
0.7,979,371
0.7,980,380
0.7,981,375
0.7,982,385
0.7,983,388
0.7,984,384
0.7,985,383
0.7,986,383
0.7,987,385
0.7,988,405
0.7,989,380
0.7,990,393
0.7,991,379
0.7,992,391
0.7,993,394
0.7,994,404
0.7,995,400
0.7,996,412
0.7,997,409
0.7,998,410
0.7,999,405
0.7,1000,413
0.7,1001,421
0.7,1002,426
0.7,1003,418
0.7,1004,418
0.7,1005,418
0.7,1006,439
0.7,1007,434
0.7,1008,420
0.7,1009,425
0.7,1010,423
0.7,1011,414
0.7,1012,397
0.7,1013,387
0.7,1014,392
0.7,1015,397
0.7,1016,395
0.7,1017,399
0.7,1018,385
0.7,1019,368
0.7,1020,363
0.7,1021,372
0.7,1022,377
0.7,1023,377
0.7,1024,365
0.7,1025,369
0.7,1026,377
0.7,1027,394
0.7,1028,387
0.7,1029,402
0.7,1030,396
0.7,1031,398
0.7,1032,411
0.7,1033,406
0.7,1034,414
0.7,1035,416
0.7,1036,439
0.7,1037,417
0.7,1038,450
0.7,1039,400
0.7,1040,399
0.7,1041,386
0.7,1042,386
0.7,1043,376
0.7,1044,380
0.7,1045,395
0.7,1046,377
0.7,1047,391
0.7,1048,389
0.7,1049,398
0.7,1050,403
0.7,1051,410
0.7,1052,425
0.7,1053,434
0.7,1054,442
0.7,1055,436
0.7,1056,454
0.7,1057,449
0.7,1058,431
0.7,1059,431
0.7,1060,440
0.7,1061,423
0.7,1062,424
0.7,1063,439
0.7,1064,436
0.7,1065,442
0.7,1066,443
0.7,1067,421
0.7,1068,425
0.7,1069,436
0.7,1070,449
0.7,1071,449
0.7,1072,422
0.7,1073,411
0.7,1074,411
0.7,1075,421
0.7,1076,419
0.7,1077,445
0.7,1078,430
0.7,1079,433
0.7,1080,450
0.7,1081,450
0.7,1082,465
0.7,1083,452
0.7,1084,455
0.7,1085,438
0.7,1086,440
0.7,1087,457
0.7,1088,461
0.7,1089,422
0.7,1090,446
0.7,1091,434
0.7,1092,424
0.7,1093,432
0.7,1094,425
0.7,1095,447
0.7,1096,431
0.7,1097,438
0.7,1098,433
0.7,1099,463
0.7,1100,458
0.7,1101,483
0.7,1102,491
0.7,1103,508
0.7,1104,474
0.7,1105,495
0.7,1106,485
0.7,1107,481
0.7,1108,496
0.7,1109,492
0.7,1110,461
0.7,1111,455
0.7,1112,468
0.7,1113,462
0.7,1114,467
0.7,1115,459
0.7,1116,470
0.7,1117,481
0.7,1118,489
0.7,1119,499
0.7,1120,485
0.7,1121,491
0.7,1122,471
0.7,1123,490
0.7,1124,464
0.7,1125,466
0.7,1126,466
0.7,1127,462
0.7,1128,461
0.7,1129,479
0.7,1130,460
0.7,1131,463
0.7,1132,481
0.7,1133,480
0.7,1134,477
0.7,1135,483
0.7,1136,481
0.7,1137,455
0.7,1138,461
0.7,1139,450
0.7,1140,447
0.7,1141,456
0.7,1142,468
0.7,1143,471
0.7,1144,482
0.7,1145,472
0.7,1146,482
0.7,1147,487
0.7,1148,482
0.7,1149,470
0.7,1150,474
0.7,1151,469
0.7,1152,477
0.7,1153,485
0.7,1154,489
0.7,1155,487
0.7,1156,471
0.7,1157,485
0.7,1158,469
0.7,1159,483
0.7,1160,471
0.7,1161,481
0.7,1162,463
0.7,1163,463
0.7,1164,479
0.7,1165,489
0.7,1166,475
0.7,1167,467
0.7,1168,477
0.7,1169,473
0.7,1170,482
0.7,1171,474
0.7,1172,473
0.7,1173,491
0.7,1174,481
0.7,1175,493
0.7,1176,482
0.7,1177,470
0.7,1178,484
0.7,1179,478
0.7,1180,484
0.7,1181,500
0.7,1182,474
0.7,1183,493
0.7,1184,497
0.7,1185,533
0.7,1186,498
0.7,1187,507
0.7,1188,498
0.7,1189,507
0.7,1190,508
0.7,1191,507
0.7,1192,537
0.7,1193,539
0.7,1194,534
0.7,1195,543
0.7,1196,561
0.7,1197,582
0.7,1198,567
0.7,1199,570
0.7,1200,575
0.7,1201,572
0.7,1202,538
0.7,1203,555
0.7,1204,579
0.7,1205,534
0.7,1206,559
0.7,1207,542
0.7,1208,544
0.7,1209,543
0.7,1210,556
0.7,1211,560
0.7,1212,541
0.7,1213,551
0.7,1214,570
0.7,1215,546
0.7,1216,588
0.7,1217,555
0.7,1218,553
0.7,1219,548
0.7,1220,590
0.7,1221,581
0.7,1222,566
0.7,1223,563
0.7,1224,560
0.7,1225,559
0.7,1226,543
0.7,1227,526
0.7,1228,542
0.7,1229,539
0.7,1230,545
0.7,1231,597
0.7,1232,566
0.7,1233,582
0.7,1234,597
0.7,1235,577
0.7,1236,582
0.7,1237,589
0.7,1238,581
0.7,1239,583
0.7,1240,578
0.7,1241,562
0.7,1242,569
0.7,1243,545
0.7,1244,559
0.7,1245,556
0.7,1246,550
0.7,1247,557
0.7,1248,580
0.7,1249,542
0.7,1250,593
0.7,1251,570
0.7,1252,574
0.7,1253,566
0.7,1254,557
0.7,1255,551
0.7,1256,554
0.7,1257,559
0.7,1258,573
0.7,1259,609
0.7,1260,575
0.7,1261,581
0.7,1262,551
0.7,1263,565
0.7,1264,572
0.7,1265,595
0.7,1266,538
0.7,1267,560
0.7,1268,572
0.7,1269,582
0.7,1270,591
0.7,1271,633
0.7,1272,608
0.7,1273,623
0.7,1274,611
0.7,1275,591
0.7,1276,590
0.7,1277,548
0.7,1278,580
0.7,1279,600
0.7,1280,568
0.7,1281,577
0.7,1282,588
0.7,1283,600
0.7,1284,578
0.7,1285,621
0.7,1286,617
0.7,1287,645
0.7,1288,660
0.7,1289,636
0.7,1290,651
0.7,1291,663
0.7,1292,656
0.7,1293,697
0.7,1294,648
0.7,1295,650
0.7,1296,658
0.7,1297,653
0.7,1298,695
0.7,1299,638
0.7,1300,642
0.7,1301,623
0.7,1302,636
0.7,1303,628
0.7,1304,618
0.7,1305,630
0.7,1306,614
0.7,1307,636
0.7,1308,641
0.7,1309,676
0.7,1310,638
0.7,1311,667
0.7,1312,637
0.7,1313,662
0.7,1314,654
0.7,1315,681
0.7,1316,666
0.7,1317,657
0.7,1318,685
0.7,1319,699
0.7,1320,667
0.7,1321,652
0.7,1322,662
0.7,1323,658
0.7,1324,665
0.7,1325,682
0.7,1326,663
0.7,1327,678
0.7,1328,701
0.7,1329,731
0.7,1330,717
0.7,1331,728
0.7,1332,692
0.7,1333,664
0.7,1334,669
0.7,1335,688
0.7,1336,664
0.7,1337,658
0.7,1338,649
0.7,1339,638
0.7,1340,644
0.7,1341,629
0.7,1342,635
0.7,1343,646
0.7,1344,675
0.7,1345,640
0.7,1346,638
0.7,1347,625
0.7,1348,626
0.7,1349,621
0.7,1350,652
0.7,1351,649
0.7,1352,618
0.7,1353,624
0.7,1354,656
0.7,1355,606
0.7,1356,650
0.7,1357,609
0.7,1358,633
0.7,1359,608
0.7,1360,622
0.7,1361,609
0.7,1362,636
0.7,1363,602
0.7,1364,617
0.7,1365,643
0.7,1366,662
0.7,1367,659
0.7,1368,649
0.7,1369,675
0.7,1370,664
0.7,1371,689
0.7,1372,682
0.7,1373,732
0.7,1374,688
0.7,1375,708
0.7,1376,704
0.7,1377,731
0.7,1378,708
0.7,1379,682
0.7,1380,674
0.7,1381,720
0.7,1382,716
0.7,1383,761
0.7,1384,742
0.7,1385,759
0.7,1386,738
0.7,1387,760
0.7,1388,762
0.7,1389,800
0.7,1390,742
0.7,1391,788
0.7,1392,706
0.7,1393,729
0.7,1394,706
0.7,1395,715
0.7,1396,730
0.7,1397,714
0.7,1398,715
0.7,1399,745
0.7,1400,701
0.7,1401,717
0.7,1402,700
0.7,1403,707
0.7,1404,728
0.7,1405,717
0.7,1406,703
0.7,1407,688
0.7,1408,673
0.7,1409,634
0.7,1410,625
0.7,1411,654
0.7,1412,660
0.7,1413,646
0.7,1414,633
0.7,1415,618
0.7,1416,630
0.7,1417,626
0.7,1418,608
0.7,1419,623
0.7,1420,623
0.7,1421,638
0.7,1422,632
0.7,1423,636
0.7,1424,649
0.7,1425,646
0.7,1426,620
0.7,1427,636
0.7,1428,628
0.7,1429,627
0.7,1430,637
0.7,1431,627
0.7,1432,615
0.7,1433,606
0.7,1434,613
0.7,1435,626
0.7,1436,646
0.7,1437,660
0.7,1438,703
0.7,1439,678
0.7,1440,676
0.7,1441,678
0.7,1442,649
0.7,1443,676
0.7,1444,685
0.7,1445,696
0.7,1446,692
0.7,1447,722
0.7,1448,724
0.7,1449,738
0.7,1450,717
0.7,1451,744
0.7,1452,748
0.7,1453,789
0.7,1454,704
0.7,1455,745
0.7,1456,734
0.7,1457,741
0.7,1458,772
0.7,1459,794
0.7,1460,834
0.7,1461,806
0.7,1462,800
0.7,1463,802
0.7,1464,803
0.7,1465,785
0.7,1466,764
0.7,1467,762
0.7,1468,757
0.7,1469,769
0.7,1470,806
0.7,1471,829
0.7,1472,813
0.7,1473,847
0.7,1474,835
0.7,1475,864
0.7,1476,827
0.7,1477,875
0.7,1478,834
0.7,1479,826
0.7,1480,825
0.7,1481,860
0.7,1482,840
0.7,1483,884
0.7,1484,829
0.7,1485,846
0.7,1486,807
0.7,1487,834
0.7,1488,845
0.7,1489,844
0.7,1490,891
0.7,1491,838
0.7,1492,861
0.7,1493,826
0.7,1494,834
0.7,1495,831
0.7,1496,877
0.7,1497,810
0.7,1498,849
0.7,1499,844
0.7,1500,804
0.7,1501,839
0.7,1502,799
0.7,1503,825
0.7,1504,811
0.7,1505,846
0.7,1506,845
0.7,1507,832
0.7,1508,850
0.7,1509,853
0.7,1510,836
0.7,1511,841
0.7,1512,784
0.7,1513,786
0.7,1514,753
0.7,1515,763
0.7,1516,702
0.7,1517,699
0.7,1518,692
0.7,1519,724
0.7,1520,715
0.7,1521,708
0.7,1522,723
0.7,1523,695
0.7,1524,736
0.7,1525,731
0.7,1526,715
0.7,1527,710
0.7,1528,749
0.7,1529,726
0.7,1530,735
0.7,1531,703
0.7,1532,725
0.7,1533,706
0.7,1534,684
0.7,1535,665
0.7,1536,696
0.7,1537,668
0.7,1538,675
0.7,1539,637
0.7,1540,651
0.7,1541,685
0.7,1542,688
0.7,1543,717
0.7,1544,722
0.7,1545,719
0.7,1546,744
0.7,1547,720
0.7,1548,730
0.7,1549,747
0.7,1550,753
0.7,1551,818
0.7,1552,790
0.7,1553,777
0.7,1554,759
0.7,1555,787
0.7,1556,755
0.7,1557,764
0.7,1558,783
0.7,1559,754
0.7,1560,757
0.7,1561,771
0.7,1562,774
0.7,1563,761
0.7,1564,758
0.7,1565,747
0.7,1566,748
0.7,1567,738
0.7,1568,774
0.7,1569,773
0.7,1570,768
0.7,1571,750
0.7,1572,739
0.7,1573,722
0.7,1574,751
0.7,1575,738
0.7,1576,760
0.7,1577,742
0.7,1578,747
0.7,1579,743
0.7,1580,733
0.7,1581,765
0.7,1582,767
0.7,1583,776
0.7,1584,775
0.7,1585,782
0.7,1586,772
0.7,1587,789
0.7,1588,768
0.7,1589,747
0.7,1590,756
0.7,1591,746
0.7,1592,755
0.7,1593,738
0.7,1594,769
0.7,1595,743
0.7,1596,775
0.7,1597,747
0.7,1598,739
0.7,1599,709
0.7,1600,731
0.7,1601,691
0.7,1602,700
0.7,1603,670
0.7,1604,694
0.7,1605,682
0.7,1606,689
0.7,1607,684
0.7,1608,688
0.7,1609,687
0.7,1610,719
0.7,1611,713
0.7,1612,743
0.7,1613,735
0.7,1614,751
0.7,1615,759
0.7,1616,770
0.7,1617,759
0.7,1618,777
0.7,1619,778
0.7,1620,795
0.7,1621,699
0.7,1622,713
0.7,1623,721
0.7,1624,722
0.7,1625,734
0.7,1626,781
0.7,1627,717
0.7,1628,759
0.7,1629,729
0.7,1630,791
0.7,1631,767
0.7,1632,780
0.7,1633,758
0.7,1634,782
0.7,1635,758
0.7,1636,742
0.7,1637,762
0.7,1638,782
0.7,1639,785
0.7,1640,793
0.7,1641,808
0.7,1642,801
0.7,1643,866
0.7,1644,852
0.7,1645,848
0.7,1646,860
0.7,1647,828
0.7,1648,878
0.7,1649,839
0.7,1650,865
0.7,1651,844
0.7,1652,862
0.7,1653,865
0.7,1654,915
0.7,1655,836
0.7,1656,882
0.7,1657,869
0.7,1658,911
0.7,1659,920
0.7,1660,933
0.7,1661,905
0.7,1662,969
0.7,1663,950
0.7,1664,989
0.7,1665,974
0.7,1666,971
0.7,1667,956
0.7,1668,940
0.7,1669,961
0.7,1670,949
0.7,1671,969
0.7,1672,957
0.7,1673,971
0.7,1674,952
0.7,1675,1000
0.7,1676,998
0.7,1677,1024
0.7,1678,994
0.7,1679,1014
0.7,1680,987
0.7,1681,984
0.7,1682,977
0.7,1683,936
0.7,1684,955
0.7,1685,964
0.7,1686,969
0.7,1687,940
0.7,1688,940
0.7,1689,959
0.7,1690,936
0.7,1691,954
0.7,1692,945
0.7,1693,934
0.7,1694,946
0.7,1695,925
0.7,1696,894
0.7,1697,885
0.7,1698,860
0.7,1699,892
0.7,1700,861
0.7,1701,867
0.7,1702,852
0.7,1703,832
0.7,1704,812
0.7,1705,802
0.7,1706,807
0.7,1707,809
0.7,1708,827
0.7,1709,820
0.7,1710,832
0.7,1711,803
0.7,1712,803
0.7,1713,801
0.7,1714,810
0.7,1715,806
0.7,1716,793
0.7,1717,760
0.7,1718,781
0.7,1719,754
0.7,1720,764
0.7,1721,783
0.7,1722,814
0.7,1723,757
0.7,1724,762
0.7,1725,749
0.7,1726,747
0.7,1727,752
0.7,1728,765
0.7,1729,764
0.7,1730,752
0.7,1731,745
0.7,1732,733
0.7,1733,737
0.7,1734,728
0.7,1735,724
0.7,1736,743
0.7,1737,743
0.7,1738,762
0.7,1739,750
0.7,1740,791
0.7,1741,796
0.7,1742,790
0.7,1743,833
0.7,1744,771
0.7,1745,776
0.7,1746,784
0.7,1747,753
0.7,1748,771
0.7,1749,769
0.7,1750,762
0.7,1751,782
0.7,1752,728
0.7,1753,745
0.7,1754,721
0.7,1755,740
0.7,1756,749
0.7,1757,733
0.7,1758,764
0.7,1759,762
0.7,1760,778
0.7,1761,762
0.7,1762,768
0.7,1763,771
0.7,1764,748
0.7,1765,786
0.7,1766,765
0.7,1767,763
0.7,1768,747
0.7,1769,778
0.7,1770,777
0.7,1771,756
0.7,1772,778
0.7,1773,786
0.7,1774,742
0.7,1775,744
0.7,1776,751
0.7,1777,727
0.7,1778,708
0.7,1779,741
0.7,1780,746
0.7,1781,725
0.7,1782,752
0.7,1783,755
0.7,1784,761
0.7,1785,780
0.7,1786,808
0.7,1787,791
0.7,1788,774
0.7,1789,789
0.7,1790,800
0.7,1791,800
0.7,1792,795
0.7,1793,796
0.7,1794,790
0.7,1795,786
0.7,1796,789
0.7,1797,780
0.7,1798,777
0.7,1799,793
0.7,1800,805
0.7,1801,797
0.7,1802,827
0.7,1803,814
0.7,1804,805
0.7,1805,806
0.7,1806,797
0.7,1807,748
0.7,1808,709
0.7,1809,684
0.7,1810,696
0.7,1811,670
0.7,1812,648
0.7,1813,664
0.7,1814,632
0.7,1815,644
0.7,1816,632
0.7,1817,659
0.7,1818,657
0.7,1819,674
0.7,1820,674
0.7,1821,707
0.7,1822,690
0.7,1823,732
0.7,1824,717
0.7,1825,721
0.7,1826,719
0.7,1827,726
0.7,1828,709
0.7,1829,715
0.7,1830,695
0.7,1831,734
0.7,1832,737
0.7,1833,739
0.7,1834,744
0.7,1835,749
0.7,1836,787
0.7,1837,802
0.7,1838,794
0.7,1839,810
0.7,1840,803
0.7,1841,785
0.7,1842,807
0.7,1843,821
0.7,1844,809
0.7,1845,783
0.7,1846,799
0.7,1847,799
0.7,1848,798
0.7,1849,810
0.7,1850,816
0.7,1851,803
0.7,1852,760
0.7,1853,783
0.7,1854,760
0.7,1855,800
0.7,1856,762
0.7,1857,798
0.7,1858,765
0.7,1859,780
0.7,1860,766
0.7,1861,759
0.7,1862,766
0.7,1863,778
0.7,1864,770
0.7,1865,771
0.7,1866,768
0.7,1867,788
0.7,1868,792
0.7,1869,814
0.7,1870,822
0.7,1871,808
0.7,1872,799
0.7,1873,777
0.7,1874,753
0.7,1875,788
0.7,1876,750
0.7,1877,735
0.7,1878,776
0.7,1879,757
0.7,1880,788
0.7,1881,746
0.7,1882,760
0.7,1883,750
0.7,1884,737
0.7,1885,740
0.7,1886,719
0.7,1887,713
0.7,1888,680
0.7,1889,674
0.7,1890,681
0.7,1891,678
0.7,1892,703
0.7,1893,683
0.7,1894,713
0.7,1895,716
0.7,1896,726
0.7,1897,746
0.7,1898,776
0.7,1899,738
0.7,1900,770
0.7,1901,783
0.7,1902,755
0.7,1903,756
0.7,1904,743
0.7,1905,726
0.7,1906,725
0.7,1907,718
0.7,1908,711
0.7,1909,745
0.7,1910,731
0.7,1911,733
0.7,1912,734
0.7,1913,742
0.7,1914,737
0.7,1915,732
0.7,1916,731
0.7,1917,713
0.7,1918,710
0.7,1919,742
0.7,1920,740
0.7,1921,732
0.7,1922,736
0.7,1923,744
0.7,1924,721
0.7,1925,729
0.7,1926,711
0.7,1927,727
0.7,1928,740
0.7,1929,754
0.7,1930,752
0.7,1931,759
0.7,1932,744
0.7,1933,704
0.7,1934,720
0.7,1935,708
0.7,1936,730
0.7,1937,747
0.7,1938,735
0.7,1939,753
0.7,1940,735
0.7,1941,728
0.7,1942,733
0.7,1943,727
0.7,1944,736
0.7,1945,729
0.7,1946,723
0.7,1947,726
0.7,1948,711
0.7,1949,694
0.7,1950,678
0.7,1951,703
0.7,1952,708
0.7,1953,700
0.7,1954,719
0.7,1955,732
0.7,1956,745
0.7,1957,745
0.7,1958,728
0.7,1959,738
0.7,1960,752
0.7,1961,733
0.7,1962,746
0.7,1963,740
0.7,1964,782
0.7,1965,739
0.7,1966,704
0.7,1967,706
0.7,1968,688
0.7,1969,697
0.7,1970,702
0.7,1971,704
0.7,1972,695
0.7,1973,704
0.7,1974,711
0.7,1975,707
0.7,1976,720
0.7,1977,722
0.7,1978,734
0.7,1979,715
0.7,1980,734
0.7,1981,740
0.7,1982,747
0.7,1983,735
0.7,1984,728
0.7,1985,718
0.7,1986,725
0.7,1987,703
0.7,1988,734
0.7,1989,738
0.7,1990,716
0.7,1991,728
0.7,1992,709
0.7,1993,695
0.7,1994,718
0.7,1995,716
0.7,1996,739
0.7,1997,733
0.7,1998,752
0.7,1999,744
0.7,2000,720
0.7,2001,720
0.7,2002,707
0.7,2003,719
0.7,2004,698
0.7,2005,694
0.7,2006,675
0.7,2007,673
0.7,2008,662
0.7,2009,667
0.7,2010,644
0.7,2011,648
0.7,2012,656
0.7,2013,671
0.7,2014,667
0.7,2015,691
0.7,2016,698
0.7,2017,730
0.7,2018,676
0.7,2019,658
0.7,2020,671
0.7,2021,655
0.7,2022,663
0.7,2023,641
0.7,2024,661
0.7,2025,652
0.7,2026,656
0.7,2027,644
0.7,2028,636
0.7,2029,658
0.7,2030,630
0.7,2031,629
0.7,2032,618
0.7,2033,623
0.7,2034,625
0.7,2035,621
0.7,2036,621
0.7,2037,626
0.7,2038,625
0.7,2039,617
0.7,2040,604
0.7,2041,597
0.7,2042,608
0.7,2043,589
0.7,2044,587
0.7,2045,602
0.7,2046,623
0.7,2047,603
0.7,2048,625
0.7,2049,604
0.7,2050,612
0.7,2051,597
0.7,2052,599
0.7,2053,602
0.7,2054,601
0.7,2055,598
0.7,2056,596
0.7,2057,586
0.7,2058,595
0.7,2059,586
0.7,2060,580
0.7,2061,573
0.7,2062,585
0.7,2063,580
0.7,2064,580
0.7,2065,578
0.7,2066,602
0.7,2067,590
0.7,2068,596
0.7,2069,600
0.7,2070,622
0.7,2071,622
0.7,2072,634
0.7,2073,638
0.7,2074,622
0.7,2075,644
0.7,2076,644
0.7,2077,648
0.7,2078,625
0.7,2079,613
0.7,2080,593
0.7,2081,590
0.7,2082,588
0.7,2083,592
0.7,2084,590
0.7,2085,579
0.7,2086,587
0.7,2087,579
0.7,2088,602
0.7,2089,604
0.7,2090,638
0.7,2091,635
0.7,2092,649
0.7,2093,667
0.7,2094,678
0.7,2095,626
0.7,2096,642
0.7,2097,642
0.7,2098,621
0.7,2099,633
0.7,2100,622
0.7,2101,626
0.7,2102,624
0.7,2103,637
0.7,2104,631
0.7,2105,630
0.7,2106,601
0.7,2107,599
0.7,2108,601
0.7,2109,605
0.7,2110,620
0.7,2111,604
0.7,2112,616
0.7,2113,613
0.7,2114,624
0.7,2115,604
0.7,2116,605
0.7,2117,629
0.7,2118,619
0.7,2119,612
0.7,2120,613
0.7,2121,625
0.7,2122,618
0.7,2123,630
0.7,2124,611
0.7,2125,621
0.7,2126,605
0.7,2127,603
0.7,2128,616
0.7,2129,614
0.7,2130,610
0.7,2131,615
0.7,2132,593
0.7,2133,603
0.7,2134,586
0.7,2135,585
0.7,2136,576
0.7,2137,596
0.7,2138,576
0.7,2139,584
0.7,2140,574
0.7,2141,583
0.7,2142,578
0.7,2143,570
0.7,2144,571
0.7,2145,574
0.7,2146,572
0.7,2147,577
0.7,2148,576
0.7,2149,567
0.7,2150,562
0.7,2151,571
0.7,2152,563
0.7,2153,569
0.7,2154,572
0.7,2155,590
0.7,2156,579
0.7,2157,598
0.7,2158,579
0.7,2159,594
0.7,2160,580
0.7,2161,591
0.7,2162,599
0.7,2163,610
0.7,2164,619
0.7,2165,628
0.7,2166,610
0.7,2167,604
0.7,2168,599
0.7,2169,585
0.7,2170,595
0.7,2171,596
0.7,2172,592
0.7,2173,596
0.7,2174,591
0.7,2175,593
0.7,2176,602
0.7,2177,594
0.7,2178,590
0.7,2179,596
0.7,2180,611
0.7,2181,624
0.7,2182,622
0.7,2183,616
0.7,2184,622
0.7,2185,611
0.7,2186,619
0.7,2187,624
0.7,2188,606
0.7,2189,609
0.7,2190,621
0.7,2191,620
0.7,2192,636
0.7,2193,627
0.7,2194,626
0.7,2195,613
0.7,2196,608
0.7,2197,614
0.7,2198,614
0.7,2199,624
0.7,2200,624
0.7,2201,632
0.7,2202,637
0.7,2203,652
0.7,2204,673
0.7,2205,654
0.7,2206,666
0.7,2207,655
0.7,2208,672
0.7,2209,641
0.7,2210,657
0.7,2211,674
0.7,2212,694
0.7,2213,672
0.7,2214,677
0.7,2215,672
0.7,2216,669
0.7,2217,672
0.7,2218,709
0.7,2219,686
0.7,2220,687
0.7,2221,686
0.7,2222,690
0.7,2223,691
0.7,2224,680
0.7,2225,706
0.7,2226,687
0.7,2227,703
0.7,2228,699
0.7,2229,718
0.7,2230,713
0.7,2231,739
0.7,2232,745
0.7,2233,753
0.7,2234,758
0.7,2235,736
0.7,2236,717
0.7,2237,698
0.7,2238,724
0.7,2239,727
0.7,2240,738
0.7,2241,698
0.7,2242,703
0.7,2243,674
0.7,2244,695
0.7,2245,692
0.7,2246,680
0.7,2247,689
0.7,2248,667
0.7,2249,692
0.7,2250,665
0.7,2251,664
0.7,2252,657
0.7,2253,671
0.7,2254,658
0.7,2255,655
0.7,2256,666
0.7,2257,658
0.7,2258,655
0.7,2259,655
0.7,2260,670
0.7,2261,662
0.7,2262,661
0.7,2263,672
0.7,2264,692
0.7,2265,694
0.7,2266,683
0.7,2267,666
0.7,2268,681
0.7,2269,685
0.7,2270,654
0.7,2271,676
0.7,2272,639
0.7,2273,647
0.7,2274,630
0.7,2275,627
0.7,2276,618
0.7,2277,629
0.7,2278,630
0.7,2279,613
0.7,2280,622
0.7,2281,625
0.7,2282,632
0.7,2283,616
0.7,2284,621
0.7,2285,613
0.7,2286,623
0.7,2287,619
0.7,2288,624
0.7,2289,624
0.7,2290,627
0.7,2291,609
0.7,2292,608
0.7,2293,608
0.7,2294,618
0.7,2295,616
0.7,2296,605
0.7,2297,620
0.7,2298,632
0.7,2299,624
0.7,2300,642
0.7,2301,634
0.7,2302,638
0.7,2303,651
0.7,2304,656
0.7,2305,649
0.7,2306,666
0.7,2307,663
0.7,2308,685
0.7,2309,670
0.7,2310,657
0.7,2311,662
0.7,2312,657
0.7,2313,678
0.7,2314,654
0.7,2315,668
0.7,2316,646
0.7,2317,652
0.7,2318,655
0.7,2319,656
0.7,2320,674
0.7,2321,691
0.7,2322,691
0.7,2323,694
0.7,2324,666
0.7,2325,697
0.7,2326,677
0.7,2327,677
0.7,2328,682
0.7,2329,682
0.7,2330,704
0.7,2331,710
0.7,2332,716
0.7,2333,707
0.7,2334,709
0.7,2335,713
0.7,2336,745
0.7,2337,763
0.7,2338,767
0.7,2339,759
0.7,2340,776
0.7,2341,772
0.7,2342,801
0.7,2343,790
0.7,2344,786
0.7,2345,772
0.7,2346,779
0.7,2347,774
0.7,2348,774
0.7,2349,765
0.7,2350,773
0.7,2351,785
0.7,2352,780
0.7,2353,793
0.7,2354,818
0.7,2355,828
0.7,2356,813
0.7,2357,809
0.7,2358,812
0.7,2359,810
0.7,2360,834
0.7,2361,847
0.7,2362,847
0.7,2363,821
0.7,2364,830
0.7,2365,816
0.7,2366,872
0.7,2367,860
0.7,2368,894
0.7,2369,911
0.7,2370,900
0.7,2371,888
0.7,2372,915
0.7,2373,870
0.7,2374,895
0.7,2375,891
0.7,2376,880
0.7,2377,859
0.7,2378,877
0.7,2379,822
0.7,2380,839
0.7,2381,823
0.7,2382,832
0.7,2383,851
0.7,2384,862
0.7,2385,868
0.7,2386,901
0.7,2387,917
0.7,2388,890
0.7,2389,884
0.7,2390,869
0.7,2391,858
0.7,2392,872
0.7,2393,852
0.7,2394,861
0.7,2395,854
0.7,2396,834
0.7,2397,877
0.7,2398,835
0.7,2399,851
0.7,2400,818
0.7,2401,844
0.7,2402,832
0.7,2403,821
0.7,2404,807
0.7,2405,810
0.7,2406,818
0.7,2407,807
0.7,2408,804
0.7,2409,786
0.7,2410,790
0.7,2411,759
0.7,2412,757
0.7,2413,759
0.7,2414,752
0.7,2415,769
0.7,2416,778
0.7,2417,791
0.7,2418,795
0.7,2419,782
0.7,2420,819
0.7,2421,803
0.7,2422,786
0.7,2423,753
0.7,2424,735
0.7,2425,748
0.7,2426,773
0.7,2427,770
0.7,2428,765
0.7,2429,787
0.7,2430,773
0.7,2431,777
0.7,2432,727
0.7,2433,763
0.7,2434,726
0.7,2435,727
0.7,2436,683
0.7,2437,688
0.7,2438,678
0.7,2439,705
0.7,2440,682
0.7,2441,710
0.7,2442,701
0.7,2443,706
0.7,2444,726
0.7,2445,743
0.7,2446,754
0.7,2447,762
0.7,2448,735
0.7,2449,761
0.7,2450,767
0.7,2451,762
0.7,2452,770
0.7,2453,760
0.7,2454,775
0.7,2455,789
0.7,2456,774
0.7,2457,771
0.7,2458,773
0.7,2459,776
0.7,2460,783
0.7,2461,802
0.7,2462,790
0.7,2463,800
0.7,2464,791
0.7,2465,794
0.7,2466,837
0.7,2467,810
0.7,2468,839
0.7,2469,760
0.7,2470,794
0.7,2471,774
0.7,2472,788
0.7,2473,791
0.7,2474,788
0.7,2475,814
0.7,2476,800
0.7,2477,822
0.7,2478,787
0.7,2479,834
0.7,2480,815
0.7,2481,831
0.7,2482,821
0.7,2483,806
0.7,2484,791
0.7,2485,787
0.7,2486,766
0.7,2487,789
0.7,2488,785
0.7,2489,795
0.7,2490,792
0.7,2491,827
0.7,2492,796
0.7,2493,838
0.7,2494,783
0.7,2495,797
0.7,2496,762
0.7,2497,776
0.7,2498,767
0.7,2499,759
0.7,2500,734
0.7,2501,715
0.7,2502,712
0.7,2503,694
0.7,2504,711
0.7,2505,710
0.7,2506,705
0.7,2507,724
0.7,2508,714
0.7,2509,703
0.7,2510,720
0.7,2511,704
0.7,2512,731
0.7,2513,718
0.7,2514,756
0.7,2515,773
0.7,2516,778
0.7,2517,796
0.7,2518,770
0.7,2519,754
0.7,2520,750
0.7,2521,768
0.7,2522,784
0.7,2523,786
0.7,2524,791
0.7,2525,782
0.7,2526,793
0.7,2527,787
0.7,2528,814
0.7,2529,793
0.7,2530,806
0.7,2531,780
0.7,2532,769
0.7,2533,779
0.7,2534,823
0.7,2535,775
0.7,2536,798
0.7,2537,804
0.7,2538,799
0.7,2539,818
0.7,2540,810
0.7,2541,825
0.7,2542,802
0.7,2543,819
0.7,2544,807
0.7,2545,777
0.7,2546,775
0.7,2547,763
0.7,2548,748
0.7,2549,769
0.7,2550,717
0.7,2551,741
0.7,2552,737
0.7,2553,764
0.7,2554,741
0.7,2555,753
0.7,2556,769
0.7,2557,767
0.7,2558,799
0.7,2559,780
0.7,2560,807
0.7,2561,820
0.7,2562,851
0.7,2563,807
0.7,2564,801
0.7,2565,821
0.7,2566,801
0.7,2567,802
0.7,2568,787
0.7,2569,801
0.7,2570,775
0.7,2571,776
0.7,2572,761
0.7,2573,789
0.7,2574,785
0.7,2575,826
0.7,2576,823
0.7,2577,805
0.7,2578,809
0.7,2579,784
0.7,2580,830
0.7,2581,788
0.7,2582,812
0.7,2583,815
0.7,2584,836
0.7,2585,828
0.7,2586,826
0.7,2587,811
0.7,2588,823
0.7,2589,848
0.7,2590,852
0.7,2591,865
0.7,2592,861
0.7,2593,836
0.7,2594,835
0.7,2595,840
0.7,2596,872
0.7,2597,831
0.7,2598,846
0.7,2599,849
0.7,2600,841
0.7,2601,853
0.7,2602,823
0.7,2603,810
0.7,2604,834
0.7,2605,822
0.7,2606,825
0.7,2607,835
0.7,2608,848
0.7,2609,825
0.7,2610,866
0.7,2611,815
0.7,2612,858
0.7,2613,788
0.7,2614,756
0.7,2615,749
0.7,2616,749
0.7,2617,753
0.7,2618,755
0.7,2619,756
0.7,2620,759
0.7,2621,740
0.7,2622,727
0.7,2623,752
0.7,2624,734
0.7,2625,750
0.7,2626,740
0.7,2627,748
0.7,2628,747
0.7,2629,754
0.7,2630,750
0.7,2631,779
0.7,2632,777
0.7,2633,782
0.7,2634,779
0.7,2635,760
0.7,2636,762
0.7,2637,737
0.7,2638,741
0.7,2639,733
0.7,2640,741
0.7,2641,710
0.7,2642,743
0.7,2643,716
0.7,2644,747
0.7,2645,733
0.7,2646,764
0.7,2647,755
0.7,2648,745
0.7,2649,756
0.7,2650,754
0.7,2651,739
0.7,2652,744
0.7,2653,771
0.7,2654,738
0.7,2655,735
0.7,2656,722
0.7,2657,726
0.7,2658,701
0.7,2659,716
0.7,2660,710
0.7,2661,742
0.7,2662,718
0.7,2663,742
0.7,2664,722
0.7,2665,725
0.7,2666,723
0.7,2667,733
0.7,2668,730
0.7,2669,718
0.7,2670,722
0.7,2671,699
0.7,2672,685
0.7,2673,716
0.7,2674,688
0.7,2675,694
0.7,2676,689
0.7,2677,695
0.7,2678,697
0.7,2679,706
0.7,2680,706
0.7,2681,708
0.7,2682,697
0.7,2683,710
0.7,2684,708
0.7,2685,693
0.7,2686,692
0.7,2687,685
0.7,2688,686
0.7,2689,697
0.7,2690,684
0.7,2691,705
0.7,2692,679
0.7,2693,712
0.7,2694,669
0.7,2695,714
0.7,2696,694
0.7,2697,745
0.7,2698,692
0.7,2699,706
0.7,2700,698
0.7,2701,711
0.7,2702,719
0.7,2703,718
0.7,2704,736
0.7,2705,728
0.7,2706,745
0.7,2707,745
0.7,2708,757
0.7,2709,741
0.7,2710,754
0.7,2711,740
0.7,2712,749
0.7,2713,724
0.7,2714,722
0.7,2715,730
0.7,2716,728
0.7,2717,735
0.7,2718,737
0.7,2719,743
0.7,2720,751
0.7,2721,780
0.7,2722,792
0.7,2723,749
0.7,2724,795
0.7,2725,776
0.7,2726,779
0.7,2727,785
0.7,2728,796
0.7,2729,788
0.7,2730,785
0.7,2731,787
0.7,2732,814
0.7,2733,784
0.7,2734,809
0.7,2735,806
0.7,2736,808
0.7,2737,806
0.7,2738,802
0.7,2739,801
0.7,2740,771
0.7,2741,797
0.7,2742,797
0.7,2743,818
0.7,2744,809
0.7,2745,835
0.7,2746,849
0.7,2747,858
0.7,2748,865
0.7,2749,845
0.7,2750,835
0.7,2751,826
0.7,2752,848
0.7,2753,819
0.7,2754,851
0.7,2755,834
0.7,2756,838
0.7,2757,840
0.7,2758,850
0.7,2759,823
0.7,2760,874
0.7,2761,787
0.7,2762,810
0.7,2763,780
0.7,2764,808
0.7,2765,778
0.7,2766,774
0.7,2767,766
0.7,2768,756
0.7,2769,777
0.7,2770,773
0.7,2771,804
0.7,2772,762
0.7,2773,772
0.7,2774,764
0.7,2775,772
0.7,2776,794
0.7,2777,802
0.7,2778,811
0.7,2779,844
0.7,2780,824
0.7,2781,804
0.7,2782,807
0.7,2783,815
0.7,2784,814
0.7,2785,820
0.7,2786,826
0.7,2787,801
0.7,2788,814
0.7,2789,807
0.7,2790,798
0.7,2791,794
0.7,2792,813
0.7,2793,833
0.7,2794,820
0.7,2795,856
0.7,2796,862
0.7,2797,863
0.7,2798,830
0.7,2799,841
0.7,2800,831
0.7,2801,832
0.7,2802,802
0.7,2803,814
0.7,2804,806
0.7,2805,811
0.7,2806,818
0.7,2807,832
0.7,2808,826
0.7,2809,832
0.7,2810,843
0.7,2811,858
0.7,2812,825
0.7,2813,833
0.7,2814,800
0.7,2815,794
0.7,2816,774
0.7,2817,774
0.7,2818,730
0.7,2819,722
0.7,2820,707
0.7,2821,713
0.7,2822,674
0.7,2823,696
0.7,2824,683
0.7,2825,693
0.7,2826,688
0.7,2827,694
0.7,2828,707
0.7,2829,707
0.7,2830,766
0.7,2831,711
0.7,2832,736
0.7,2833,733
0.7,2834,751
0.7,2835,740
0.7,2836,761
0.7,2837,755
0.7,2838,731
0.7,2839,703
0.7,2840,678
0.7,2841,692
0.7,2842,706
0.7,2843,707
0.7,2844,695
0.7,2845,689
0.7,2846,708
0.7,2847,699
0.7,2848,732
0.7,2849,709
0.7,2850,700
0.7,2851,690
0.7,2852,691
0.7,2853,655
0.7,2854,664
0.7,2855,646
0.7,2856,684
0.7,2857,670
0.7,2858,696
0.7,2859,686
0.7,2860,692
0.7,2861,709
0.7,2862,706
0.7,2863,717
0.7,2864,725
0.7,2865,747
0.7,2866,733
0.7,2867,720
0.7,2868,732
0.7,2869,751
0.7,2870,746
0.7,2871,726
0.7,2872,754
0.7,2873,742
0.7,2874,735
0.7,2875,722
0.7,2876,732
0.7,2877,753
0.7,2878,763
0.7,2879,777
0.7,2880,780
0.7,2881,774
0.7,2882,762
0.7,2883,777
0.7,2884,765
0.7,2885,780
0.7,2886,783
0.7,2887,779
0.7,2888,789
0.7,2889,785
0.7,2890,790
0.7,2891,768
0.7,2892,784
0.7,2893,769
0.7,2894,764
0.7,2895,758
0.7,2896,784
0.7,2897,743
0.7,2898,744
0.7,2899,722
0.7,2900,735
0.7,2901,748
0.7,2902,764
0.7,2903,745
0.7,2904,766
0.7,2905,733
0.7,2906,736
0.7,2907,739
0.7,2908,740
0.7,2909,762
0.7,2910,735
0.7,2911,741
0.7,2912,732
0.7,2913,731
0.7,2914,747
0.7,2915,737
0.7,2916,761
0.7,2917,739
0.7,2918,762
0.7,2919,767
0.7,2920,763
0.7,2921,762
0.7,2922,753
0.7,2923,778
0.7,2924,750
0.7,2925,773
0.7,2926,765
0.7,2927,772
0.7,2928,773
0.7,2929,772
0.7,2930,783
0.7,2931,769
0.7,2932,777
0.7,2933,791
0.7,2934,775
0.7,2935,801
0.7,2936,800
0.7,2937,774
0.7,2938,787
0.7,2939,808
0.7,2940,795
0.7,2941,822
0.7,2942,794
0.7,2943,774
0.7,2944,782
0.7,2945,767
0.7,2946,784
0.7,2947,765
0.7,2948,794
0.7,2949,788
0.7,2950,783
0.7,2951,762
0.7,2952,755
0.7,2953,784
0.7,2954,786
0.7,2955,794
0.7,2956,794
0.7,2957,786
0.7,2958,786
0.7,2959,785
0.7,2960,804
0.7,2961,764
0.7,2962,773
0.7,2963,792
0.7,2964,758
0.7,2965,772
0.7,2966,771
0.7,2967,812
0.7,2968,789
0.7,2969,797
0.7,2970,792
0.7,2971,766
0.7,2972,780
0.7,2973,781
0.7,2974,766
0.7,2975,764
0.7,2976,777
0.7,2977,784
0.7,2978,806
0.7,2979,804
0.7,2980,795
0.7,2981,799
0.7,2982,806
0.7,2983,813
0.7,2984,793
0.7,2985,803
0.7,2986,804
0.7,2987,817
0.7,2988,755
0.7,2989,800
0.7,2990,777
0.7,2991,775
0.7,2992,788
0.7,2993,809
0.7,2994,807
0.7,2995,829
0.7,2996,825
0.7,2997,831
0.7,2998,853
0.7,2999,812
0.7,3000,821
0.7,3001,845
0.7,3002,801
0.7,3003,815
0.7,3004,789
0.7,3005,841
0.7,3006,801
0.7,3007,825
0.7,3008,777
0.7,3009,787
0.7,3010,788
0.7,3011,771
0.7,3012,795
0.7,3013,785
0.7,3014,790
0.7,3015,819
0.7,3016,827
0.7,3017,824
0.7,3018,852
0.7,3019,863
0.7,3020,853
0.7,3021,842
0.7,3022,841
0.7,3023,863
0.7,3024,833
0.7,3025,839
0.7,3026,850
0.7,3027,860
0.7,3028,857
0.7,3029,898
0.7,3030,864
0.7,3031,871
0.7,3032,846
0.7,3033,859
0.7,3034,881
0.7,3035,864
0.7,3036,899
0.7,3037,894
0.7,3038,892
0.7,3039,908
0.7,3040,866
0.7,3041,857
0.7,3042,827
0.7,3043,837
0.7,3044,819
0.7,3045,829
0.7,3046,792
0.7,3047,787
0.7,3048,780
0.7,3049,782
0.7,3050,755
0.7,3051,761
0.7,3052,760
0.7,3053,772
0.7,3054,762
0.7,3055,800
0.7,3056,785
0.7,3057,783
0.7,3058,775
0.7,3059,804
0.7,3060,772
0.7,3061,787
0.7,3062,762
0.7,3063,787
0.7,3064,790
0.7,3065,818
0.7,3066,782
0.7,3067,808
0.7,3068,776
0.7,3069,793
0.7,3070,799
0.7,3071,788
0.7,3072,774
0.7,3073,775
0.7,3074,796
0.7,3075,779
0.7,3076,791
0.7,3077,767
0.7,3078,775
0.7,3079,770
0.7,3080,774
0.7,3081,785
0.7,3082,788
0.7,3083,787
0.7,3084,774
0.7,3085,784
0.7,3086,765
0.7,3087,761
0.7,3088,780
0.7,3089,785
0.7,3090,788
0.7,3091,789
0.7,3092,811
0.7,3093,797
0.7,3094,809
0.7,3095,834
0.7,3096,841
0.7,3097,820
0.7,3098,829
0.7,3099,805
0.7,3100,858
0.7,3101,845
0.7,3102,915
0.7,3103,896
0.7,3104,913
0.7,3105,877
0.7,3106,898
0.7,3107,902
0.7,3108,915
0.7,3109,889
0.7,3110,910
0.7,3111,866
0.7,3112,851
0.7,3113,874
0.7,3114,868
0.7,3115,906
0.7,3116,909
0.7,3117,916
0.7,3118,910
0.7,3119,903
0.7,3120,916
0.7,3121,898
0.7,3122,936
0.7,3123,920
0.7,3124,926
0.7,3125,884
0.7,3126,864
0.7,3127,898
0.7,3128,892
0.7,3129,952
0.7,3130,924
0.7,3131,944
0.7,3132,956
0.7,3133,969
0.7,3134,969
0.7,3135,983
0.7,3136,1034
0.7,3137,1009
0.7,3138,1048
0.7,3139,1047
0.7,3140,1016
0.7,3141,999
0.7,3142,972
0.7,3143,966
0.7,3144,990
0.7,3145,965
0.7,3146,959
0.7,3147,974
0.7,3148,949
0.7,3149,970
0.7,3150,944
0.7,3151,943
0.7,3152,962
0.7,3153,953
0.7,3154,968
0.7,3155,977
0.7,3156,980
0.7,3157,962
0.7,3158,1026
0.7,3159,988
0.7,3160,1032
0.7,3161,968
0.7,3162,1022
0.7,3163,979
0.7,3164,1011
0.7,3165,939
0.7,3166,937
0.7,3167,942
0.7,3168,920
0.7,3169,931
0.7,3170,908
0.7,3171,914
0.7,3172,923
0.7,3173,938
0.7,3174,926
0.7,3175,973
0.7,3176,911
0.7,3177,927
0.7,3178,926
0.7,3179,939
0.7,3180,928
0.7,3181,939
0.7,3182,944
0.7,3183,957
0.7,3184,958
0.7,3185,975
0.7,3186,999
0.7,3187,1012
0.7,3188,1003
0.7,3189,1013
0.7,3190,1003
0.7,3191,970
0.7,3192,964
0.7,3193,932
0.7,3194,961
0.7,3195,996
0.7,3196,975
0.7,3197,1000
0.7,3198,1000
0.7,3199,995
0.7,3200,970
0.7,3201,961
0.7,3202,955
0.7,3203,946
0.7,3204,975
0.7,3205,965
0.7,3206,966
0.7,3207,992
0.7,3208,990
0.7,3209,1005
0.7,3210,1032
0.7,3211,1009
0.7,3212,1039
0.7,3213,1045
0.7,3214,1013
0.7,3215,972
0.7,3216,1001
0.7,3217,966
0.7,3218,973
0.7,3219,964
0.7,3220,929
0.7,3221,952
0.7,3222,942
0.7,3223,952
0.7,3224,940
0.7,3225,959
0.7,3226,940
0.7,3227,936
0.7,3228,916
0.7,3229,914
0.7,3230,879
0.7,3231,856
0.7,3232,893
0.7,3233,875
0.7,3234,873
0.7,3235,898
0.7,3236,847
0.7,3237,823
0.7,3238,828
0.7,3239,814
0.7,3240,829
0.7,3241,836
0.7,3242,854
0.7,3243,846
0.7,3244,831
0.7,3245,853
0.7,3246,872
0.7,3247,877
0.7,3248,845
0.7,3249,868
0.7,3250,872
0.7,3251,852
0.7,3252,823
0.7,3253,852
0.7,3254,850
0.7,3255,873
0.7,3256,874
0.7,3257,868
0.7,3258,873
0.7,3259,897
0.7,3260,901
0.7,3261,898
0.7,3262,855
0.7,3263,880
0.7,3264,846
0.7,3265,847
0.7,3266,845
0.7,3267,833
0.7,3268,849
0.7,3269,841
0.7,3270,851
0.7,3271,861
0.7,3272,857
0.7,3273,876
0.7,3274,868
0.7,3275,849
0.7,3276,848
0.7,3277,820
0.7,3278,832
0.7,3279,800
0.7,3280,796
0.7,3281,784
0.7,3282,795
0.7,3283,802
0.7,3284,840
0.7,3285,808
0.7,3286,799
0.7,3287,770
0.7,3288,767
0.7,3289,772
0.7,3290,767
0.7,3291,759
0.7,3292,746
0.7,3293,760
0.7,3294,806
0.7,3295,784
0.7,3296,812
0.7,3297,821
0.7,3298,832
0.7,3299,811
0.7,3300,835
0.7,3301,781
0.7,3302,793
0.7,3303,765
0.7,3304,756
0.7,3305,769
0.7,3306,736
0.7,3307,744
0.7,3308,746
0.7,3309,720
0.7,3310,696
0.7,3311,695
0.7,3312,696
0.7,3313,686
0.7,3314,675
0.7,3315,699
0.7,3316,697
0.7,3317,707
0.7,3318,706
0.7,3319,710
0.7,3320,705
0.7,3321,713
0.7,3322,717
0.7,3323,726
0.7,3324,707
0.7,3325,727
0.7,3326,729
0.7,3327,754
0.7,3328,745
0.7,3329,749
0.7,3330,748
0.7,3331,771
0.7,3332,782
0.7,3333,798
0.7,3334,768
0.7,3335,762
0.7,3336,754
0.7,3337,784
0.7,3338,768
0.7,3339,771
0.7,3340,784
0.7,3341,779
0.7,3342,755
0.7,3343,755
0.7,3344,763
0.7,3345,734
0.7,3346,741
0.7,3347,715
0.7,3348,689
0.7,3349,693
0.7,3350,701
0.7,3351,702
0.7,3352,683
0.7,3353,693
0.7,3354,679
0.7,3355,660
0.7,3356,670
0.7,3357,650
0.7,3358,665
0.7,3359,652
0.7,3360,646
0.7,3361,641
0.7,3362,674
0.7,3363,638
0.7,3364,654
0.7,3365,680
0.7,3366,670
0.7,3367,675
0.7,3368,639
0.7,3369,669
0.7,3370,638
0.7,3371,672
0.7,3372,657
0.7,3373,675
0.7,3374,673
0.7,3375,683
0.7,3376,688
0.7,3377,680
0.7,3378,713
0.7,3379,695
0.7,3380,685
0.7,3381,697
0.7,3382,687
0.7,3383,682
0.7,3384,693
0.7,3385,674
0.7,3386,687
0.7,3387,681
0.7,3388,691
0.7,3389,699
0.7,3390,707
0.7,3391,703
0.7,3392,724
0.7,3393,733
0.7,3394,750
0.7,3395,724
0.7,3396,712
0.7,3397,700
0.7,3398,714
0.7,3399,687
0.7,3400,702
0.7,3401,676
0.7,3402,676
0.7,3403,671
0.7,3404,674
0.7,3405,688
0.7,3406,655
0.7,3407,670
0.7,3408,650
0.7,3409,666
0.7,3410,658
0.7,3411,648
0.7,3412,648
0.7,3413,638
0.7,3414,652
0.7,3415,631
0.7,3416,652
0.7,3417,622
0.7,3418,635
0.7,3419,628
0.7,3420,634
0.7,3421,636
0.7,3422,623
0.7,3423,651
0.7,3424,659
0.7,3425,639
0.7,3426,633
0.7,3427,661
0.7,3428,638
0.7,3429,662
0.7,3430,675
0.7,3431,693
0.7,3432,712
0.7,3433,712
0.7,3434,717
0.7,3435,730
0.7,3436,759
0.7,3437,765
0.7,3438,798
0.7,3439,792
0.7,3440,775
0.7,3441,803
0.7,3442,786
0.7,3443,783
0.7,3444,794
0.7,3445,798
0.7,3446,815
0.7,3447,821
0.7,3448,805
0.7,3449,802
0.7,3450,754
0.7,3451,780
0.7,3452,741
0.7,3453,779
0.7,3454,753
0.7,3455,773
0.7,3456,767
0.7,3457,779
0.7,3458,794
0.7,3459,791
0.7,3460,800
0.7,3461,783
0.7,3462,782
0.7,3463,788
0.7,3464,762
0.7,3465,770
0.7,3466,726
0.7,3467,748
0.7,3468,724
0.7,3469,732
0.7,3470,755
0.7,3471,739
0.7,3472,748
0.7,3473,735
0.7,3474,728
0.7,3475,747
0.7,3476,737
0.7,3477,722
0.7,3478,747
0.7,3479,757
0.7,3480,758
0.7,3481,787
0.7,3482,797
0.7,3483,794
0.7,3484,802
0.7,3485,797
0.7,3486,800
0.7,3487,779
0.7,3488,834
0.7,3489,824
0.7,3490,856
0.7,3491,831
0.7,3492,859
0.7,3493,851
0.7,3494,848
0.7,3495,831
0.7,3496,833
0.7,3497,817
0.7,3498,821
0.7,3499,817
0.7,3500,848
0.7,3501,836
0.7,3502,870
0.7,3503,892
0.7,3504,883
0.7,3505,884
0.7,3506,883
0.7,3507,867
0.7,3508,877
0.7,3509,872
0.7,3510,899
0.7,3511,831
0.7,3512,858
0.7,3513,834
0.7,3514,825
0.7,3515,817
0.7,3516,835
0.7,3517,834
0.7,3518,849
0.7,3519,838
0.7,3520,796
0.7,3521,831
0.7,3522,850
0.7,3523,852
0.7,3524,829
0.7,3525,850
0.7,3526,868
0.7,3527,865
0.7,3528,855
0.7,3529,853
0.7,3530,837
0.7,3531,803
0.7,3532,802
0.7,3533,783
0.7,3534,782
0.7,3535,775
0.7,3536,789
0.7,3537,760
0.7,3538,758
0.7,3539,765
0.7,3540,785
0.7,3541,777
0.7,3542,758
0.7,3543,760
0.7,3544,783
0.7,3545,763
0.7,3546,787
0.7,3547,736
0.7,3548,757
0.7,3549,751
0.7,3550,772
0.7,3551,787
0.7,3552,761
0.7,3553,749
0.7,3554,725
0.7,3555,729
0.7,3556,746
0.7,3557,755
0.7,3558,765
0.7,3559,775
0.7,3560,752
0.7,3561,752
0.7,3562,744
0.7,3563,734
0.7,3564,735
0.7,3565,753
0.7,3566,727
0.7,3567,727
0.7,3568,705
0.7,3569,708
0.7,3570,704
0.7,3571,726
0.7,3572,726
0.7,3573,708
0.7,3574,703
0.7,3575,710
0.7,3576,703
0.7,3577,676
0.7,3578,696
0.7,3579,698
0.7,3580,710
0.7,3581,731
0.7,3582,718
0.7,3583,713
0.7,3584,676
0.7,3585,687
0.7,3586,682
0.7,3587,667
0.7,3588,671
0.7,3589,671
0.7,3590,646
0.7,3591,663
0.7,3592,644
0.7,3593,646
0.7,3594,643
0.7,3595,640
0.7,3596,638
0.7,3597,633
0.7,3598,621
0.7,3599,654
0.7,3600,658
0.7,3601,651
0.7,3602,653
0.7,3603,671
0.7,3604,672
0.7,3605,638
0.7,3606,669
0.7,3607,603
0.7,3608,601
0.7,3609,584
0.7,3610,607
0.7,3611,607
0.7,3612,626
0.7,3613,611
0.7,3614,594
0.7,3615,594
0.7,3616,596
0.7,3617,603
0.7,3618,623
0.7,3619,628
0.7,3620,635
0.7,3621,641
0.7,3622,642
0.7,3623,647
0.7,3624,654
0.7,3625,637
0.7,3626,654
0.7,3627,623
0.7,3628,622
0.7,3629,593
0.7,3630,613
0.7,3631,593
0.7,3632,600
0.7,3633,582
0.7,3634,588
0.7,3635,580
0.7,3636,577
0.7,3637,572
0.7,3638,570
0.7,3639,559
0.7,3640,582
0.7,3641,578
0.7,3642,608
0.7,3643,602
0.7,3644,592
0.7,3645,616
0.7,3646,614
0.7,3647,630
0.7,3648,614
0.7,3649,596
0.7,3650,598
0.7,3651,614
0.7,3652,621
0.7,3653,628
0.7,3654,642
0.7,3655,663
0.7,3656,695
0.7,3657,668
0.7,3658,653
0.7,3659,664
0.7,3660,685
0.7,3661,691
0.7,3662,663
0.7,3663,691
0.7,3664,680
0.7,3665,688
0.7,3666,684
0.7,3667,720
0.7,3668,683
0.7,3669,687
0.7,3670,694
0.7,3671,704
0.7,3672,679
0.7,3673,701
0.7,3674,698
0.7,3675,696
0.7,3676,682
0.7,3677,707
0.7,3678,683
0.7,3679,703
0.7,3680,703
0.7,3681,715
0.7,3682,693
0.7,3683,710
0.7,3684,684
0.7,3685,716
0.7,3686,679
0.7,3687,714
0.7,3688,702
0.7,3689,702
0.7,3690,662
0.7,3691,707
0.7,3692,702
0.7,3693,719
0.7,3694,709
0.7,3695,733
0.7,3696,703
0.7,3697,689
0.7,3698,684
0.7,3699,684
0.7,3700,663
0.7,3701,679
0.7,3702,643
0.7,3703,670
0.7,3704,641
0.7,3705,654
0.7,3706,648
0.7,3707,645
0.7,3708,648
0.7,3709,669
0.7,3710,670
0.7,3711,670
0.7,3712,685
0.7,3713,682
0.7,3714,709
0.7,3715,671
0.7,3716,688
0.7,3717,675
0.7,3718,652
0.7,3719,662
0.7,3720,648
0.7,3721,661
0.7,3722,636
0.7,3723,662
0.7,3724,644
0.7,3725,626
0.7,3726,643
0.7,3727,617
0.7,3728,608
0.7,3729,595
0.7,3730,579
0.7,3731,575
0.7,3732,590
0.7,3733,572
0.7,3734,560
0.7,3735,540
0.7,3736,557
0.7,3737,538
0.7,3738,560
0.7,3739,546
0.7,3740,563
0.7,3741,554
0.7,3742,566
0.7,3743,570
0.7,3744,557
0.7,3745,584
0.7,3746,584
0.7,3747,564
0.7,3748,570
0.7,3749,539
0.7,3750,534
0.7,3751,529
0.7,3752,533
0.7,3753,507
0.7,3754,509
0.7,3755,514
0.7,3756,508
0.7,3757,496
0.7,3758,488
0.7,3759,491
0.7,3760,485
0.7,3761,496
0.7,3762,500
0.7,3763,511
0.7,3764,501
0.7,3765,495
0.7,3766,493
0.7,3767,502
0.7,3768,482
0.7,3769,491
0.7,3770,494
0.7,3771,493
0.7,3772,475
0.7,3773,471
0.7,3774,477
0.7,3775,487
0.7,3776,490
0.7,3777,485
0.7,3778,483
0.7,3779,482
0.7,3780,476
0.7,3781,478
0.7,3782,480
0.7,3783,481
0.7,3784,494
0.7,3785,480
0.7,3786,501
0.7,3787,478
0.7,3788,483
0.7,3789,483
0.7,3790,488
0.7,3791,493
0.7,3792,502
0.7,3793,504
0.7,3794,506
0.7,3795,520
0.7,3796,514
0.7,3797,519
0.7,3798,519
0.7,3799,507
0.7,3800,507
0.7,3801,509
0.7,3802,532
0.7,3803,530
0.7,3804,563
0.7,3805,510
0.7,3806,507
0.7,3807,507
0.7,3808,498
0.7,3809,498
0.7,3810,496
0.7,3811,497
0.7,3812,507
0.7,3813,512
0.7,3814,522
0.7,3815,520
0.7,3816,512
0.7,3817,503
0.7,3818,513
0.7,3819,511
0.7,3820,506
0.7,3821,517
0.7,3822,502
0.7,3823,512
0.7,3824,512
0.7,3825,515
0.7,3826,524
0.7,3827,512
0.7,3828,521
0.7,3829,512
0.7,3830,525
0.7,3831,515
0.7,3832,515
0.7,3833,515
0.7,3834,497
0.7,3835,501
0.7,3836,486
0.7,3837,503
0.7,3838,495
0.7,3839,505
0.7,3840,506
0.7,3841,507
0.7,3842,519
0.7,3843,516
0.7,3844,523
0.7,3845,528
0.7,3846,539
0.7,3847,514
0.7,3848,491
0.7,3849,493
0.7,3850,481
0.7,3851,477
0.7,3852,480
0.7,3853,478
0.7,3854,473
0.7,3855,477
0.7,3856,473
0.7,3857,486
0.7,3858,488
0.7,3859,487
0.7,3860,498
0.7,3861,508
0.7,3862,490
0.7,3863,496
0.7,3864,496
0.7,3865,486
0.7,3866,486
0.7,3867,475
0.7,3868,480
0.7,3869,469
0.7,3870,464
0.7,3871,464
0.7,3872,467
0.7,3873,456
0.7,3874,458
0.7,3875,450
0.7,3876,449
0.7,3877,449
0.7,3878,466
0.7,3879,464
0.7,3880,439
0.7,3881,432
0.7,3882,438
0.7,3883,439
0.7,3884,446
0.7,3885,440
0.7,3886,448
0.7,3887,445
0.7,3888,462
0.7,3889,456
0.7,3890,474
0.7,3891,471
0.7,3892,473
0.7,3893,478
0.7,3894,482
0.7,3895,465
0.7,3896,466
0.7,3897,475
0.7,3898,476
0.7,3899,497
0.7,3900,467
0.7,3901,460
0.7,3902,464
0.7,3903,465
0.7,3904,464
0.7,3905,474
0.7,3906,476
0.7,3907,485
0.7,3908,489
0.7,3909,483
0.7,3910,516
0.7,3911,500
0.7,3912,518
0.7,3913,524
0.7,3914,528
0.7,3915,538
0.7,3916,525
0.7,3917,519
0.7,3918,508
0.7,3919,523
0.7,3920,517
0.7,3921,527
0.7,3922,518
0.7,3923,503
0.7,3924,503
0.7,3925,500
0.7,3926,529
0.7,3927,514
0.7,3928,531
0.7,3929,528
0.7,3930,522
0.7,3931,518
0.7,3932,494
0.7,3933,491
0.7,3934,493
0.7,3935,500
0.7,3936,509
0.7,3937,490
0.7,3938,527
0.7,3939,521
0.7,3940,532
0.7,3941,506
0.7,3942,507
0.7,3943,518
0.7,3944,520
0.7,3945,482
0.7,3946,501
0.7,3947,494
0.7,3948,501
0.7,3949,504
0.7,3950,527
0.7,3951,521
0.7,3952,531
0.7,3953,531
0.7,3954,532
0.7,3955,534
0.7,3956,535
0.7,3957,526
0.7,3958,547
0.7,3959,531
0.7,3960,557
0.7,3961,541
0.7,3962,536
0.7,3963,533
0.7,3964,550
0.7,3965,555
0.7,3966,573
0.7,3967,565
0.7,3968,556
0.7,3969,594
0.7,3970,571
0.7,3971,570
0.7,3972,576
0.7,3973,583
0.7,3974,586
0.7,3975,564
0.7,3976,580
0.7,3977,564
0.7,3978,583
0.7,3979,583
0.7,3980,603
0.7,3981,605
0.7,3982,589
0.7,3983,580
0.7,3984,579
0.7,3985,603
0.7,3986,611
0.7,3987,593
0.7,3988,596
0.7,3989,576
0.7,3990,590
0.7,3991,596
0.7,3992,589
0.7,3993,591
0.7,3994,619
0.7,3995,585
0.7,3996,595
0.7,3997,597
0.7,3998,573
0.7,3999,567
0.7,4000,578
0.7,4001,562
0.7,4002,566
0.7,4003,556
0.7,4004,548
0.7,4005,563
0.7,4006,556
0.7,4007,556
0.7,4008,562
0.7,4009,560
0.7,4010,577
0.7,4011,559
0.7,4012,567
0.7,4013,555
0.7,4014,561
0.7,4015,547
0.7,4016,555
0.7,4017,550
0.7,4018,560
0.7,4019,559
0.7,4020,573
0.7,4021,550
0.7,4022,564
0.7,4023,550
0.7,4024,554
0.7,4025,559
0.7,4026,562
0.7,4027,569
0.7,4028,559
0.7,4029,541
0.7,4030,542
0.7,4031,529
0.7,4032,514
0.7,4033,513
0.7,4034,521
0.7,4035,523
0.7,4036,503
0.7,4037,519
0.7,4038,505
0.7,4039,528
0.7,4040,513
0.7,4041,508
0.7,4042,512
0.7,4043,507
0.7,4044,517
0.7,4045,501
0.7,4046,507
0.7,4047,505
0.7,4048,522
0.7,4049,504
0.7,4050,528
0.7,4051,509
0.7,4052,499
0.7,4053,491
0.7,4054,473
0.7,4055,477
0.7,4056,476
0.7,4057,471
0.7,4058,476
0.7,4059,474
0.7,4060,494
0.7,4061,491
0.7,4062,492
0.7,4063,497
0.7,4064,488
0.7,4065,490
0.7,4066,498
0.7,4067,485
0.7,4068,507
0.7,4069,491
0.7,4070,500
0.7,4071,476
0.7,4072,501
0.7,4073,486
0.7,4074,511
0.7,4075,515
0.7,4076,509
0.7,4077,480
0.7,4078,483
0.7,4079,490
0.7,4080,500
0.7,4081,493
0.7,4082,488
0.7,4083,483
0.7,4084,496
0.7,4085,490
0.7,4086,505
0.7,4087,506
0.7,4088,516
0.7,4089,517
0.7,4090,538
0.7,4091,527
0.7,4092,511
0.7,4093,515
0.7,4094,524
0.7,4095,520
0.7,4096,529
0.7,4097,524
0.7,4098,522
0.7,4099,547
0.7,4100,524
0.7,4101,541
0.7,4102,528
0.7,4103,525
0.7,4104,525
0.7,4105,546
0.7,4106,526
0.7,4107,533
0.7,4108,539
0.7,4109,559
0.7,4110,552
0.7,4111,566
0.7,4112,563
0.7,4113,561
0.7,4114,585
0.7,4115,549
0.7,4116,555
0.7,4117,546
0.7,4118,567
0.7,4119,553
0.7,4120,554
0.7,4121,550
0.7,4122,565
0.7,4123,552
0.7,4124,547
0.7,4125,541
0.7,4126,529
0.7,4127,550
0.7,4128,538
0.7,4129,555
0.7,4130,530
0.7,4131,538
0.7,4132,538
0.7,4133,557
0.7,4134,547
0.7,4135,530
0.7,4136,525
0.7,4137,507
0.7,4138,513
0.7,4139,508
0.7,4140,518
0.7,4141,538
0.7,4142,519
0.7,4143,541
0.7,4144,537
0.7,4145,555
0.7,4146,543
0.7,4147,548
0.7,4148,521
0.7,4149,525
0.7,4150,519
0.7,4151,522
0.7,4152,542
0.7,4153,529
0.7,4154,538
0.7,4155,539
0.7,4156,529
0.7,4157,527
0.7,4158,526
0.7,4159,531
0.7,4160,529
0.7,4161,534
0.7,4162,521
0.7,4163,534
0.7,4164,527
0.7,4165,544
0.7,4166,531
0.7,4167,561
0.7,4168,542
0.7,4169,564
0.7,4170,543
0.7,4171,553
0.7,4172,560
0.7,4173,559
0.7,4174,564
0.7,4175,520
0.7,4176,540
0.7,4177,523
0.7,4178,535
0.7,4179,537
0.7,4180,529
0.7,4181,550
0.7,4182,548
0.7,4183,548
0.7,4184,534
0.7,4185,535
0.7,4186,533
0.7,4187,521
0.7,4188,533
0.7,4189,512
0.7,4190,522
0.7,4191,517
0.7,4192,533
0.7,4193,535
0.7,4194,552
0.7,4195,554
0.7,4196,567
0.7,4197,586
0.7,4198,579
0.7,4199,594
0.7,4200,584
0.7,4201,584
0.7,4202,560
0.7,4203,577
0.7,4204,568
0.7,4205,567
0.7,4206,578
0.7,4207,577
0.7,4208,568
0.7,4209,589
0.7,4210,589
0.7,4211,610
0.7,4212,613
0.7,4213,625
0.7,4214,631
0.7,4215,618
0.7,4216,614
0.7,4217,613
0.7,4218,606
0.7,4219,614
0.7,4220,596
0.7,4221,583
0.7,4222,574
0.7,4223,601
0.7,4224,590
0.7,4225,599
0.7,4226,600
0.7,4227,602
0.7,4228,619
0.7,4229,614
0.7,4230,619
0.7,4231,609
0.7,4232,607
0.7,4233,617
0.7,4234,607
0.7,4235,601
0.7,4236,610
0.7,4237,607
0.7,4238,618
0.7,4239,628
0.7,4240,633
0.7,4241,647
0.7,4242,646
0.7,4243,647
0.7,4244,644
0.7,4245,674
0.7,4246,645
0.7,4247,619
0.7,4248,623
0.7,4249,633
0.7,4250,616
0.7,4251,612
0.7,4252,625
0.7,4253,610
0.7,4254,595
0.7,4255,584
0.7,4256,593
0.7,4257,573
0.7,4258,581
0.7,4259,581
0.7,4260,600
0.7,4261,596
0.7,4262,583
0.7,4263,602
0.7,4264,580
0.7,4265,595
0.7,4266,566
0.7,4267,560
0.7,4268,594
0.7,4269,556
0.7,4270,567
0.7,4271,543
0.7,4272,535
0.7,4273,535
0.7,4274,520
0.7,4275,514
0.7,4276,507
0.7,4277,497
0.7,4278,487
0.7,4279,487
0.7,4280,504
0.7,4281,508
0.7,4282,511
0.7,4283,518
0.7,4284,524
0.7,4285,530
0.7,4286,530
0.7,4287,538
0.7,4288,553
0.7,4289,552
0.7,4290,561
0.7,4291,560
0.7,4292,544
0.7,4293,530
0.7,4294,520
0.7,4295,509
0.7,4296,506
0.7,4297,498
0.7,4298,515
0.7,4299,504
0.7,4300,520
0.7,4301,484
0.7,4302,477
0.7,4303,471
0.7,4304,473
0.7,4305,483
0.7,4306,480
0.7,4307,510
0.7,4308,480
0.7,4309,500
0.7,4310,499
0.7,4311,499
0.7,4312,505
0.7,4313,511
0.7,4314,510
0.7,4315,517
0.7,4316,508
0.7,4317,501
0.7,4318,506
0.7,4319,488
0.7,4320,485
0.7,4321,479
0.7,4322,484
0.7,4323,480
0.7,4324,501
0.7,4325,495
0.7,4326,502
0.7,4327,514
0.7,4328,521
0.7,4329,520
0.7,4330,527
0.7,4331,528
0.7,4332,517
0.7,4333,514
0.7,4334,509
0.7,4335,507
0.7,4336,518
0.7,4337,513
0.7,4338,515
0.7,4339,526
0.7,4340,515
0.7,4341,532
0.7,4342,541
0.7,4343,517
0.7,4344,526
0.7,4345,517
0.7,4346,510
0.7,4347,505
0.7,4348,493
0.7,4349,503
0.7,4350,497
0.7,4351,502
0.7,4352,501
0.7,4353,495
0.7,4354,508
0.7,4355,488
0.7,4356,497
0.7,4357,483
0.7,4358,492
0.7,4359,495
0.7,4360,499
0.7,4361,497
0.7,4362,517
0.7,4363,521
0.7,4364,519
0.7,4365,525
0.7,4366,523
0.7,4367,523
0.7,4368,509
0.7,4369,500
0.7,4370,504
0.7,4371,515
0.7,4372,520
0.7,4373,505
0.7,4374,527
0.7,4375,505
0.7,4376,500
0.7,4377,495
0.7,4378,506
0.7,4379,495
0.7,4380,489
0.7,4381,492
0.7,4382,485
0.7,4383,490
0.7,4384,498
0.7,4385,498
0.7,4386,506
0.7,4387,497
0.7,4388,503
0.7,4389,505
0.7,4390,506
0.7,4391,519
0.7,4392,504
0.7,4393,495
0.7,4394,492
0.7,4395,487
0.7,4396,489
0.7,4397,475
0.7,4398,486
0.7,4399,482
0.7,4400,492
0.7,4401,491
0.7,4402,495
0.7,4403,497
0.7,4404,517
0.7,4405,499
0.7,4406,530
0.7,4407,519
0.7,4408,526
0.7,4409,525
0.7,4410,525
0.7,4411,522
0.7,4412,526
0.7,4413,541
0.7,4414,538
0.7,4415,541
0.7,4416,571
0.7,4417,560
0.7,4418,562
0.7,4419,566
0.7,4420,566
0.7,4421,572
0.7,4422,584
0.7,4423,568
0.7,4424,597
0.7,4425,582
0.7,4426,596
0.7,4427,597
0.7,4428,640
0.7,4429,590
0.7,4430,612
0.7,4431,603
0.7,4432,614
0.7,4433,587
0.7,4434,604
0.7,4435,589
0.7,4436,609
0.7,4437,600
0.7,4438,588
0.7,4439,582
0.7,4440,584
0.7,4441,560
0.7,4442,563
0.7,4443,553
0.7,4444,567
0.7,4445,564
0.7,4446,569
0.7,4447,572
0.7,4448,594
0.7,4449,579
0.7,4450,573
0.7,4451,586
0.7,4452,550
0.7,4453,556
0.7,4454,570
0.7,4455,582
0.7,4456,571
0.7,4457,586
0.7,4458,575
0.7,4459,579
0.7,4460,575
0.7,4461,595
0.7,4462,602
0.7,4463,608
0.7,4464,615
0.7,4465,621
0.7,4466,616
0.7,4467,597
0.7,4468,603
0.7,4469,616
0.7,4470,601
0.7,4471,609
0.7,4472,585
0.7,4473,590
0.7,4474,602
0.7,4475,615
0.7,4476,625
0.7,4477,618
0.7,4478,612
0.7,4479,611
0.7,4480,603
0.7,4481,599
0.7,4482,598
0.7,4483,596
0.7,4484,612
0.7,4485,620
0.7,4486,626
0.7,4487,663
0.7,4488,628
0.7,4489,647
0.7,4490,643
0.7,4491,651
0.7,4492,629
0.7,4493,643
0.7,4494,623
0.7,4495,629
0.7,4496,598
0.7,4497,586
0.7,4498,578
0.7,4499,568
0.7,4500,569
0.7,4501,568
0.7,4502,554
0.7,4503,534
0.7,4504,541
0.7,4505,518
0.7,4506,522
0.7,4507,523
0.7,4508,527
0.7,4509,527
0.7,4510,532
0.7,4511,552
0.7,4512,541
0.7,4513,581
0.7,4514,556
0.7,4515,589
0.7,4516,569
0.7,4517,579
0.7,4518,597
0.7,4519,609
0.7,4520,589
0.7,4521,595
0.7,4522,607
0.7,4523,605
0.7,4524,627
0.7,4525,625
0.7,4526,609
0.7,4527,594
0.7,4528,576
0.7,4529,557
0.7,4530,561
0.7,4531,560
0.7,4532,565
0.7,4533,568
0.7,4534,572
0.7,4535,563
0.7,4536,574
0.7,4537,559
0.7,4538,571
0.7,4539,560
0.7,4540,574
0.7,4541,561
0.7,4542,570
0.7,4543,550
0.7,4544,546
0.7,4545,561
0.7,4546,564
0.7,4547,550
0.7,4548,569
0.7,4549,555
0.7,4550,566
0.7,4551,568
0.7,4552,568
0.7,4553,566
0.7,4554,563
0.7,4555,556
0.7,4556,557
0.7,4557,560
0.7,4558,565
0.7,4559,575
0.7,4560,582
0.7,4561,573
0.7,4562,582
0.7,4563,562
0.7,4564,566
0.7,4565,576
0.7,4566,572
0.7,4567,566
0.7,4568,577
0.7,4569,560
0.7,4570,571
0.7,4571,567
0.7,4572,579
0.7,4573,576
0.7,4574,572
0.7,4575,571
0.7,4576,598
0.7,4577,600
0.7,4578,582
0.7,4579,581
0.7,4580,575
0.7,4581,573
0.7,4582,598
0.7,4583,589
0.7,4584,603
0.7,4585,604
0.7,4586,624
0.7,4587,605
0.7,4588,612
0.7,4589,622
0.7,4590,603
0.7,4591,613
0.7,4592,622
0.7,4593,646
0.7,4594,620
0.7,4595,619
0.7,4596,607
0.7,4597,592
0.7,4598,589
0.7,4599,590
0.7,4600,579
0.7,4601,579
0.7,4602,607
0.7,4603,604
0.7,4604,617
0.7,4605,601
0.7,4606,608
0.7,4607,599
0.7,4608,619
0.7,4609,618
0.7,4610,645
0.7,4611,613
0.7,4612,605
0.7,4613,614
0.7,4614,595
0.7,4615,594
0.7,4616,594
0.7,4617,602
0.7,4618,592
0.7,4619,586
0.7,4620,593
0.7,4621,588
0.7,4622,606
0.7,4623,611
0.7,4624,590
0.7,4625,585
0.7,4626,591
0.7,4627,584
0.7,4628,602
0.7,4629,591
0.7,4630,599
0.7,4631,598
0.7,4632,600
0.7,4633,612
0.7,4634,608
0.7,4635,637
0.7,4636,594
0.7,4637,577
0.7,4638,580
0.7,4639,565
0.7,4640,579
0.7,4641,583
0.7,4642,599
0.7,4643,587
0.7,4644,563
0.7,4645,574
0.7,4646,565
0.7,4647,577
0.7,4648,577
0.7,4649,576
0.7,4650,574
0.7,4651,558
0.7,4652,576
0.7,4653,554
0.7,4654,562
0.7,4655,570
0.7,4656,555
0.7,4657,558
0.7,4658,547
0.7,4659,564
0.7,4660,549
0.7,4661,553
0.7,4662,539
0.7,4663,545
0.7,4664,535
0.7,4665,551
0.7,4666,536
0.7,4667,548
0.7,4668,557
0.7,4669,558
0.7,4670,562
0.7,4671,584
0.7,4672,584
0.7,4673,587
0.7,4674,591
0.7,4675,589
0.7,4676,582
0.7,4677,574
0.7,4678,577
0.7,4679,569
0.7,4680,567
0.7,4681,573
0.7,4682,565
0.7,4683,571
0.7,4684,577
0.7,4685,576
0.7,4686,576
0.7,4687,562
0.7,4688,573
0.7,4689,589
0.7,4690,592
0.7,4691,606
0.7,4692,613
0.7,4693,619
0.7,4694,608
0.7,4695,643
0.7,4696,607
0.7,4697,609
0.7,4698,604
0.7,4699,614
0.7,4700,643
0.7,4701,638
0.7,4702,653
0.7,4703,627
0.7,4704,625
0.7,4705,639
0.7,4706,614
0.7,4707,607
0.7,4708,603
0.7,4709,606
0.7,4710,599
0.7,4711,608
0.7,4712,609
0.7,4713,614
0.7,4714,595
0.7,4715,613
0.7,4716,603
0.7,4717,600
0.7,4718,591
0.7,4719,595
0.7,4720,584
0.7,4721,592
0.7,4722,598
0.7,4723,602
0.7,4724,616
0.7,4725,632
0.7,4726,620
0.7,4727,622
0.7,4728,585
0.7,4729,573
0.7,4730,574
0.7,4731,589
0.7,4732,584
0.7,4733,569
0.7,4734,562
0.7,4735,565
0.7,4736,558
0.7,4737,546
0.7,4738,541
0.7,4739,549
0.7,4740,548
0.7,4741,546
0.7,4742,533
0.7,4743,541
0.7,4744,541
0.7,4745,553
0.7,4746,565
0.7,4747,578
0.7,4748,576
0.7,4749,591
0.7,4750,588
0.7,4751,602
0.7,4752,589
0.7,4753,608
0.7,4754,604
0.7,4755,633
0.7,4756,635
0.7,4757,629
0.7,4758,616
0.7,4759,646
0.7,4760,624
0.7,4761,642
0.7,4762,633
0.7,4763,633
0.7,4764,611
0.7,4765,633
0.7,4766,642
0.7,4767,622
0.7,4768,624
0.7,4769,629
0.7,4770,614
0.7,4771,619
0.7,4772,628
0.7,4773,634
0.7,4774,637
0.7,4775,646
0.7,4776,651
0.7,4777,683
0.7,4778,621
0.7,4779,624
0.7,4780,619
0.7,4781,632
0.7,4782,599
0.7,4783,596
0.7,4784,597
0.7,4785,605
0.7,4786,604
0.7,4787,586
0.7,4788,590
0.7,4789,596
0.7,4790,604
0.7,4791,608
0.7,4792,610
0.7,4793,607
0.7,4794,608
0.7,4795,599
0.7,4796,603
0.7,4797,605
0.7,4798,608
0.7,4799,628
0.7,4800,632
0.7,4801,612
0.7,4802,623
0.7,4803,597
0.7,4804,590
0.7,4805,609
0.7,4806,590
0.7,4807,606
0.7,4808,588
0.7,4809,603
0.7,4810,585
0.7,4811,588
0.7,4812,612
0.7,4813,590
0.7,4814,584
0.7,4815,598
0.7,4816,592
0.7,4817,593
0.7,4818,581
0.7,4819,603
0.7,4820,604
0.7,4821,611
0.7,4822,585
0.7,4823,592
0.7,4824,568
0.7,4825,578
0.7,4826,589
0.7,4827,587
0.7,4828,583
0.7,4829,583
0.7,4830,581
0.7,4831,595
0.7,4832,584
0.7,4833,600
0.7,4834,597
0.7,4835,584
0.7,4836,600
0.7,4837,585
0.7,4838,583
0.7,4839,590
0.7,4840,588
0.7,4841,573
0.7,4842,571
0.7,4843,587
0.7,4844,598
0.7,4845,584
0.7,4846,597
0.7,4847,595
0.7,4848,611
0.7,4849,597
0.7,4850,613
0.7,4851,612
0.7,4852,609
0.7,4853,600
0.7,4854,605
0.7,4855,602
0.7,4856,616
0.7,4857,613
0.7,4858,627
0.7,4859,629
0.7,4860,656
0.7,4861,594
0.7,4862,587
0.7,4863,578
0.7,4864,568
0.7,4865,577
0.7,4866,567
0.7,4867,585
0.7,4868,575
0.7,4869,589
0.7,4870,591
0.7,4871,598
0.7,4872,599
0.7,4873,614
0.7,4874,617
0.7,4875,625
0.7,4876,610
0.7,4877,632
0.7,4878,588
0.7,4879,603
0.7,4880,595
0.7,4881,609
0.7,4882,630
0.7,4883,630
0.7,4884,657
0.7,4885,628
0.7,4886,622
0.7,4887,612
0.7,4888,617
0.7,4889,628
0.7,4890,601
0.7,4891,611
0.7,4892,594
0.7,4893,597
0.7,4894,595
0.7,4895,610
0.7,4896,591
0.7,4897,622
0.7,4898,580
0.7,4899,570
0.7,4900,576
0.7,4901,592
0.7,4902,596
0.7,4903,615
0.7,4904,622
0.7,4905,630
0.7,4906,635
0.7,4907,625
0.7,4908,658
0.7,4909,652
0.7,4910,665
0.7,4911,647
0.7,4912,646
0.7,4913,650
0.7,4914,660
0.7,4915,648
0.7,4916,648
0.7,4917,641
0.7,4918,646
0.7,4919,672
0.7,4920,657
0.7,4921,700
0.7,4922,676
0.7,4923,723
0.7,4924,694
0.7,4925,692
0.7,4926,689
0.7,4927,671
0.7,4928,698
0.7,4929,710
0.7,4930,735
0.7,4931,714
0.7,4932,713
0.7,4933,725
0.7,4934,742
0.7,4935,736
0.7,4936,764
0.7,4937,747
0.7,4938,731
0.7,4939,730
0.7,4940,729
0.7,4941,720
0.7,4942,694
0.7,4943,692
0.7,4944,663
0.7,4945,655
0.7,4946,649
0.7,4947,643
0.7,4948,673
0.7,4949,656
0.7,4950,660
0.7,4951,644
0.7,4952,664
0.7,4953,659
0.7,4954,648
0.7,4955,653
0.7,4956,648
0.7,4957,645
0.7,4958,657
0.7,4959,638
0.7,4960,650
0.7,4961,639
0.7,4962,650
0.7,4963,653
0.7,4964,659
0.7,4965,648
0.7,4966,670
0.7,4967,622
0.7,4968,624
0.7,4969,640
0.7,4970,643
0.7,4971,654
0.7,4972,650
0.7,4973,640
0.7,4974,645
0.7,4975,647
0.7,4976,654
0.7,4977,656
0.7,4978,661
0.7,4979,648
0.7,4980,639
0.7,4981,632
0.7,4982,663
0.7,4983,636
0.7,4984,627
0.7,4985,628
0.7,4986,628
0.7,4987,637
0.7,4988,651
0.7,4989,639
0.7,4990,644
0.7,4991,625
0.7,4992,627
0.7,4993,627
0.7,4994,615
0.7,4995,626
0.7,4996,605
0.7,4997,601
0.7,4998,595
0.7,4999,615
0.7,5000,605
0.7,5001,615
0.7,5002,618
0.7,5003,633
0.7,5004,634
0.7,5005,657
0.7,5006,644
0.7,5007,637
0.7,5008,654
0.7,5009,640
0.7,5010,666
0.7,5011,661
0.7,5012,675
0.7,5013,661
0.7,5014,646
0.7,5015,632
0.7,5016,646
0.7,5017,619
0.7,5018,636
0.7,5019,635
0.7,5020,649
0.7,5021,655
0.7,5022,634
0.7,5023,635
0.7,5024,633
0.7,5025,638
0.7,5026,627
0.7,5027,643
0.7,5028,648
0.7,5029,625
0.7,5030,639
0.7,5031,643
0.7,5032,637
0.7,5033,620
0.7,5034,626
0.7,5035,615
0.7,5036,644
0.7,5037,607
0.7,5038,623
0.7,5039,624
0.7,5040,623
0.7,5041,642
0.7,5042,649
0.7,5043,653
0.7,5044,659
0.7,5045,652
0.7,5046,657
0.7,5047,648
0.7,5048,646
0.7,5049,645
0.7,5050,640
0.7,5051,662
0.7,5052,639
0.7,5053,666
0.7,5054,629
0.7,5055,627
0.7,5056,634
0.7,5057,629
0.7,5058,644
0.7,5059,634
0.7,5060,632
0.7,5061,628
0.7,5062,617
0.7,5063,619
0.7,5064,639
0.7,5065,649
0.7,5066,637
0.7,5067,671
0.7,5068,667
0.7,5069,675
0.7,5070,689
0.7,5071,700
0.7,5072,689
0.7,5073,690
0.7,5074,667
0.7,5075,659
0.7,5076,675
0.7,5077,669
0.7,5078,644
0.7,5079,634
0.7,5080,640
0.7,5081,622
0.7,5082,627
0.7,5083,634
0.7,5084,616
0.7,5085,625
0.7,5086,628
0.7,5087,623
0.7,5088,610
0.7,5089,616
0.7,5090,621
0.7,5091,625
0.7,5092,621
0.7,5093,615
0.7,5094,624
0.7,5095,628
0.7,5096,640
0.7,5097,625
0.7,5098,638
0.7,5099,617
0.7,5100,620
0.7,5101,629
0.7,5102,626
0.7,5103,626
0.7,5104,627
0.7,5105,633
0.7,5106,627
0.7,5107,621
0.7,5108,615
0.7,5109,622
0.7,5110,631
0.7,5111,631
0.7,5112,623
0.7,5113,626
0.7,5114,637
0.7,5115,604
0.7,5116,597
0.7,5117,611
0.7,5118,606
0.7,5119,614
0.7,5120,601
0.7,5121,599
0.7,5122,591
0.7,5123,592
0.7,5124,594
0.7,5125,590
0.7,5126,591
0.7,5127,600
0.7,5128,589
0.7,5129,584
0.7,5130,594
0.7,5131,595
0.7,5132,586
0.7,5133,602
0.7,5134,602
0.7,5135,595
0.7,5136,616
0.7,5137,597
0.7,5138,604
0.7,5139,601
0.7,5140,609
0.7,5141,607
0.7,5142,628
0.7,5143,615
0.7,5144,600
0.7,5145,591
0.7,5146,600
0.7,5147,594
0.7,5148,592
0.7,5149,583
0.7,5150,609
0.7,5151,595
0.7,5152,615
0.7,5153,590
0.7,5154,626
0.7,5155,606
0.7,5156,613
0.7,5157,618
0.7,5158,647
0.7,5159,602
0.7,5160,627
0.7,5161,605
0.7,5162,628
0.7,5163,615
0.7,5164,625
0.7,5165,629
0.7,5166,646
0.7,5167,652
0.7,5168,632
0.7,5169,641
0.7,5170,631
0.7,5171,660
0.7,5172,660
0.7,5173,661
0.7,5174,657
0.7,5175,656
0.7,5176,652
0.7,5177,645
0.7,5178,645
0.7,5179,641
0.7,5180,644
0.7,5181,647
0.7,5182,633
0.7,5183,643
0.7,5184,642
0.7,5185,639
0.7,5186,625
0.7,5187,641
0.7,5188,627
0.7,5189,619
0.7,5190,625
0.7,5191,639
0.7,5192,622
0.7,5193,648
0.7,5194,642
0.7,5195,642
0.7,5196,634
0.7,5197,644
0.7,5198,640
0.7,5199,646
0.7,5200,631
0.7,5201,632
0.7,5202,644
0.7,5203,660
0.7,5204,643
0.7,5205,640
0.7,5206,645
0.7,5207,656
0.7,5208,650
0.7,5209,681
0.7,5210,684
0.7,5211,683
0.7,5212,693
0.7,5213,678
0.7,5214,660
0.7,5215,664
0.7,5216,658
0.7,5217,641
0.7,5218,650
0.7,5219,640
0.7,5220,667
0.7,5221,698
0.7,5222,686
0.7,5223,685
0.7,5224,673
0.7,5225,673
0.7,5226,673
0.7,5227,670
0.7,5228,702
0.7,5229,672
0.7,5230,700
0.7,5231,692
0.7,5232,701
0.7,5233,711
0.7,5234,729
0.7,5235,709
0.7,5236,709
0.7,5237,697
0.7,5238,719
0.7,5239,714
0.7,5240,755
0.7,5241,735
0.7,5242,722
0.7,5243,719
0.7,5244,729
0.7,5245,734
0.7,5246,732
0.7,5247,738
0.7,5248,724
0.7,5249,708
0.7,5250,731
0.7,5251,747
0.7,5252,751
0.7,5253,732
0.7,5254,736
0.7,5255,715
0.7,5256,681
0.7,5257,699
0.7,5258,699
0.7,5259,689
0.7,5260,696
0.7,5261,712
0.7,5262,724
0.7,5263,726
0.7,5264,689
0.7,5265,689
0.7,5266,700
0.7,5267,714
0.7,5268,718
0.7,5269,699
0.7,5270,690
0.7,5271,714
0.7,5272,711
0.7,5273,713
0.7,5274,714
0.7,5275,688
0.7,5276,701
0.7,5277,702
0.7,5278,686
0.7,5279,684
0.7,5280,701
0.7,5281,699
0.7,5282,687
0.7,5283,692
0.7,5284,692
0.7,5285,692
0.7,5286,689
0.7,5287,672
0.7,5288,657
0.7,5289,665
0.7,5290,661
0.7,5291,698
0.7,5292,678
0.7,5293,684
0.7,5294,676
0.7,5295,699
0.7,5296,703
0.7,5297,714
0.7,5298,710
0.7,5299,702
0.7,5300,695
0.7,5301,692
0.7,5302,708
0.7,5303,676
0.7,5304,681
0.7,5305,663
0.7,5306,659
0.7,5307,641
0.7,5308,640
0.7,5309,656
0.7,5310,656
0.7,5311,663
0.7,5312,682
0.7,5313,676
0.7,5314,688
0.7,5315,680
0.7,5316,692
0.7,5317,702
0.7,5318,710
0.7,5319,712
0.7,5320,721
0.7,5321,703
0.7,5322,703
0.7,5323,671
0.7,5324,694
0.7,5325,672
0.7,5326,677
0.7,5327,663
0.7,5328,684
0.7,5329,690
0.7,5330,675
0.7,5331,651
0.7,5332,664
0.7,5333,655
0.7,5334,658
0.7,5335,658
0.7,5336,645
0.7,5337,645
0.7,5338,644
0.7,5339,617
0.7,5340,645
0.7,5341,636
0.7,5342,629
0.7,5343,621
0.7,5344,610
0.7,5345,604
0.7,5346,611
0.7,5347,630
0.7,5348,621
0.7,5349,638
0.7,5350,616
0.7,5351,621
0.7,5352,611
0.7,5353,608
0.7,5354,620
0.7,5355,629
0.7,5356,634
0.7,5357,628
0.7,5358,619
0.7,5359,629
0.7,5360,639
0.7,5361,606
0.7,5362,608
0.7,5363,587
0.7,5364,585
0.7,5365,580
0.7,5366,584
0.7,5367,575
0.7,5368,583
0.7,5369,578
0.7,5370,585
0.7,5371,583
0.7,5372,573
0.7,5373,573
0.7,5374,584
0.7,5375,579
0.7,5376,595
0.7,5377,587
0.7,5378,601
0.7,5379,602
0.7,5380,608
0.7,5381,600
0.7,5382,606
0.7,5383,611
0.7,5384,608
0.7,5385,603
0.7,5386,608
0.7,5387,631
0.7,5388,616
0.7,5389,621
0.7,5390,615
0.7,5391,625
0.7,5392,621
0.7,5393,607
0.7,5394,616
0.7,5395,628
0.7,5396,630
0.7,5397,627
0.7,5398,642
0.7,5399,614
0.7,5400,615
0.7,5401,613
0.7,5402,614
0.7,5403,602
0.7,5404,604
0.7,5405,620
0.7,5406,606
0.7,5407,619
0.7,5408,614
0.7,5409,612
0.7,5410,616
0.7,5411,610
0.7,5412,619
0.7,5413,611
0.7,5414,593
0.7,5415,611
0.7,5416,593
0.7,5417,602
0.7,5418,600
0.7,5419,596
0.7,5420,605
0.7,5421,585
0.7,5422,576
0.7,5423,563
0.7,5424,563
0.7,5425,566
0.7,5426,570
0.7,5427,588
0.7,5428,580
0.7,5429,559
0.7,5430,548
0.7,5431,552
0.7,5432,545
0.7,5433,549
0.7,5434,551
0.7,5435,553
0.7,5436,552
0.7,5437,535
0.7,5438,533
0.7,5439,545
0.7,5440,542
0.7,5441,539
0.7,5442,528
0.7,5443,532
0.7,5444,517
0.7,5445,527
0.7,5446,521
0.7,5447,531
0.7,5448,534
0.7,5449,546
0.7,5450,525
0.7,5451,539
0.7,5452,524
0.7,5453,534
0.7,5454,529
0.7,5455,532
0.7,5456,531
0.7,5457,535
0.7,5458,549
0.7,5459,530
0.7,5460,538
0.7,5461,522
0.7,5462,525
0.7,5463,528
0.7,5464,521
0.7,5465,525
0.7,5466,531
0.7,5467,540
0.7,5468,529
0.7,5469,540
0.7,5470,545
0.7,5471,543
0.7,5472,541
0.7,5473,539
0.7,5474,530
0.7,5475,530
0.7,5476,524
0.7,5477,534
0.7,5478,501
0.7,5479,508
0.7,5480,499
0.7,5481,495
0.7,5482,502
0.7,5483,498
0.7,5484,505
0.7,5485,508
0.7,5486,514
0.7,5487,508
0.7,5488,523
0.7,5489,508
0.7,5490,507
0.7,5491,503
0.7,5492,510
0.7,5493,516
0.7,5494,524
0.7,5495,521
0.7,5496,519
0.7,5497,515
0.7,5498,521
0.7,5499,524
0.7,5500,534
0.7,5501,536
0.7,5502,516
0.7,5503,537
0.7,5504,517
0.7,5505,519
0.7,5506,522
0.7,5507,513
0.7,5508,512
0.7,5509,501
0.7,5510,501
0.7,5511,497
0.7,5512,493
0.7,5513,496
0.7,5514,498
0.7,5515,495
0.7,5516,505
0.7,5517,493
0.7,5518,484
0.7,5519,484
0.7,5520,485
0.7,5521,492
0.7,5522,491
0.7,5523,501
0.7,5524,499
0.7,5525,501
0.7,5526,499
0.7,5527,500
0.7,5528,495
0.7,5529,493
0.7,5530,482
0.7,5531,476
0.7,5532,477
0.7,5533,477
0.7,5534,479
0.7,5535,483
0.7,5536,483
0.7,5537,487
0.7,5538,489
0.7,5539,491
0.7,5540,491
0.7,5541,494
0.7,5542,499
0.7,5543,517
0.7,5544,507
0.7,5545,526
0.7,5546,533
0.7,5547,546
0.7,5548,528
0.7,5549,524
0.7,5550,526
0.7,5551,543
0.7,5552,528
0.7,5553,530
0.7,5554,536
0.7,5555,551
0.7,5556,538
0.7,5557,552
0.7,5558,550
0.7,5559,547
0.7,5560,549
0.7,5561,559
0.7,5562,569
0.7,5563,567
0.7,5564,574
0.7,5565,558
0.7,5566,576
0.7,5567,569
0.7,5568,574
0.7,5569,582
0.7,5570,586
0.7,5571,563
0.7,5572,574
0.7,5573,591
0.7,5574,580
0.7,5575,586
0.7,5576,584
0.7,5577,578
0.7,5578,579
0.7,5579,562
0.7,5580,584
0.7,5581,550
0.7,5582,550
0.7,5583,538
0.7,5584,539
0.7,5585,540
0.7,5586,546
0.7,5587,549
0.7,5588,556
0.7,5589,530
0.7,5590,532
0.7,5591,520
0.7,5592,521
0.7,5593,524
0.7,5594,524
0.7,5595,531
0.7,5596,531
0.7,5597,538
0.7,5598,548
0.7,5599,549
0.7,5600,575
0.7,5601,565
0.7,5602,565
0.7,5603,587
0.7,5604,594
0.7,5605,590
0.7,5606,596
0.7,5607,606
0.7,5608,609
0.7,5609,614
0.7,5610,619
0.7,5611,626
0.7,5612,611
0.7,5613,619
0.7,5614,624
0.7,5615,628
0.7,5616,635
0.7,5617,596
0.7,5618,598
0.7,5619,587
0.7,5620,590
0.7,5621,590
0.7,5622,589
0.7,5623,572
0.7,5624,584
0.7,5625,577
0.7,5626,601
0.7,5627,588
0.7,5628,607
0.7,5629,604
0.7,5630,597
0.7,5631,595
0.7,5632,609
0.7,5633,555
0.7,5634,568
0.7,5635,554
0.7,5636,558
0.7,5637,559
0.7,5638,558
0.7,5639,541
0.7,5640,533
0.7,5641,526
0.7,5642,532
0.7,5643,546
0.7,5644,534
0.7,5645,533
0.7,5646,530
0.7,5647,528
0.7,5648,534
0.7,5649,547
0.7,5650,525
0.7,5651,527
0.7,5652,519
0.7,5653,516
0.7,5654,517
0.7,5655,519
0.7,5656,522
0.7,5657,524
0.7,5658,517
0.7,5659,511
0.7,5660,501
0.7,5661,509
0.7,5662,508
0.7,5663,510
0.7,5664,511
0.7,5665,507
0.7,5666,508
0.7,5667,507
0.7,5668,502
0.7,5669,507
0.7,5670,501
0.7,5671,511
0.7,5672,504
0.7,5673,512
0.7,5674,512
0.7,5675,518
0.7,5676,527
0.7,5677,536
0.7,5678,532
0.7,5679,538
0.7,5680,536
0.7,5681,538
0.7,5682,530
0.7,5683,542
0.7,5684,531
0.7,5685,522
0.7,5686,517
0.7,5687,520
0.7,5688,514
0.7,5689,521
0.7,5690,513
0.7,5691,514
0.7,5692,515
0.7,5693,521
0.7,5694,528
0.7,5695,533
0.7,5696,534
0.7,5697,544
0.7,5698,546
0.7,5699,552
0.7,5700,552
0.7,5701,548
0.7,5702,564
0.7,5703,551
0.7,5704,559
0.7,5705,554
0.7,5706,557
0.7,5707,558
0.7,5708,550
0.7,5709,553
0.7,5710,555
0.7,5711,567
0.7,5712,553
0.7,5713,547
0.7,5714,529
0.7,5715,545
0.7,5716,545
0.7,5717,552
0.7,5718,548
0.7,5719,564
0.7,5720,571
0.7,5721,568
0.7,5722,566
0.7,5723,571
0.7,5724,556
0.7,5725,566
0.7,5726,554
0.7,5727,566
0.7,5728,579
0.7,5729,582
0.7,5730,592
0.7,5731,607
0.7,5732,604
0.7,5733,601
0.7,5734,585
0.7,5735,603
0.7,5736,582
0.7,5737,608
0.7,5738,565
0.7,5739,578
0.7,5740,571
0.7,5741,575
0.7,5742,587
0.7,5743,597
0.7,5744,586
0.7,5745,580
0.7,5746,593
0.7,5747,584
0.7,5748,593
0.7,5749,605
0.7,5750,605
0.7,5751,612
0.7,5752,610
0.7,5753,614
0.7,5754,621
0.7,5755,610
0.7,5756,621
0.7,5757,636
0.7,5758,594
0.7,5759,625
0.7,5760,610
0.7,5761,617
0.7,5762,590
0.7,5763,597
0.7,5764,584
0.7,5765,598
0.7,5766,569
0.7,5767,576
0.7,5768,558
0.7,5769,564
0.7,5770,549
0.7,5771,545
0.7,5772,574
0.7,5773,554
0.7,5774,590
0.7,5775,565
0.7,5776,573
0.7,5777,572
0.7,5778,587
0.7,5779,598
0.7,5780,592
0.7,5781,573
0.7,5782,591
0.7,5783,578
0.7,5784,588
0.7,5785,593
0.7,5786,587
0.7,5787,567
0.7,5788,567
0.7,5789,574
0.7,5790,578
0.7,5791,584
0.7,5792,583
0.7,5793,591
0.7,5794,585
0.7,5795,587
0.7,5796,582
0.7,5797,591
0.7,5798,588
0.7,5799,609
0.7,5800,610
0.7,5801,602
0.7,5802,593
0.7,5803,596
0.7,5804,605
0.7,5805,602
0.7,5806,621
0.7,5807,606
0.7,5808,618
0.7,5809,591
0.7,5810,612
0.7,5811,605
0.7,5812,601
0.7,5813,600
0.7,5814,616
0.7,5815,602
0.7,5816,637
0.7,5817,615
0.7,5818,615
0.7,5819,609
0.7,5820,623
0.7,5821,604
0.7,5822,611
0.7,5823,610
0.7,5824,622
0.7,5825,624
0.7,5826,614
0.7,5827,627
0.7,5828,630
0.7,5829,619
0.7,5830,628
0.7,5831,631
0.7,5832,615
0.7,5833,607
0.7,5834,610
0.7,5835,612
0.7,5836,602
0.7,5837,608
0.7,5838,602
0.7,5839,598
0.7,5840,588
0.7,5841,606
0.7,5842,608
0.7,5843,632
0.7,5844,610
0.7,5845,617
0.7,5846,585
0.7,5847,589
0.7,5848,578
0.7,5849,578
0.7,5850,574
0.7,5851,578
0.7,5852,585
0.7,5853,592
0.7,5854,593
0.7,5855,598
0.7,5856,605
0.7,5857,610
0.7,5858,607
0.7,5859,611
0.7,5860,610
0.7,5861,628
0.7,5862,632
0.7,5863,631
0.7,5864,616
0.7,5865,624
0.7,5866,599
0.7,5867,589
0.7,5868,597
0.7,5869,609
0.7,5870,603
0.7,5871,604
0.7,5872,598
0.7,5873,601
0.7,5874,591
0.7,5875,596
0.7,5876,594
0.7,5877,596
0.7,5878,591
0.7,5879,599
0.7,5880,605
0.7,5881,585
0.7,5882,593
0.7,5883,594
0.7,5884,600
0.7,5885,613
0.7,5886,596
0.7,5887,597
0.7,5888,598
0.7,5889,603
0.7,5890,604
0.7,5891,607
0.7,5892,597
0.7,5893,615
0.7,5894,589
0.7,5895,583
0.7,5896,580
0.7,5897,568
0.7,5898,590
0.7,5899,589
0.7,5900,605
0.7,5901,607
0.7,5902,599
0.7,5903,604
0.7,5904,597
0.7,5905,597
0.7,5906,612
0.7,5907,603
0.7,5908,606
0.7,5909,592
0.7,5910,617
0.7,5911,579
0.7,5912,587
0.7,5913,584
0.7,5914,599
0.7,5915,610
0.7,5916,599
0.7,5917,611
0.7,5918,608
0.7,5919,610
0.7,5920,579
0.7,5921,574
0.7,5922,574
0.7,5923,571
0.7,5924,556
0.7,5925,566
0.7,5926,566
0.7,5927,575
0.7,5928,573
0.7,5929,569
0.7,5930,571
0.7,5931,569
0.7,5932,586
0.7,5933,562
0.7,5934,578
0.7,5935,561
0.7,5936,569
0.7,5937,568
0.7,5938,565
0.7,5939,563
0.7,5940,554
0.7,5941,563
0.7,5942,568
0.7,5943,553
0.7,5944,555
0.7,5945,557
0.7,5946,561
0.7,5947,550
0.7,5948,569
0.7,5949,566
0.7,5950,574
0.7,5951,585
0.7,5952,581
0.7,5953,591
0.7,5954,589
0.7,5955,576
0.7,5956,600
0.7,5957,582
0.7,5958,604
0.7,5959,600
0.7,5960,625
0.7,5961,619
0.7,5962,629
0.7,5963,615
0.7,5964,634
0.7,5965,612
0.7,5966,624
0.7,5967,585
0.7,5968,600
0.7,5969,593
0.7,5970,600
0.7,5971,592
0.7,5972,590
0.7,5973,593
0.7,5974,595
0.7,5975,604
0.7,5976,612
0.7,5977,603
0.7,5978,579
0.7,5979,581
0.7,5980,574
0.7,5981,583
0.7,5982,577
0.7,5983,578
0.7,5984,589
0.7,5985,594
0.7,5986,602
0.7,5987,589
0.7,5988,583
0.7,5989,582
0.7,5990,587
0.7,5991,594
0.7,5992,593
0.7,5993,611
0.7,5994,614
0.7,5995,616
0.7,5996,616
0.7,5997,614
0.7,5998,614
0.7,5999,605
0.7,6000,621
0.8,0,13127
0.8,1,156
0.8,2,40
0.8,3,19
0.8,4,24
0.8,5,20
0.8,6,23
0.8,7,21
0.8,8,24
0.8,9,23
0.8,10,28
0.8,11,24
0.8,12,27
0.8,13,25
0.8,14,30
0.8,15,30
0.8,16,37
0.8,17,30
0.8,18,32
0.8,19,26
0.8,20,23
0.8,21,28
0.8,22,29
0.8,23,29
0.8,24,22
0.8,25,23
0.8,26,19
0.8,27,17
0.8,28,16
0.8,29,14
0.8,30,14
