number,rule,birth_mask,survival_mask,n_birth,n_survival,category,trial,density,trial_category,period,first_repeat,final_pop,entropy
1,B012578/S23568,423,364,6,5,chaotic,0,0.2,chaotic,-1,-1,2228,0.958092
1,B012578/S23568,423,364,6,5,chaotic,1,0.35,chaotic,-1,-1,2216,0.958706
1,B012578/S23568,423,364,6,5,chaotic,2,0.5,chaotic,-1,-1,2279,0.957902
2,B1568/S56,354,96,4,2,chaotic,0,0.2,chaotic,-1,-1,1050,0.772305
2,B1568/S56,354,96,4,2,chaotic,1,0.35,chaotic,-1,-1,1058,0.772346
2,B1568/S56,354,96,4,2,chaotic,2,0.5,chaotic,-1,-1,1067,0.774861
3,B123678/S01457,462,179,6,5,chaotic,0,0.2,chaotic,-1,-1,2294,0.952315
3,B123678/S01457,462,179,6,5,chaotic,1,0.35,chaotic,-1,-1,2260,0.952388
3,B123678/S01457,462,179,6,5,chaotic,2,0.5,chaotic,-1,-1,2264,0.951639
4,B124567/S1234578,246,446,6,7,chaotic,0,0.2,chaotic,-1,-1,3051,0.763963
4,B124567/S1234578,246,446,6,7,chaotic,1,0.35,chaotic,-1,-1,3081,0.765881
4,B124567/S1234578,246,446,6,7,chaotic,2,0.5,chaotic,-1,-1,3092,0.761916
5,B023467/S01235678,221,495,6,8,stable,0,0.2,stable,1,7,3990,-1
5,B023467/S01235678,221,495,6,8,stable,1,0.35,stable,1,6,3974,-1
5,B023467/S01235678,221,495,6,8,stable,2,0.5,stable,1,8,3979,-1
6,B23568/S23567,364,236,5,5,chaotic,0,0.2,chaotic,-1,-1,3010,0.784741
6,B23568/S23567,364,236,5,5,chaotic,1,0.35,chaotic,-1,-1,2930,0.78484
6,B23568/S23567,364,236,5,5,chaotic,2,0.5,chaotic,-1,-1,3050,0.78588
7,B078/S468,385,336,3,3,chaotic,0,0.2,chaotic,-1,-1,1267,0.758817
7,B078/S468,385,336,3,3,chaotic,1,0.35,chaotic,-1,-1,1128,0.758858
7,B078/S468,385,336,3,3,chaotic,2,0.5,chaotic,-1,-1,1274,0.757943
8,B126/S15,70,34,3,2,chaotic,0,0.2,chaotic,-1,-1,1499,0.892176
8,B126/S15,70,34,3,2,chaotic,1,0.35,chaotic,-1,-1,1476,0.890496
8,B126/S15,70,34,3,2,chaotic,2,0.5,chaotic,-1,-1,1535,0.891945
9,B05678/S03578,481,425,5,5,chaotic,0,0.2,chaotic,-1,-1,1078,0.77614
9,B05678/S03578,481,425,5,5,chaotic,1,0.35,chaotic,-1,-1,1145,0.779572
9,B05678/S03578,481,425,5,5,chaotic,2,0.5,chaotic,-1,-1,1021,0.775493
10,B2567/S02567,228,229,4,5,chaotic,0,0.2,chaotic,-1,-1,2175,0.909751
10,B2567/S02567,228,229,4,5,chaotic,1,0.35,chaotic,-1,-1,2347,0.906885
10,B2567/S02567,228,229,4,5,chaotic,2,0.5,chaotic,-1,-1,2192,0.909623
11,B123458/S01468,318,339,6,5,chaotic,0,0.2,chaotic,-1,-1,2423,0.935147
11,B123458/S01468,318,339,6,5,chaotic,1,0.35,chaotic,-1,-1,2380,0.93356
11,B123458/S01468,318,339,6,5,chaotic,2,0.5,chaotic,-1,-1,2424,0.933461
12,B04567/S045678,241,497,5,6,stable,0,0.2,stable,1,18,4074,-1
12,B04567/S045678,241,497,5,6,stable,1,0.35,stable,1,16,4067,-1
12,B04567/S045678,241,497,5,6,stable,2,0.5,stable,1,9,4027,-1
13,B0123568/S0256,367,101,7,4,chaotic,0,0.2,chaotic,-1,-1,2390,0.944908
13,B0123568/S0256,367,101,7,4,chaotic,1,0.35,chaotic,-1,-1,2418,0.944627
13,B0123568/S0256,367,101,7,4,chaotic,2,0.5,chaotic,-1,-1,2317,0.945835
14,B12345678/S3568,510,360,8,4,chaotic,0,0.2,chaotic,-1,-1,3041,0.798241
14,B12345678/S3568,510,360,8,4,chaotic,1,0.35,chaotic,-1,-1,3043,0.799789
14,B12345678/S3568,510,360,8,4,chaotic,2,0.5,chaotic,-1,-1,2982,0.799257
15,B34/S1346,24,90,2,4,chaotic,0,0.2,chaotic,-1,-1,2116,0.960186
15,B34/S1346,24,90,2,4,chaotic,1,0.35,chaotic,-1,-1,2169,0.958944
15,B34/S1346,24,90,2,4,chaotic,2,0.5,chaotic,-1,-1,2176,0.960469
16,B03678/S12,457,6,5,2,chaotic,0,0.2,chaotic,-1,-1,1422,0.887134
16,B03678/S12,457,6,5,2,chaotic,1,0.35,chaotic,-1,-1,1384,0.886719
16,B03678/S12,457,6,5,2,chaotic,2,0.5,chaotic,-1,-1,1376,0.88639
17,B023568/S67,365,192,6,2,chaotic,0,0.2,chaotic,-1,-1,1642,0.949028
17,B023568/S67,365,192,6,2,chaotic,1,0.35,chaotic,-1,-1,1706,0.948841
17,B023568/S67,365,192,6,2,chaotic,2,0.5,chaotic,-1,-1,1698,0.949239
18,B078/S012,385,7,3,3,oscillating,0,0.2,oscillating,2,9,1136,-1
18,B078/S012,385,7,3,3,oscillating,1,0.35,oscillating,2,10,1174,-1
18,B078/S012,385,7,3,3,oscillating,2,0.5,oscillating,2,9,418,-1
19,B013567/S1234568,235,382,6,7,chaotic,0,0.2,chaotic,-1,-1,3056,0.763616
19,B013567/S1234568,235,382,6,7,chaotic,1,0.35,chaotic,-1,-1,3015,0.765047
19,B013567/S1234568,235,382,6,7,chaotic,2,0.5,chaotic,-1,-1,3067,0.76247
20,B1248/S02345,278,61,4,5,oscillating,0,0.2,oscillating,12,38,2363,-1
20,B1248/S02345,278,61,4,5,oscillating,1,0.35,oscillating,2,36,2347,-1
20,B1248/S02345,278,61,4,5,oscillating,2,0.5,oscillating,6,41,2339,-1
21,B034567/S12345,249,62,6,5,chaotic,0,0.2,chaotic,-1,-1,2605,0.841705
21,B034567/S12345,249,62,6,5,chaotic,1,0.35,chaotic,-1,-1,2338,0.844282
21,B034567/S12345,249,62,6,5,chaotic,2,0.5,chaotic,-1,-1,2426,0.842205
22,B2368/S125,332,38,4,3,chaotic,0,0.2,chaotic,-1,-1,1825,0.941886
22,B2368/S125,332,38,4,3,chaotic,1,0.35,chaotic,-1,-1,1862,0.942698
22,B2368/S125,332,38,4,3,chaotic,2,0.5,chaotic,-1,-1,1891,0.943979
23,B246/S478,84,400,3,3,chaotic,0,0.2,chaotic,-1,-1,1515,0.925574
23,B246/S478,84,400,3,3,chaotic,1,0.35,chaotic,-1,-1,1530,0.924808
23,B246/S478,84,400,3,3,chaotic,2,0.5,chaotic,-1,-1,1561,0.926151
24,B0123678/S23678,463,460,7,5,chaotic,0,0.2,chaotic,-1,-1,2191,0.939492
24,B0123678/S23678,463,460,7,5,chaotic,1,0.35,chaotic,-1,-1,2265,0.939764
24,B0123678/S23678,463,460,7,5,chaotic,2,0.5,chaotic,-1,-1,2202,0.94214
25,B058/S014568,289,371,3,6,oscillating,0,0.2,oscillating,84,101,878,-1
25,B058/S014568,289,371,3,6,oscillating,1,0.35,oscillating,12,31,889,-1
25,B058/S014568,289,371,3,6,oscillating,2,0.5,oscillating,24,55,894,-1
26,B2368/S148,332,274,4,3,chaotic,0,0.2,chaotic,-1,-1,1690,0.939441
26,B2368/S148,332,274,4,3,chaotic,1,0.35,chaotic,-1,-1,1788,0.942096
26,B2368/S148,332,274,4,3,chaotic,2,0.5,chaotic,-1,-1,1776,0.940995
27,B012348/S1378,287,394,6,4,chaotic,0,0.2,chaotic,-1,-1,2264,0.904368
27,B012348/S1378,287,394,6,4,chaotic,1,0.35,chaotic,-1,-1,2299,0.90143
27,B012348/S1378,287,394,6,4,chaotic,2,0.5,chaotic,-1,-1,2291,0.904125
28,B45678/S0148,496,275,5,4,stable,0,0.2,stable,1,7,442,-1
28,B45678/S0148,496,275,5,4,stable,1,0.35,stable,1,20,312,-1
28,B45678/S0148,496,275,5,4,stable,2,0.5,stable,1,19,326,-1
29,B012/S03457,7,185,3,5,oscillating,0,0.2,oscillating,360,466,2271,-1
29,B012/S03457,7,185,3,5,oscillating,1,0.35,oscillating,48,134,2300,-1
29,B012/S03457,7,185,3,5,oscillating,2,0.5,chaotic,-1,-1,2278,0.98007
30,B1368/S25,330,36,4,2,chaotic,0,0.2,chaotic,-1,-1,1586,0.926647
30,B1368/S25,330,36,4,2,chaotic,1,0.35,chaotic,-1,-1,1584,0.928219
30,B1368/S25,330,36,4,2,chaotic,2,0.5,chaotic,-1,-1,1610,0.928975
31,B013/S03568,11,361,3,5,chaotic,0,0.2,chaotic,-1,-1,1687,0.946394
31,B013/S03568,11,361,3,5,chaotic,1,0.35,chaotic,-1,-1,1769,0.946111
31,B013/S03568,11,361,3,5,chaotic,2,0.5,chaotic,-1,-1,1641,0.946331
32,B24567/S0267,244,197,5,4,chaotic,0,0.2,chaotic,-1,-1,2293,0.965637
32,B24567/S0267,244,197,5,4,chaotic,1,0.35,chaotic,-1,-1,2277,0.964499
32,B24567/S0267,244,197,5,4,chaotic,2,0.5,chaotic,-1,-1,2306,0.963943
33,B0235678/S1368,493,330,7,4,chaotic,0,0.2,chaotic,-1,-1,2120,0.970701
33,B0235678/S1368,493,330,7,4,chaotic,1,0.35,chaotic,-1,-1,2140,0.970364
33,B0235678/S1368,493,330,7,4,chaotic,2,0.5,chaotic,-1,-1,2162,0.970375
34,B025/S0125678,37,487,3,7,oscillating,0,0.2,oscillating,4,283,3931,-1
34,B025/S0125678,37,487,3,7,oscillating,1,0.35,oscillating,6,401,3897,-1
34,B025/S0125678,37,487,3,7,oscillating,2,0.5,oscillating,2,411,3931,-1
35,B237/S237,140,140,3,3,chaotic,0,0.2,chaotic,-1,-1,1754,0.923501
35,B237/S237,140,140,3,3,chaotic,1,0.35,chaotic,-1,-1,1699,0.922495
35,B237/S237,140,140,3,3,chaotic,2,0.5,chaotic,-1,-1,1752,0.923497
36,B12478/S1578,406,418,5,4,chaotic,0,0.2,chaotic,-1,-1,1742,0.943883
36,B12478/S1578,406,418,5,4,chaotic,1,0.35,chaotic,-1,-1,1815,0.942869
36,B12478/S1578,406,418,5,4,chaotic,2,0.5,chaotic,-1,-1,1794,0.943336
37,B0345/S023478,57,413,4,6,chaotic,0,0.2,chaotic,-1,-1,2365,0.928081
37,B0345/S023478,57,413,4,6,chaotic,1,0.35,chaotic,-1,-1,2432,0.927162
37,B0345/S023478,57,413,4,6,chaotic,2,0.5,chaotic,-1,-1,2409,0.926461
38,B01234567/S04567,255,241,8,5,oscillating,0,0.2,oscillating,12,77,3161,-1
38,B01234567/S04567,255,241,8,5,oscillating,1,0.35,oscillating,6,89,3143,-1
38,B01234567/S04567,255,241,8,5,oscillating,2,0.5,oscillating,6,87,3203,-1
39,B028/S346,261,88,3,3,chaotic,0,0.2,chaotic,-1,-1,1485,0.915182
39,B028/S346,261,88,3,3,chaotic,1,0.35,chaotic,-1,-1,1451,0.914916
39,B028/S346,261,88,3,3,chaotic,2,0.5,chaotic,-1,-1,1490,0.914701
40,B14678/S234568,466,380,5,6,chaotic,0,0.2,chaotic,-1,-1,3006,0.790425
40,B14678/S234568,466,380,5,6,chaotic,1,0.35,chaotic,-1,-1,3039,0.791469
40,B14678/S234568,466,380,5,6,chaotic,2,0.5,chaotic,-1,-1,3047,0.788901
41,B012345678/S13457,511,186,9,5,chaotic,0,0.2,chaotic,-1,-1,2871,0.729282
41,B012345678/S13457,511,186,9,5,chaotic,1,0.35,chaotic,-1,-1,2813,0.748411
41,B012345678/S13457,511,186,9,5,chaotic,2,0.5,chaotic,-1,-1,2680,0.763417
42,B124578/S0124568,438,375,6,7,chaotic,0,0.2,chaotic,-1,-1,2904,0.828707
42,B124578/S0124568,438,375,6,7,chaotic,1,0.35,chaotic,-1,-1,2916,0.829985
42,B124578/S0124568,438,375,6,7,chaotic,2,0.5,chaotic,-1,-1,2895,0.828296
43,B012578/S023468,423,349,6,6,chaotic,0,0.2,chaotic,-1,-1,2309,0.962501
43,B012578/S023468,423,349,6,6,chaotic,1,0.35,chaotic,-1,-1,2253,0.962597
43,B012578/S023468,423,349,6,6,chaotic,2,0.5,chaotic,-1,-1,2227,0.962917
44,B013457/S16,187,66,6,2,chaotic,0,0.2,chaotic,-1,-1,1928,0.973339
44,B013457/S16,187,66,6,2,chaotic,1,0.35,chaotic,-1,-1,1946,0.973224
44,B013457/S16,187,66,6,2,chaotic,2,0.5,chaotic,-1,-1,1874,0.973365
45,B348/S01234578,280,447,3,8,oscillating,0,0.2,oscillating,2,29,2318,-1
45,B348/S01234578,280,447,3,8,oscillating,1,0.35,oscillating,6,32,2318,-1
45,B348/S01234578,280,447,3,8,oscillating,2,0.5,oscillating,30,51,2321,-1
46,B0348/S035,281,41,4,3,chaotic,0,0.2,chaotic,-1,-1,1896,0.961081
46,B0348/S035,281,41,4,3,chaotic,1,0.35,chaotic,-1,-1,1987,0.960804
46,B0348/S035,281,41,4,3,chaotic,2,0.5,chaotic,-1,-1,1890,0.961064
47,B24567/S013678,244,459,5,6,oscillating,0,0.2,oscillating,4,74,3999,-1
47,B24567/S013678,244,459,5,6,oscillating,1,0.35,oscillating,4,85,4016,-1
47,B24567/S013678,244,459,5,6,oscillating,2,0.5,oscillating,4,74,4004,-1
48,B012468/S368,343,328,6,3,chaotic,0,0.2,chaotic,-1,-1,1867,0.95926
48,B012468/S368,343,328,6,3,chaotic,1,0.35,chaotic,-1,-1,1860,0.958963
48,B012468/S368,343,328,6,3,chaotic,2,0.5,chaotic,-1,-1,1912,0.958979
49,B1368/S238,330,268,4,3,chaotic,0,0.2,chaotic,-1,-1,1730,0.934132
49,B1368/S238,330,268,4,3,chaotic,1,0.35,chaotic,-1,-1,1771,0.935329
49,B1368/S238,330,268,4,3,chaotic,2,0.5,chaotic,-1,-1,1786,0.933474
50,B058/S0,289,1,3,1,oscillating,0,0.2,oscillating,6,78,956,-1
50,B058/S0,289,1,3,1,oscillating,1,0.35,oscillating,6,63,911,-1
50,B058/S0,289,1,3,1,oscillating,2,0.5,oscillating,6,65,888,-1
51,B3467/S123458,216,318,4,6,chaotic,0,0.2,chaotic,-1,-1,2506,0.907692
51,B3467/S123458,216,318,4,6,chaotic,1,0.35,chaotic,-1,-1,2523,0.908396
51,B3467/S123458,216,318,4,6,chaotic,2,0.5,chaotic,-1,-1,2487,0.907991
52,B048/S357,273,168,3,3,chaotic,0,0.2,chaotic,-1,-1,1227,0.819977
52,B048/S357,273,168,3,3,chaotic,1,0.35,chaotic,-1,-1,1235,0.817314
52,B048/S357,273,168,3,3,chaotic,2,0.5,chaotic,-1,-1,1187,0.815113
53,B1256/S123568,102,366,4,6,chaotic,0,0.2,chaotic,-1,-1,2516,0.922262
53,B1256/S123568,102,366,4,6,chaotic,1,0.35,chaotic,-1,-1,2520,0.923288
53,B1256/S123568,102,366,4,6,chaotic,2,0.5,chaotic,-1,-1,2557,0.920549
54,B012356/S123578,111,430,6,6,chaotic,0,0.2,chaotic,-1,-1,2426,0.934539
54,B012356/S123578,111,430,6,6,chaotic,1,0.35,chaotic,-1,-1,2477,0.934233
54,B012356/S123578,111,430,6,6,chaotic,2,0.5,chaotic,-1,-1,2507,0.93242
55,B2345678/S0134,508,27,7,4,chaotic,0,0.2,chaotic,-1,-1,2162,0.912619
55,B2345678/S0134,508,27,7,4,chaotic,1,0.35,chaotic,-1,-1,2114,0.911355
55,B2345678/S0134,508,27,7,4,chaotic,2,0.5,chaotic,-1,-1,2142,0.912773
56,B123456/S0345678,126,505,6,7,stable,0,0.2,stable,1,4,3581,-1
56,B123456/S0345678,126,505,6,7,stable,1,0.35,stable,1,3,3520,-1
56,B123456/S0345678,126,505,6,7,stable,2,0.5,stable,1,3,3769,-1
57,B1368/S045,330,49,4,3,chaotic,0,0.2,chaotic,-1,-1,1660,0.93948
57,B1368/S045,330,49,4,3,chaotic,1,0.35,chaotic,-1,-1,1673,0.939563
57,B1368/S045,330,49,4,3,chaotic,2,0.5,chaotic,-1,-1,1642,0.938431
58,B358/S0367,296,201,3,4,oscillating,0,0.2,oscillating,4,23,127,-1
58,B358/S0367,296,201,3,4,oscillating,1,0.35,oscillating,4,36,106,-1
58,B358/S0367,296,201,3,4,oscillating,2,0.5,oscillating,4,33,89,-1
59,B234/S1278,28,390,3,4,chaotic,0,0.2,chaotic,-1,-1,1910,0.933048
59,B234/S1278,28,390,3,4,chaotic,1,0.35,chaotic,-1,-1,1805,0.932609
59,B234/S1278,28,390,3,4,chaotic,2,0.5,chaotic,-1,-1,1821,0.931721
60,B123478/S2345678,414,508,6,7,stable,0,0.2,stable,1,8,4026,-1
60,B123478/S2345678,414,508,6,7,stable,1,0.35,stable,1,6,4048,-1
60,B123478/S2345678,414,508,6,7,stable,2,0.5,stable,1,9,4011,-1
61,B0147/S016,147,67,4,3,chaotic,0,0.2,chaotic,-1,-1,1439,0.878849
61,B0147/S016,147,67,4,3,chaotic,1,0.35,chaotic,-1,-1,1383,0.878676
61,B0147/S016,147,67,4,3,chaotic,2,0.5,chaotic,-1,-1,1412,0.878053
62,B124567/S0367,246,201,6,4,chaotic,0,0.2,chaotic,-1,-1,2505,0.93798
62,B124567/S0367,246,201,6,4,chaotic,1,0.35,chaotic,-1,-1,2513,0.939414
62,B124567/S0367,246,201,6,4,chaotic,2,0.5,chaotic,-1,-1,2489,0.937745
63,B0578/S2368,417,332,4,4,chaotic,0,0.2,chaotic,-1,-1,1234,0.839557
63,B0578/S2368,417,332,4,4,chaotic,1,0.35,chaotic,-1,-1,1259,0.842844
63,B0578/S2368,417,332,4,4,chaotic,2,0.5,chaotic,-1,-1,1204,0.844591
64,B245678/S13,500,10,6,2,chaotic,0,0.2,chaotic,-1,-1,2019,0.96447
64,B245678/S13,500,10,6,2,chaotic,1,0.35,chaotic,-1,-1,2028,0.964587
64,B245678/S13,500,10,6,2,chaotic,2,0.5,chaotic,-1,-1,1964,0.964241
65,B2457/S126,180,70,4,3,chaotic,0,0.2,chaotic,-1,-1,1887,0.96287
65,B2457/S126,180,70,4,3,chaotic,1,0.35,chaotic,-1,-1,1864,0.962427
65,B2457/S126,180,70,4,3,chaotic,2,0.5,chaotic,-1,-1,1871,0.962674
66,B0134678/S1234578,475,446,7,7,chaotic,0,0.2,chaotic,-1,-1,2974,0.824785
66,B0134678/S1234578,475,446,7,7,chaotic,1,0.35,chaotic,-1,-1,2933,0.826322
66,B0134678/S1234578,475,446,7,7,chaotic,2,0.5,chaotic,-1,-1,2919,0.827302
67,B1458/S013457,306,187,4,6,chaotic,0,0.2,chaotic,-1,-1,2531,0.918298
67,B1458/S013457,306,187,4,6,chaotic,1,0.35,chaotic,-1,-1,2516,0.917703
67,B1458/S013457,306,187,4,6,chaotic,2,0.5,chaotic,-1,-1,2566,0.918658
68,B278/S012347,388,159,3,6,oscillating,0,0.2,oscillating,2,10,1841,-1
68,B278/S012347,388,159,3,6,oscillating,1,0.35,oscillating,2,11,1851,-1
68,B278/S012347,388,159,3,6,oscillating,2,0.5,oscillating,2,16,1837,-1
69,B67/S05,192,33,2,2,stable,0,0.2,stable,1,3,148,-1
69,B67/S05,192,33,2,2,stable,1,0.35,stable,1,3,98,-1
69,B67/S05,192,33,2,2,stable,2,0.5,stable,1,4,69,-1
70,B03/S01357,9,171,2,5,chaotic,0,0.2,chaotic,-1,-1,1544,0.932561
70,B03/S01357,9,171,2,5,chaotic,1,0.35,chaotic,-1,-1,1554,0.930838
70,B03/S01357,9,171,2,5,chaotic,2,0.5,chaotic,-1,-1,1583,0.932625
71,B0123567/S38,239,264,7,2,chaotic,0,0.2,chaotic,-1,-1,2009,0.921428
71,B0123567/S38,239,264,7,2,chaotic,1,0.35,chaotic,-1,-1,1922,0.917517
71,B0123567/S38,239,264,7,2,chaotic,2,0.5,chaotic,-1,-1,1966,0.919847
72,B28/S1478,260,402,2,4,chaotic,0,0.2,chaotic,-1,-1,1224,0.842295
72,B28/S1478,260,402,2,4,chaotic,1,0.35,chaotic,-1,-1,1230,0.844638
72,B28/S1478,260,402,2,4,chaotic,2,0.5,chaotic,-1,-1,1169,0.84255
73,B023456/S057,125,161,6,3,oscillating,0,0.2,oscillating,2,77,2029,-1
73,B023456/S057,125,161,6,3,oscillating,1,0.35,oscillating,2,113,1974,-1
73,B023456/S057,125,161,6,3,oscillating,2,0.5,oscillating,2,79,1992,-1
74,B02345/S123567,61,238,5,6,chaotic,0,0.2,chaotic,-1,-1,3235,0.736154
74,B02345/S123567,61,238,5,6,chaotic,1,0.35,chaotic,-1,-1,3203,0.746512
74,B02345/S123567,61,238,5,6,chaotic,2,0.5,oscillating,12,379,3222,-1
75,B134578/S04678,442,465,6,5,oscillating,0,0.2,oscillating,4,38,4072,-1
75,B134578/S04678,442,465,6,5,oscillating,1,0.35,stable,1,40,4096,-1
75,B134578/S04678,442,465,6,5,oscillating,2,0.5,oscillating,4,56,4075,-1
76,B36/S2345,72,60,2,4,chaotic,0,0.2,chaotic,-1,-1,2267,0.951344
76,B36/S2345,72,60,2,4,chaotic,1,0.35,chaotic,-1,-1,2313,0.950621
76,B36/S2345,72,60,2,4,chaotic,2,0.5,chaotic,-1,-1,2178,0.950738
77,B2347/S0123568,156,367,4,7,chaotic,0,0.2,chaotic,-1,-1,2458,0.929452
77,B2347/S0123568,156,367,4,7,chaotic,1,0.35,chaotic,-1,-1,2472,0.929796
77,B2347/S0123568,156,367,4,7,chaotic,2,0.5,chaotic,-1,-1,2427,0.929591
78,B26/S124678,68,470,2,6,chaotic,0,0.2,chaotic,-1,-1,1632,0.935414
78,B26/S124678,68,470,2,6,chaotic,1,0.35,chaotic,-1,-1,1631,0.93595
78,B26/S124678,68,470,2,6,chaotic,2,0.5,chaotic,-1,-1,1577,0.935423
79,B23467/S268,220,324,5,3,chaotic,0,0.2,chaotic,-1,-1,2101,0.961263
79,B23467/S268,220,324,5,3,chaotic,1,0.35,chaotic,-1,-1,2115,0.96185
79,B23467/S268,220,324,5,3,chaotic,2,0.5,chaotic,-1,-1,2080,0.960814
80,B123678/S134678,462,474,6,6,oscillating,0,0.2,oscillating,16,51,4056,-1
80,B123678/S134678,462,474,6,6,oscillating,1,0.35,oscillating,16,52,4068,-1
80,B123678/S134678,462,474,6,6,oscillating,2,0.5,oscillating,16,62,4086,-1
81,B13578/S48,426,272,5,2,chaotic,0,0.2,chaotic,-1,-1,1617,0.937618
81,B13578/S48,426,272,5,2,chaotic,1,0.35,chaotic,-1,-1,1642,0.936756
81,B13578/S48,426,272,5,2,chaotic,2,0.5,chaotic,-1,-1,1629,0.937901
82,B13567/S23,234,12,5,2,chaotic,0,0.2,chaotic,-1,-1,1939,0.956044
82,B13567/S23,234,12,5,2,chaotic,1,0.35,chaotic,-1,-1,1838,0.955262
82,B13567/S23,234,12,5,2,chaotic,2,0.5,chaotic,-1,-1,1906,0.956308
83,B024568/S6,373,64,6,1,oscillating,0,0.2,oscillating,48,138,2027,-1
83,B024568/S6,373,64,6,1,oscillating,1,0.35,chaotic,-1,-1,2024,0.988098
83,B024568/S6,373,64,6,1,oscillating,2,0.5,oscillating,140,222,2016,-1
84,B02356/S012368,109,335,5,6,chaotic,0,0.2,chaotic,-1,-1,2166,0.95345
84,B02356/S012368,109,335,5,6,chaotic,1,0.35,chaotic,-1,-1,2246,0.952936
84,B02356/S012368,109,335,5,6,chaotic,2,0.5,chaotic,-1,-1,2199,0.954289
85,B0167/S03678,195,457,4,5,chaotic,0,0.2,chaotic,-1,-1,1381,0.868373
85,B0167/S03678,195,457,4,5,chaotic,1,0.35,chaotic,-1,-1,1620,0.868382
85,B0167/S03678,195,457,4,5,chaotic,2,0.5,chaotic,-1,-1,1558,0.870008
86,B034567/S023578,249,429,6,6,chaotic,0,0.2,chaotic,-1,-1,2813,0.871111
86,B034567/S023578,249,429,6,6,chaotic,1,0.35,chaotic,-1,-1,2769,0.871247
86,B034567/S023578,249,429,6,6,chaotic,2,0.5,chaotic,-1,-1,2739,0.870163
87,B08/S02468,257,341,2,5,oscillating,0,0.2,oscillating,6,23,905,-1
87,B08/S02468,257,341,2,5,oscillating,1,0.35,oscillating,12,27,931,-1
87,B08/S02468,257,341,2,5,oscillating,2,0.5,oscillating,6,29,919,-1
88,B0124/S1,23,2,4,1,oscillating,0,0.2,oscillating,2,56,6,-1
88,B0124/S1,23,2,4,1,oscillating,1,0.35,complex,-1,-1,87,0.0564574
88,B0124/S1,23,2,4,1,oscillating,2,0.5,oscillating,4,93,14,-1
89,B0278/S014578,389,435,4,6,chaotic,0,0.2,chaotic,-1,-1,1497,0.905137
89,B0278/S014578,389,435,4,6,chaotic,1,0.35,chaotic,-1,-1,1499,0.905255
89,B0278/S014578,389,435,4,6,chaotic,2,0.5,chaotic,-1,-1,1500,0.904844
90,B0256/S14,101,18,4,2,chaotic,0,0.2,chaotic,-1,-1,1541,0.916976
90,B0256/S14,101,18,4,2,chaotic,1,0.35,chaotic,-1,-1,1538,0.917126
90,B0256/S14,101,18,4,2,chaotic,2,0.5,chaotic,-1,-1,1434,0.915985
91,B0124568/S018,375,259,7,3,chaotic,0,0.2,chaotic,-1,-1,1854,0.965414
91,B0124568/S018,375,259,7,3,chaotic,1,0.35,chaotic,-1,-1,1832,0.963936
91,B0124568/S018,375,259,7,3,chaotic,2,0.5,chaotic,-1,-1,1860,0.966632
92,B12/S123468,6,350,2,6,oscillating,0,0.2,oscillating,2,11,1898,-1
92,B12/S123468,6,350,2,6,oscillating,1,0.35,stable,1,9,1886,-1
92,B12/S123468,6,350,2,6,oscillating,2,0.5,oscillating,2,8,1855,-1
93,B7/S01458,128,307,1,5,stable,0,0.2,stable,1,3,447,-1
93,B7/S01458,128,307,1,5,stable,1,0.35,stable,1,4,327,-1
93,B7/S01458,128,307,1,5,stable,2,0.5,stable,1,6,279,-1
94,B12456/S237,118,140,5,3,chaotic,0,0.2,chaotic,-1,-1,2101,0.952395
94,B12456/S237,118,140,5,3,chaotic,1,0.35,chaotic,-1,-1,2152,0.952987
94,B12456/S237,118,140,5,3,chaotic,2,0.5,chaotic,-1,-1,2056,0.951585
95,B02358/S045,301,49,5,3,chaotic,0,0.2,chaotic,-1,-1,2106,0.966071
95,B02358/S045,301,49,5,3,chaotic,1,0.35,chaotic,-1,-1,2162,0.966027
95,B02358/S045,301,49,5,3,chaotic,2,0.5,chaotic,-1,-1,2155,0.965929
96,B158/S0348,290,281,3,4,chaotic,0,0.2,chaotic,-1,-1,1276,0.870812
96,B158/S0348,290,281,3,4,chaotic,1,0.35,chaotic,-1,-1,1305,0.872274
96,B158/S0348,290,281,3,4,chaotic,2,0.5,chaotic,-1,-1,1331,0.873044
97,B023568/S134568,365,378,6,6,chaotic,0,0.2,chaotic,-1,-1,2992,0.811445
97,B023568/S134568,365,378,6,6,chaotic,1,0.35,chaotic,-1,-1,2923,0.809488
97,B023568/S134568,365,378,6,6,chaotic,2,0.5,chaotic,-1,-1,3016,0.808954
98,B3468/S1367,344,202,4,4,chaotic,0,0.2,chaotic,-1,-1,2059,0.964802
98,B3468/S1367,344,202,4,4,chaotic,1,0.35,chaotic,-1,-1,2026,0.964466
98,B3468/S1367,344,202,4,4,chaotic,2,0.5,chaotic,-1,-1,2013,0.964547
99,B2568/S123567,356,238,4,6,chaotic,0,0.2,chaotic,-1,-1,2804,0.821699
99,B2568/S123567,356,238,4,6,chaotic,1,0.35,chaotic,-1,-1,2916,0.824645
99,B2568/S123567,356,238,4,6,chaotic,2,0.5,chaotic,-1,-1,2935,0.820774
100,B023468/S1378,349,394,6,4,chaotic,0,0.2,chaotic,-1,-1,2109,0.941633
100,B023468/S1378,349,394,6,4,chaotic,1,0.35,chaotic,-1,-1,2086,0.942147
100,B023468/S1378,349,394,6,4,chaotic,2,0.5,chaotic,-1,-1,2039,0.943133
101,B05/S148,33,274,2,3,chaotic,0,0.2,chaotic,-1,-1,1016,0.75734
101,B05/S148,33,274,2,3,chaotic,1,0.35,chaotic,-1,-1,1013,0.757589
101,B05/S148,33,274,2,3,chaotic,2,0.5,chaotic,-1,-1,995,0.758258
102,B4678/S12378,464,398,4,5,oscillating,0,0.2,oscillating,2,24,419,-1
102,B4678/S12378,464,398,4,5,oscillating,1,0.35,oscillating,18,53,473,-1
102,B4678/S12378,464,398,4,5,oscillating,2,0.5,oscillating,4,50,410,-1
103,B013456/S01234568,123,383,6,8,chaotic,0,0.2,chaotic,-1,-1,2943,0.749155
103,B013456/S01234568,123,383,6,8,chaotic,1,0.35,chaotic,-1,-1,3006,0.749563
103,B013456/S01234568,123,383,6,8,chaotic,2,0.5,chaotic,-1,-1,3171,0.74868
104,B1568/S012345,354,63,4,6,chaotic,0,0.2,chaotic,-1,-1,2184,0.948122
104,B1568/S012345,354,63,4,6,chaotic,1,0.35,chaotic,-1,-1,2121,0.948274
104,B1568/S012345,354,63,4,6,chaotic,2,0.5,chaotic,-1,-1,2183,0.949281
105,B2367/S12467,204,214,4,5,chaotic,0,0.2,chaotic,-1,-1,2105,0.96183
105,B2367/S12467,204,214,4,5,chaotic,1,0.35,chaotic,-1,-1,2178,0.962991
105,B2367/S12467,204,214,4,5,chaotic,2,0.5,chaotic,-1,-1,2140,0.961851
106,B0126/S2357,71,172,4,4,chaotic,0,0.2,chaotic,-1,-1,1798,0.95391
106,B0126/S2357,71,172,4,4,chaotic,1,0.35,chaotic,-1,-1,1770,0.953942
106,B0126/S2357,71,172,4,4,chaotic,2,0.5,chaotic,-1,-1,1770,0.953468
107,B12368/S0128,334,263,5,4,chaotic,0,0.2,chaotic,-1,-1,1875,0.878105
107,B12368/S0128,334,263,5,4,chaotic,1,0.35,chaotic,-1,-1,2029,0.881199
107,B12368/S0128,334,263,5,4,chaotic,2,0.5,chaotic,-1,-1,1986,0.878008
108,B0258/S014567,293,243,4,6,oscillating,0,0.2,oscillating,6,77,3000,-1
108,B0258/S014567,293,243,4,6,oscillating,1,0.35,oscillating,12,89,3017,-1
108,B0258/S014567,293,243,4,6,oscillating,2,0.5,oscillating,4,59,2993,-1
109,B458/S567,304,224,3,3,oscillating,0,0.2,stable,1,4,0,-1
109,B458/S567,304,224,3,3,oscillating,1,0.35,oscillating,2,8,8,-1
109,B458/S567,304,224,3,3,oscillating,2,0.5,oscillating,2,12,8,-1
110,B02346/S027,93,133,5,3,chaotic,0,0.2,chaotic,-1,-1,1832,0.934077
110,B02346/S027,93,133,5,3,chaotic,1,0.35,chaotic,-1,-1,1844,0.931784
110,B02346/S027,93,133,5,3,chaotic,2,0.5,chaotic,-1,-1,1799,0.931402
111,B012345678/S023468,511,349,9,6,chaotic,0,0.2,chaotic,-1,-1,2840,0.838329
111,B012345678/S023468,511,349,9,6,chaotic,1,0.35,chaotic,-1,-1,2875,0.83817
111,B012345678/S023468,511,349,9,6,chaotic,2,0.5,chaotic,-1,-1,2881,0.839588
112,B012358/S3478,303,408,6,4,chaotic,0,0.2,chaotic,-1,-1,2254,0.944663
112,B012358/S3478,303,408,6,4,chaotic,1,0.35,chaotic,-1,-1,2136,0.944831
112,B012358/S3478,303,408,6,4,chaotic,2,0.5,chaotic,-1,-1,2192,0.94499
113,B128/S0234578,262,445,3,7,oscillating,0,0.2,oscillating,6,17,2088,-1
113,B128/S0234578,262,445,3,7,oscillating,1,0.35,oscillating,28,36,2077,-1
113,B128/S0234578,262,445,3,7,oscillating,2,0.5,oscillating,6,13,2083,-1
114,B34678/S14678,472,466,5,5,oscillating,0,0.2,stable,1,100,4096,-1
114,B34678/S14678,472,466,5,5,oscillating,1,0.35,oscillating,2,35,4092,-1
114,B34678/S14678,472,466,5,5,oscillating,2,0.5,oscillating,2,36,4092,-1
115,B3568/S045,360,49,4,3,oscillating,0,0.2,oscillating,4,18,141,-1
115,B3568/S045,360,49,4,3,oscillating,1,0.35,oscillating,4,36,90,-1
115,B3568/S045,360,49,4,3,oscillating,2,0.5,oscillating,4,52,74,-1
116,B1235678/S03,494,9,7,2,chaotic,0,0.2,chaotic,-1,-1,1900,0.914045
116,B1235678/S03,494,9,7,2,chaotic,1,0.35,chaotic,-1,-1,1913,0.916885
116,B1235678/S03,494,9,7,2,chaotic,2,0.5,chaotic,-1,-1,1923,0.916335
117,B013568/S056,363,97,6,3,chaotic,0,0.2,chaotic,-1,-1,1679,0.943718
117,B013568/S056,363,97,6,3,chaotic,1,0.35,chaotic,-1,-1,1689,0.942504
117,B013568/S056,363,97,6,3,chaotic,2,0.5,chaotic,-1,-1,1654,0.942621
118,B034/S01357,25,171,3,5,chaotic,0,0.2,chaotic,-1,-1,1971,0.964627
118,B034/S01357,25,171,3,5,chaotic,1,0.35,chaotic,-1,-1,2027,0.964252
118,B034/S01357,25,171,3,5,chaotic,2,0.5,chaotic,-1,-1,1980,0.9652
119,B56/S2345,96,60,2,4,oscillating,0,0.2,oscillating,2,18,280,-1
119,B56/S2345,96,60,2,4,oscillating,1,0.35,oscillating,60,110,879,-1
119,B56/S2345,96,60,2,4,oscillating,2,0.5,oscillating,12,55,988,-1
120,B0126/S234,71,28,4,3,oscillating,0,0.2,oscillating,2,28,0,-1
120,B0126/S234,71,28,4,3,oscillating,1,0.35,oscillating,6,103,3429,-1
120,B0126/S234,71,28,4,3,oscillating,2,0.5,oscillating,12,171,1808,-1
121,B13457/S013457,186,187,5,6,chaotic,0,0.2,chaotic,-1,-1,2695,0.872062
121,B13457/S013457,186,187,5,6,chaotic,1,0.35,chaotic,-1,-1,2746,0.870266
121,B13457/S013457,186,187,5,6,chaotic,2,0.5,chaotic,-1,-1,2734,0.873583
122,B01358/S678,299,448,5,3,chaotic,0,0.2,chaotic,-1,-1,1553,0.910727
122,B01358/S678,299,448,5,3,chaotic,1,0.35,chaotic,-1,-1,1435,0.910408
122,B01358/S678,299,448,5,3,chaotic,2,0.5,chaotic,-1,-1,1440,0.910383
123,B257/S134568,164,378,3,6,chaotic,0,0.2,chaotic,-1,-1,2890,0.857541
123,B257/S134568,164,378,3,6,chaotic,1,0.35,chaotic,-1,-1,2846,0.857558
123,B257/S134568,164,378,3,6,chaotic,2,0.5,chaotic,-1,-1,2841,0.858896
124,B01246/S0158,87,291,5,4,chaotic,0,0.2,chaotic,-1,-1,1813,0.944844
124,B01246/S0158,87,291,5,4,chaotic,1,0.35,chaotic,-1,-1,1758,0.945857
124,B01246/S0158,87,291,5,4,chaotic,2,0.5,chaotic,-1,-1,1793,0.945597
125,B278/S01258,388,295,3,5,chaotic,0,0.2,chaotic,-1,-1,1416,0.895598
125,B278/S01258,388,295,3,5,chaotic,1,0.35,chaotic,-1,-1,1400,0.894407
125,B278/S01258,388,295,3,5,chaotic,2,0.5,chaotic,-1,-1,1511,0.893929
126,B1467/S02345,210,61,4,5,chaotic,0,0.2,chaotic,-1,-1,2303,0.935414
126,B1467/S02345,210,61,4,5,chaotic,1,0.35,chaotic,-1,-1,2420,0.935676
126,B1467/S02345,210,61,4,5,chaotic,2,0.5,chaotic,-1,-1,2270,0.934889
127,B012456/S01245678,119,503,6,8,stable,0,0.2,stable,1,4,3826,-1
127,B012456/S01245678,119,503,6,8,stable,1,0.35,stable,1,5,3709,-1
127,B012456/S01245678,119,503,6,8,stable,2,0.5,stable,1,5,3691,-1
128,B024678/S0124568,469,375,6,7,chaotic,0,0.2,chaotic,-1,-1,2930,0.820309
128,B024678/S0124568,469,375,6,7,chaotic,1,0.35,chaotic,-1,-1,2901,0.820347
128,B024678/S0124568,469,375,6,7,chaotic,2,0.5,chaotic,-1,-1,2898,0.82173
129,B167/S156,194,98,3,3,chaotic,0,0.2,chaotic,-1,-1,1041,0.786209
129,B167/S156,194,98,3,3,chaotic,1,0.35,chaotic,-1,-1,1041,0.785741
129,B167/S156,194,98,3,3,chaotic,2,0.5,chaotic,-1,-1,1137,0.786541
130,B06/S01247,65,151,2,5,oscillating,0,0.2,oscillating,2,9,1035,-1
130,B06/S01247,65,151,2,5,oscillating,1,0.35,oscillating,2,7,1004,-1
130,B06/S01247,65,151,2,5,oscillating,2,0.5,oscillating,2,7,995,-1
131,B014678/S234568,467,380,6,6,chaotic,0,0.2,chaotic,-1,-1,3048,0.792136
131,B014678/S234568,467,380,6,6,chaotic,1,0.35,chaotic,-1,-1,2975,0.78976
131,B014678/S234568,467,380,6,6,chaotic,2,0.5,chaotic,-1,-1,3015,0.7907
132,B2468/S013478,340,411,4,6,chaotic,0,0.2,chaotic,-1,-1,2150,0.964706
132,B2468/S013478,340,411,4,6,chaotic,1,0.35,chaotic,-1,-1,2059,0.964276
132,B2468/S013478,340,411,4,6,chaotic,2,0.5,chaotic,-1,-1,2124,0.964548
133,B01357/S03458,171,313,5,5,chaotic,0,0.2,chaotic,-1,-1,2368,0.938817
133,B01357/S03458,171,313,5,5,chaotic,1,0.35,chaotic,-1,-1,2369,0.939162
133,B01357/S03458,171,313,5,5,chaotic,2,0.5,chaotic,-1,-1,2319,0.940417
134,B024678/S35678,469,488,6,5,stable,0,0.2,stable,1,16,4076,-1
134,B024678/S35678,469,488,6,5,stable,1,0.35,stable,1,17,4092,-1
134,B024678/S35678,469,488,6,5,stable,2,0.5,stable,1,13,4096,-1
135,B023568/S0235,365,45,6,4,chaotic,0,0.2,chaotic,-1,-1,2217,0.944183
135,B023568/S0235,365,45,6,4,chaotic,1,0.35,chaotic,-1,-1,2175,0.94315
135,B023568/S0235,365,45,6,4,chaotic,2,0.5,chaotic,-1,-1,2259,0.942709
136,B128/S03478,262,409,3,5,chaotic,0,0.2,chaotic,-1,-1,1572,0.923962
136,B128/S03478,262,409,3,5,chaotic,1,0.35,chaotic,-1,-1,1591,0.925125
136,B128/S03478,262,409,3,5,chaotic,2,0.5,chaotic,-1,-1,1588,0.923898
137,B012345678/S0235,511,45,9,4,oscillating,0,0.2,oscillating,2,11,4009,-1
137,B012345678/S0235,511,45,9,4,oscillating,1,0.35,oscillating,2,13,4030,-1
137,B012345678/S0235,511,45,9,4,oscillating,2,0.5,oscillating,2,63,4046,-1
138,B147/S01456,146,115,3,5,chaotic,0,0.2,chaotic,-1,-1,2044,0.953224
138,B147/S01456,146,115,3,5,chaotic,1,0.35,chaotic,-1,-1,2069,0.952869
138,B147/S01456,146,115,3,5,chaotic,2,0.5,chaotic,-1,-1,2035,0.952866
139,B12568/S02345678,358,509,5,8,stable,0,0.2,stable,1,7,4014,-1
139,B12568/S02345678,358,509,5,8,stable,1,0.35,stable,1,7,4012,-1
139,B12568/S02345678,358,509,5,8,stable,2,0.5,stable,1,6,4028,-1
140,B238/S124678,268,470,3,6,chaotic,0,0.2,chaotic,-1,-1,1981,0.95703
140,B238/S124678,268,470,3,6,chaotic,1,0.35,chaotic,-1,-1,2044,0.956783
140,B238/S124678,268,470,3,6,chaotic,2,0.5,chaotic,-1,-1,2020,0.955019
141,B023458/S1678,317,450,6,4,chaotic,0,0.2,chaotic,-1,-1,2021,0.963716
141,B023458/S1678,317,450,6,4,chaotic,1,0.35,chaotic,-1,-1,1939,0.96536
141,B023458/S1678,317,450,6,4,chaotic,2,0.5,chaotic,-1,-1,2050,0.963419
142,B04567/S12567,241,230,5,5,chaotic,0,0.2,chaotic,-1,-1,2930,0.792661
142,B04567/S12567,241,230,5,5,chaotic,1,0.35,chaotic,-1,-1,2959,0.793738
142,B04567/S12567,241,230,5,5,chaotic,2,0.5,chaotic,-1,-1,2878,0.793502
143,B08/S7,257,128,2,1,oscillating,0,0.2,oscillating,2,14,1026,-1
143,B08/S7,257,128,2,1,oscillating,1,0.35,oscillating,2,17,645,-1
143,B08/S7,257,128,2,1,oscillating,2,0.5,oscillating,2,17,616,-1
144,B124678/S0234568,470,381,6,7,chaotic,0,0.2,chaotic,-1,-1,3022,0.784983
144,B124678/S0234568,470,381,6,7,chaotic,1,0.35,chaotic,-1,-1,3062,0.78515
144,B124678/S0234568,470,381,6,7,chaotic,2,0.5,chaotic,-1,-1,3062,0.785824
145,B013678/S0245,459,53,6,4,chaotic,0,0.2,chaotic,-1,-1,2016,0.966702
145,B013678/S0245,459,53,6,4,chaotic,1,0.35,chaotic,-1,-1,2005,0.966402
145,B013678/S0245,459,53,6,4,chaotic,2,0.5,chaotic,-1,-1,2050,0.966603
146,B0123678/S123678,463,462,7,6,chaotic,0,0.2,chaotic,-1,-1,2372,0.926474
146,B0123678/S123678,463,462,7,6,chaotic,1,0.35,chaotic,-1,-1,2300,0.932109
146,B0123678/S123678,463,462,7,6,chaotic,2,0.5,chaotic,-1,-1,2273,0.92961
147,B136/S145678,74,498,3,6,oscillating,0,0.2,stable,1,21,3715,-1
147,B136/S145678,74,498,3,6,oscillating,1,0.35,oscillating,2,18,3699,-1
147,B136/S145678,74,498,3,6,oscillating,2,0.5,oscillating,3,17,3675,-1
148,B137/S1346,138,90,3,4,chaotic,0,0.2,chaotic,-1,-1,1880,0.969366
148,B137/S1346,138,90,3,4,chaotic,1,0.35,chaotic,-1,-1,1885,0.969697
148,B137/S1346,138,90,3,4,chaotic,2,0.5,chaotic,-1,-1,1893,0.969591
149,B024/S013567,21,235,3,6,chaotic,0,0.2,chaotic,-1,-1,2183,0.965824
149,B024/S013567,21,235,3,6,chaotic,1,0.35,chaotic,-1,-1,2092,0.966531
149,B024/S013567,21,235,3,6,chaotic,2,0.5,chaotic,-1,-1,2097,0.965199
150,B2347/S0257,156,165,4,4,chaotic,0,0.2,chaotic,-1,-1,2094,0.957911
150,B2347/S0257,156,165,4,4,chaotic,1,0.35,chaotic,-1,-1,2152,0.95665
150,B2347/S0257,156,165,4,4,chaotic,2,0.5,chaotic,-1,-1,2095,0.957294
151,B013568/S0124678,363,471,6,7,oscillating,0,0.2,oscillating,2,39,4016,-1
151,B013568/S0124678,363,471,6,7,oscillating,1,0.35,oscillating,2,41,4015,-1
151,B013568/S0124678,363,471,6,7,oscillating,2,0.5,oscillating,2,43,4033,-1
152,B168/S1345678,322,506,3,7,oscillating,0,0.2,oscillating,60,103,2550,-1
152,B168/S1345678,322,506,3,7,oscillating,1,0.35,oscillating,60,99,2393,-1
152,B168/S1345678,322,506,3,7,oscillating,2,0.5,oscillating,12,35,2820,-1
153,B012456/S02347,119,157,6,5,chaotic,0,0.2,chaotic,-1,-1,2425,0.92123
153,B012456/S02347,119,157,6,5,chaotic,1,0.35,chaotic,-1,-1,2388,0.920038
153,B012456/S02347,119,157,6,5,chaotic,2,0.5,chaotic,-1,-1,2355,0.920724
154,B014578/S056,435,97,6,3,chaotic,0,0.2,chaotic,-1,-1,1532,0.913691
154,B014578/S056,435,97,6,3,chaotic,1,0.35,chaotic,-1,-1,1534,0.914511
154,B014578/S056,435,97,6,3,chaotic,2,0.5,chaotic,-1,-1,1486,0.914001
155,B047/S24567,145,244,3,5,oscillating,0,0.2,oscillating,6,73,3079,-1
155,B047/S24567,145,244,3,5,oscillating,1,0.35,oscillating,6,70,3108,-1
155,B047/S24567,145,244,3,5,oscillating,2,0.5,oscillating,6,53,3061,-1
156,B01356/S123457,107,190,5,6,chaotic,0,0.2,chaotic,-1,-1,2671,0.885164
156,B01356/S123457,107,190,5,6,chaotic,1,0.35,chaotic,-1,-1,2660,0.884273
156,B01356/S123457,107,190,5,6,chaotic,2,0.5,chaotic,-1,-1,2696,0.883506
157,B24568/S1467,372,210,5,4,chaotic,0,0.2,chaotic,-1,-1,2641,0.909574
157,B24568/S1467,372,210,5,4,chaotic,1,0.35,chaotic,-1,-1,2643,0.906082
157,B24568/S1467,372,210,5,4,chaotic,2,0.5,chaotic,-1,-1,2640,0.9062
158,B1345678/S123578,506,430,7,6,chaotic,0,0.2,chaotic,-1,-1,2855,0.852211
158,B1345678/S123578,506,430,7,6,chaotic,1,0.35,chaotic,-1,-1,2872,0.853365
158,B1345678/S123578,506,430,7,6,chaotic,2,0.5,chaotic,-1,-1,2861,0.851355
159,B0123458/S01345,319,59,7,5,oscillating,0,0.2,oscillating,2,7,4096,-1
159,B0123458/S01345,319,59,7,5,oscillating,1,0.35,oscillating,2,11,4096,-1
159,B0123458/S01345,319,59,7,5,oscillating,2,0.5,oscillating,2,29,4054,-1
160,B012478/S18,407,258,6,2,chaotic,0,0.2,chaotic,-1,-1,1840,0.893239
160,B012478/S18,407,258,6,2,chaotic,1,0.35,chaotic,-1,-1,1765,0.892982
160,B012478/S18,407,258,6,2,chaotic,2,0.5,chaotic,-1,-1,1827,0.894781
161,B235678/S568,492,352,6,3,chaotic,0,0.2,chaotic,-1,-1,2041,0.958231
161,B235678/S568,492,352,6,3,chaotic,1,0.35,chaotic,-1,-1,2161,0.960068
161,B235678/S568,492,352,6,3,chaotic,2,0.5,chaotic,-1,-1,2122,0.959703
162,B1356/S012456,106,119,4,6,chaotic,0,0.2,chaotic,-1,-1,2654,0.884725
162,B1356/S012456,106,119,4,6,chaotic,1,0.35,chaotic,-1,-1,2654,0.884003
162,B1356/S012456,106,119,4,6,chaotic,2,0.5,chaotic,-1,-1,2611,0.884632
163,B0124/S012578,23,423,4,6,chaotic,0,0.2,chaotic,-1,-1,1959,0.946038
163,B0124/S012578,23,423,4,6,chaotic,1,0.35,chaotic,-1,-1,1984,0.945947
163,B0124/S012578,23,423,4,6,chaotic,2,0.5,chaotic,-1,-1,1967,0.945862
164,B345678/S34567,504,248,6,5,chaotic,0,0.2,chaotic,-1,-1,2724,0.761806
164,B345678/S34567,504,248,6,5,chaotic,1,0.35,chaotic,-1,-1,2878,0.762992
164,B345678/S34567,504,248,6,5,chaotic,2,0.5,chaotic,-1,-1,2719,0.761804
165,B02467/S368,213,328,5,3,chaotic,0,0.2,chaotic,-1,-1,1748,0.958531
165,B02467/S368,213,328,5,3,chaotic,1,0.35,chaotic,-1,-1,1703,0.95681
165,B02467/S368,213,328,5,3,chaotic,2,0.5,chaotic,-1,-1,1735,0.957061
166,B6/S23578,64,428,1,5,stable,0,0.2,stable,1,9,150,-1
166,B6/S23578,64,428,1,5,stable,1,0.35,stable,1,13,201,-1
166,B6/S23578,64,428,1,5,stable,2,0.5,stable,1,12,334,-1
167,B04567/S147,241,146,5,3,chaotic,0,0.2,chaotic,-1,-1,1411,0.866853
167,B04567/S147,241,146,5,3,chaotic,1,0.35,chaotic,-1,-1,1418,0.873557
167,B04567/S147,241,146,5,3,chaotic,2,0.5,chaotic,-1,-1,1364,0.870197
168,B02456/S0367,117,201,5,4,chaotic,0,0.2,chaotic,-1,-1,2211,0.964443
168,B02456/S0367,117,201,5,4,chaotic,1,0.35,chaotic,-1,-1,2232,0.963756
168,B02456/S0367,117,201,5,4,chaotic,2,0.5,chaotic,-1,-1,2244,0.964835
169,B013578/S12568,427,358,6,5,chaotic,0,0.2,chaotic,-1,-1,2046,0.965005
169,B013578/S12568,427,358,6,5,chaotic,1,0.35,chaotic,-1,-1,2041,0.965667
169,B013578/S12568,427,358,6,5,chaotic,2,0.5,chaotic,-1,-1,2075,0.964804
170,B0125678/S12458,487,310,7,5,chaotic,0,0.2,chaotic,-1,-1,2256,0.950552
170,B0125678/S12458,487,310,7,5,chaotic,1,0.35,chaotic,-1,-1,2318,0.949746
170,B0125678/S12458,487,310,7,5,chaotic,2,0.5,chaotic,-1,-1,2238,0.95101
171,B013478/S012345678,411,511,6,9,stable,0,0.2,stable,1,17,3935,-1
171,B013478/S012345678,411,511,6,9,stable,1,0.35,stable,1,11,3908,-1
171,B013478/S012345678,411,511,6,9,stable,2,0.5,stable,1,9,3966,-1
172,B145/S02357,50,173,3,5,chaotic,0,0.2,chaotic,-1,-1,2202,0.959577
172,B145/S02357,50,173,3,5,chaotic,1,0.35,chaotic,-1,-1,2229,0.960847
172,B145/S02357,50,173,3,5,chaotic,2,0.5,chaotic,-1,-1,2275,0.960026
173,B47/S2456,144,116,2,4,stable,0,0.2,stable,1,11,93,-1
173,B47/S2456,144,116,2,4,stable,1,0.35,oscillating,2,27,94,-1
173,B47/S2456,144,116,2,4,stable,2,0.5,stable,1,39,68,-1
174,B0124568/S012567,375,231,7,6,chaotic,0,0.2,chaotic,-1,-1,3008,0.793841
174,B0124568/S012567,375,231,7,6,chaotic,1,0.35,chaotic,-1,-1,2942,0.794945
174,B0124568/S012567,375,231,7,6,chaotic,2,0.5,chaotic,-1,-1,2927,0.795457
175,B16/S014,66,19,2,3,chaotic,0,0.2,chaotic,-1,-1,1281,0.834091
175,B16/S014,66,19,2,3,chaotic,1,0.35,chaotic,-1,-1,1192,0.83173
175,B16/S014,66,19,2,3,chaotic,2,0.5,chaotic,-1,-1,1241,0.832713
176,B0123567/S012378,239,399,7,6,chaotic,0,0.2,chaotic,-1,-1,2282,0.943657
176,B0123567/S012378,239,399,7,6,chaotic,1,0.35,chaotic,-1,-1,2200,0.944554
176,B0123567/S012378,239,399,7,6,chaotic,2,0.5,chaotic,-1,-1,2231,0.945322
177,B1467/S678,210,448,4,3,chaotic,0,0.2,chaotic,-1,-1,1043,0.804314
177,B1467/S678,210,448,4,3,chaotic,1,0.35,chaotic,-1,-1,1103,0.803067
177,B1467/S678,210,448,4,3,chaotic,2,0.5,chaotic,-1,-1,1126,0.803487
178,B01568/S01238,355,271,5,5,oscillating,0,0.2,oscillating,4,195,1268,-1
178,B01568/S01238,355,271,5,5,oscillating,1,0.35,oscillating,4,152,1280,-1
178,B01568/S01238,355,271,5,5,oscillating,2,0.5,oscillating,4,191,1270,-1
179,B134/S1234,26,30,3,4,chaotic,0,0.2,chaotic,-1,-1,1945,0.919686
179,B134/S1234,26,30,3,4,chaotic,1,0.35,chaotic,-1,-1,1982,0.920466
179,B134/S1234,26,30,3,4,chaotic,2,0.5,chaotic,-1,-1,2005,0.921649
180,B3478/S012345,408,63,4,6,chaotic,0,0.2,chaotic,-1,-1,2398,0.930591
180,B3478/S012345,408,63,4,6,chaotic,1,0.35,chaotic,-1,-1,2352,0.931431
180,B3478/S012345,408,63,4,6,chaotic,2,0.5,chaotic,-1,-1,2360,0.929226
181,B0467/S013456,209,123,4,6,chaotic,0,0.2,chaotic,-1,-1,2545,0.89922
181,B0467/S013456,209,123,4,6,chaotic,1,0.35,chaotic,-1,-1,2509,0.898799
181,B0467/S013456,209,123,4,6,chaotic,2,0.5,chaotic,-1,-1,2493,0.898593
182,B0234/S01,29,3,4,2,oscillating,0,0.2,oscillating,12,49,2800,-1
182,B0234/S01,29,3,4,2,oscillating,1,0.35,oscillating,4,46,1197,-1
182,B0234/S01,29,3,4,2,oscillating,2,0.5,oscillating,20,85,1412,-1
183,B145678/S01245,498,55,6,5,chaotic,0,0.2,chaotic,-1,-1,2311,0.930741
183,B145678/S01245,498,55,6,5,chaotic,1,0.35,chaotic,-1,-1,2370,0.930427
183,B145678/S01245,498,55,6,5,chaotic,2,0.5,chaotic,-1,-1,2318,0.930146
184,B138/S01356,266,107,3,5,chaotic,0,0.2,chaotic,-1,-1,1711,0.953828
184,B138/S01356,266,107,3,5,chaotic,1,0.35,chaotic,-1,-1,1756,0.953798
184,B138/S01356,266,107,3,5,chaotic,2,0.5,chaotic,-1,-1,1816,0.954982
185,B12367/S01567,206,227,5,5,chaotic,0,0.2,chaotic,-1,-1,2428,0.921995
185,B12367/S01567,206,227,5,5,chaotic,1,0.35,chaotic,-1,-1,2436,0.920829
185,B12367/S01567,206,227,5,5,chaotic,2,0.5,chaotic,-1,-1,2418,0.920345
186,B02478/S12367,405,206,5,5,chaotic,0,0.2,chaotic,-1,-1,1971,0.960091
186,B02478/S12367,405,206,5,5,chaotic,1,0.35,chaotic,-1,-1,1970,0.958641
186,B02478/S12367,405,206,5,5,chaotic,2,0.5,chaotic,-1,-1,1963,0.959633
187,B13458/S347,314,152,5,3,chaotic,0,0.2,chaotic,-1,-1,2217,0.939764
187,B13458/S347,314,152,5,3,chaotic,1,0.35,chaotic,-1,-1,2197,0.939866
187,B13458/S347,314,152,5,3,chaotic,2,0.5,chaotic,-1,-1,2241,0.940353
188,B01236/S12346,79,94,5,5,oscillating,0,0.2,oscillating,2,18,32,-1
188,B01236/S12346,79,94,5,5,oscillating,1,0.35,oscillating,2,43,4080,-1
188,B01236/S12346,79,94,5,5,oscillating,2,0.5,complex,-1,-1,1275,0.156857
189,B245678/S23468,500,348,6,5,chaotic,0,0.2,chaotic,-1,-1,2768,0.86832
189,B245678/S23468,500,348,6,5,chaotic,1,0.35,chaotic,-1,-1,2739,0.870728
189,B245678/S23468,500,348,6,5,chaotic,2,0.5,chaotic,-1,-1,2786,0.867911
190,B2468/S1356,340,106,4,4,chaotic,0,0.2,chaotic,-1,-1,2276,0.957307
190,B2468/S1356,340,106,4,4,chaotic,1,0.35,chaotic,-1,-1,2224,0.958556
190,B2468/S1356,340,106,4,4,chaotic,2,0.5,chaotic,-1,-1,2212,0.958752
191,B012458/S12457,311,182,6,5,chaotic,0,0.2,chaotic,-1,-1,2521,0.931097
191,B012458/S12457,311,182,6,5,chaotic,1,0.35,chaotic,-1,-1,2479,0.931262
191,B012458/S12457,311,182,6,5,chaotic,2,0.5,chaotic,-1,-1,2591,0.930585
192,B02347/S012,157,7,5,3,chaotic,0,0.2,chaotic,-1,-1,1729,0.886513
192,B02347/S012,157,7,5,3,chaotic,1,0.35,chaotic,-1,-1,1776,0.881305
192,B02347/S012,157,7,5,3,chaotic,2,0.5,chaotic,-1,-1,1731,0.88846
193,B01347/S012347,155,159,5,6,chaotic,0,0.2,chaotic,-1,-1,2274,0.920808
193,B01347/S012347,155,159,5,6,chaotic,1,0.35,chaotic,-1,-1,2258,0.921692
193,B01347/S012347,155,159,5,6,chaotic,2,0.5,chaotic,-1,-1,2230,0.921024
194,B14/S02567,18,229,2,5,chaotic,0,0.2,chaotic,-1,-1,1488,0.90641
194,B14/S02567,18,229,2,5,chaotic,1,0.35,chaotic,-1,-1,1422,0.90734
194,B14/S02567,18,229,2,5,chaotic,2,0.5,chaotic,-1,-1,1413,0.905923
195,B04/S235,17,44,2,3,chaotic,0,0.2,chaotic,-1,-1,1490,0.91034
195,B04/S235,17,44,2,3,chaotic,1,0.35,chaotic,-1,-1,1587,0.912201
195,B04/S235,17,44,2,3,chaotic,2,0.5,chaotic,-1,-1,1579,0.911784
196,B0124568/S0125,375,39,7,4,chaotic,0,0.2,chaotic,-1,-1,2193,0.963378
196,B0124568/S0125,375,39,7,4,chaotic,1,0.35,chaotic,-1,-1,2148,0.960795
196,B0124568/S0125,375,39,7,4,chaotic,2,0.5,chaotic,-1,-1,2241,0.963933
197,B0127/S1578,135,418,4,4,chaotic,0,0.2,chaotic,-1,-1,1942,0.906089
197,B0127/S1578,135,418,4,4,chaotic,1,0.35,chaotic,-1,-1,1691,0.905194
197,B0127/S1578,135,418,4,4,chaotic,2,0.5,chaotic,-1,-1,1844,0.906962
198,B02468/S04678,341,465,5,5,chaotic,0,0.2,chaotic,-1,-1,1750,0.952591
198,B02468/S04678,341,465,5,5,chaotic,1,0.35,chaotic,-1,-1,1745,0.954231
198,B02468/S04678,341,465,5,5,chaotic,2,0.5,chaotic,-1,-1,1782,0.953155
199,B23568/S0125,364,39,5,4,chaotic,0,0.2,chaotic,-1,-1,2036,0.963685
199,B23568/S0125,364,39,5,4,chaotic,1,0.35,chaotic,-1,-1,2028,0.962454
199,B23568/S0125,364,39,5,4,chaotic,2,0.5,chaotic,-1,-1,2018,0.963128
200,B02468/S123456,341,126,5,6,chaotic,0,0.2,chaotic,-1,-1,2731,0.869233
200,B02468/S123456,341,126,5,6,chaotic,1,0.35,chaotic,-1,-1,2814,0.869566
200,B02468/S123456,341,126,5,6,chaotic,2,0.5,chaotic,-1,-1,2768,0.869259
201,B234578/S1478,444,402,6,4,chaotic,0,0.2,chaotic,-1,-1,2267,0.948199
201,B234578/S1478,444,402,6,4,chaotic,1,0.35,chaotic,-1,-1,2237,0.948629
201,B234578/S1478,444,402,6,4,chaotic,2,0.5,chaotic,-1,-1,2259,0.948887
202,B3/S56,8,96,1,2,stable,0,0.2,stable,1,6,0,-1
202,B3/S56,8,96,1,2,stable,1,0.35,stable,1,9,0,-1
202,B3/S56,8,96,1,2,stable,2,0.5,stable,1,9,0,-1
203,B124678/S012468,470,343,6,6,chaotic,0,0.2,chaotic,-1,-1,2207,0.96458
203,B124678/S012468,470,343,6,6,chaotic,1,0.35,chaotic,-1,-1,2231,0.963957
203,B124678/S012468,470,343,6,6,chaotic,2,0.5,chaotic,-1,-1,2272,0.964636
204,B123468/S02478,350,405,6,5,chaotic,0,0.2,chaotic,-1,-1,2230,0.935561
204,B123468/S02478,350,405,6,5,chaotic,1,0.35,chaotic,-1,-1,2346,0.935441
204,B123468/S02478,350,405,6,5,chaotic,2,0.5,chaotic,-1,-1,2385,0.934867
205,B13467/S023457,218,189,5,6,chaotic,0,0.2,chaotic,-1,-1,2690,0.87452
205,B13467/S023457,218,189,5,6,chaotic,1,0.35,chaotic,-1,-1,2760,0.873259
205,B13467/S023457,218,189,5,6,chaotic,2,0.5,chaotic,-1,-1,2655,0.873809
206,B1245678/S01346,502,91,7,5,chaotic,0,0.2,chaotic,-1,-1,2682,0.896691
206,B1245678/S01346,502,91,7,5,chaotic,1,0.35,chaotic,-1,-1,2685,0.897729
206,B1245678/S01346,502,91,7,5,chaotic,2,0.5,chaotic,-1,-1,2693,0.897517
207,B025678/S1245,485,54,6,4,chaotic,0,0.2,chaotic,-1,-1,2168,0.954939
207,B025678/S1245,485,54,6,4,chaotic,1,0.35,chaotic,-1,-1,2236,0.956612
207,B025678/S1245,485,54,6,4,chaotic,2,0.5,chaotic,-1,-1,2088,0.955838
208,B23478/S08,412,257,5,2,chaotic,0,0.2,chaotic,-1,-1,1608,0.919232
208,B23478/S08,412,257,5,2,chaotic,1,0.35,chaotic,-1,-1,1574,0.920463
208,B23478/S08,412,257,5,2,chaotic,2,0.5,chaotic,-1,-1,1602,0.91917
209,B1368/S124,330,22,4,3,chaotic,0,0.2,chaotic,-1,-1,1789,0.948857
209,B1368/S124,330,22,4,3,chaotic,1,0.35,chaotic,-1,-1,1779,0.948344
209,B1368/S124,330,22,4,3,chaotic,2,0.5,chaotic,-1,-1,1790,0.948311
210,B0248/S012357,277,175,4,6,chaotic,0,0.2,chaotic,-1,-1,2140,0.96268
210,B0248/S012357,277,175,4,6,chaotic,1,0.35,chaotic,-1,-1,2114,0.962682
210,B0248/S012357,277,175,4,6,chaotic,2,0.5,chaotic,-1,-1,1980,0.963371
211,B013567/S157,235,162,6,3,chaotic,0,0.2,chaotic,-1,-1,1709,0.954042
211,B013567/S157,235,162,6,3,chaotic,1,0.35,chaotic,-1,-1,1794,0.954299
211,B013567/S157,235,162,6,3,chaotic,2,0.5,chaotic,-1,-1,1789,0.953895
212,B23458/S1457,316,178,5,4,chaotic,0,0.2,chaotic,-1,-1,2490,0.922531
212,B23458/S1457,316,178,5,4,chaotic,1,0.35,chaotic,-1,-1,2477,0.921905
212,B23458/S1457,316,178,5,4,chaotic,2,0.5,chaotic,-1,-1,2516,0.921966
213,B0234/S0168,29,323,4,4,chaotic,0,0.2,chaotic,-1,-1,1817,0.934771
213,B0234/S0168,29,323,4,4,chaotic,1,0.35,chaotic,-1,-1,1894,0.934745
213,B0234/S0168,29,323,4,4,chaotic,2,0.5,chaotic,-1,-1,1856,0.936027
214,B14678/S14678,466,466,5,5,chaotic,0,0.2,chaotic,-1,-1,1571,0.913168
214,B14678/S14678,466,466,5,5,chaotic,1,0.35,chaotic,-1,-1,1529,0.914238
214,B14678/S14678,466,466,5,5,chaotic,2,0.5,chaotic,-1,-1,1530,0.913042
215,B01346/S1567,91,226,5,4,chaotic,0,0.2,chaotic,-1,-1,2768,0.865714
215,B01346/S1567,91,226,5,4,chaotic,1,0.35,chaotic,-1,-1,2764,0.875207
215,B01346/S1567,91,226,5,4,chaotic,2,0.5,chaotic,-1,-1,2814,0.852972
216,B1568/S0124678,354,471,4,7,chaotic,0,0.2,chaotic,-1,-1,1312,0.884553
216,B1568/S0124678,354,471,4,7,chaotic,1,0.35,chaotic,-1,-1,1255,0.875019
216,B1568/S0124678,354,471,4,7,chaotic,2,0.5,chaotic,-1,-1,1295,0.886547
217,B0456/S01268,113,327,4,5,chaotic,0,0.2,chaotic,-1,-1,1489,0.908584
217,B0456/S01268,113,327,4,5,chaotic,1,0.35,chaotic,-1,-1,1451,0.914161
217,B0456/S01268,113,327,4,5,chaotic,2,0.5,chaotic,-1,-1,1509,0.912493
218,B045678/S14578,497,434,6,5,chaotic,0,0.2,chaotic,-1,-1,3027,0.794232
218,B045678/S14578,497,434,6,5,chaotic,1,0.35,chaotic,-1,-1,3057,0.789015
218,B045678/S14578,497,434,6,5,chaotic,2,0.5,chaotic,-1,-1,3022,0.794461
219,B1468/S124578,338,438,4,6,chaotic,0,0.2,chaotic,-1,-1,2388,0.951262
219,B1468/S124578,338,438,4,6,chaotic,1,0.35,chaotic,-1,-1,2326,0.951256
219,B1468/S124578,338,438,4,6,chaotic,2,0.5,chaotic,-1,-1,2342,0.950533
220,B0237/S012357,141,175,4,6,chaotic,0,0.2,chaotic,-1,-1,2031,0.959915
220,B0237/S012357,141,175,4,6,chaotic,1,0.35,chaotic,-1,-1,2120,0.958706
220,B0237/S012357,141,175,4,6,chaotic,2,0.5,chaotic,-1,-1,2169,0.95714
221,B1348/S468,282,336,4,3,chaotic,0,0.2,chaotic,-1,-1,1907,0.966465
221,B1348/S468,282,336,4,3,chaotic,1,0.35,chaotic,-1,-1,1913,0.966122
221,B1348/S468,282,336,4,3,chaotic,2,0.5,chaotic,-1,-1,1871,0.966835
222,B012368/S12378,335,398,6,5,chaotic,0,0.2,chaotic,-1,-1,2130,0.920412
222,B012368/S12378,335,398,6,5,chaotic,1,0.35,chaotic,-1,-1,2155,0.92008
222,B012368/S12378,335,398,6,5,chaotic,2,0.5,chaotic,-1,-1,2143,0.918752
223,B0157/S34567,163,248,4,5,oscillating,0,0.2,oscillating,6,34,3134,-1
223,B0157/S34567,163,248,4,5,oscillating,1,0.35,oscillating,6,36,3080,-1
223,B0157/S34567,163,248,4,5,oscillating,2,0.5,oscillating,6,42,3144,-1
224,B3456/S013458,120,315,4,6,chaotic,0,0.2,chaotic,-1,-1,2622,0.887993
224,B3456/S013458,120,315,4,6,chaotic,1,0.35,chaotic,-1,-1,2485,0.887912
224,B3456/S013458,120,315,4,6,chaotic,2,0.5,chaotic,-1,-1,2543,0.887053
225,B012457/S1245678,183,502,6,7,stable,0,0.2,stable,1,6,3882,-1
225,B012457/S1245678,183,502,6,7,stable,1,0.35,stable,1,8,3837,-1
225,B012457/S1245678,183,502,6,7,stable,2,0.5,oscillating,2,7,3833,-1
226,B0137/S012457,139,183,4,6,chaotic,0,0.2,chaotic,-1,-1,1914,0.969151
226,B0137/S012457,139,183,4,6,chaotic,1,0.35,chaotic,-1,-1,1954,0.968848
226,B0137/S012457,139,183,4,6,chaotic,2,0.5,chaotic,-1,-1,1973,0.96893
227,B1368/S02347,330,157,4,5,chaotic,0,0.2,chaotic,-1,-1,2132,0.968634
227,B1368/S02347,330,157,4,5,chaotic,1,0.35,chaotic,-1,-1,2098,0.969045
227,B1368/S02347,330,157,4,5,chaotic,2,0.5,chaotic,-1,-1,2078,0.968373
228,B35678/S1245678,488,502,5,7,stable,0,0.2,stable,1,21,4096,-1
228,B35678/S1245678,488,502,5,7,stable,1,0.35,stable,1,11,4096,-1
228,B35678/S1245678,488,502,5,7,stable,2,0.5,stable,1,6,4096,-1
229,B2347/S235678,156,492,4,6,oscillating,0,0.2,oscillating,2,18,3830,-1
229,B2347/S235678,156,492,4,6,oscillating,1,0.35,oscillating,2,15,3796,-1
229,B2347/S235678,156,492,4,6,oscillating,2,0.5,oscillating,2,19,3784,-1
230,B12457/S3468,182,344,5,4,chaotic,0,0.2,chaotic,-1,-1,2439,0.93318
230,B12457/S3468,182,344,5,4,chaotic,1,0.35,chaotic,-1,-1,2397,0.933756
230,B12457/S3468,182,344,5,4,chaotic,2,0.5,chaotic,-1,-1,2474,0.933529
231,B03578/S0148,425,275,5,4,chaotic,0,0.2,chaotic,-1,-1,1599,0.934582
231,B03578/S0148,425,275,5,4,chaotic,1,0.35,chaotic,-1,-1,1598,0.934253
231,B03578/S0148,425,275,5,4,chaotic,2,0.5,chaotic,-1,-1,1656,0.934248
232,B13478/S246,410,84,5,3,chaotic,0,0.2,chaotic,-1,-1,2103,0.964961
232,B13478/S246,410,84,5,3,chaotic,1,0.35,chaotic,-1,-1,2118,0.964651
232,B13478/S246,410,84,5,3,chaotic,2,0.5,chaotic,-1,-1,2136,0.964329
233,B13568/S457,362,176,5,3,chaotic,0,0.2,chaotic,-1,-1,2506,0.934051
233,B13568/S457,362,176,5,3,chaotic,1,0.35,chaotic,-1,-1,2443,0.93455
233,B13568/S457,362,176,5,3,chaotic,2,0.5,chaotic,-1,-1,2409,0.934852
234,B0123478/S13478,415,410,7,5,chaotic,0,0.2,chaotic,-1,-1,2420,0.922095
234,B0123478/S13478,415,410,7,5,chaotic,1,0.35,chaotic,-1,-1,2365,0.919756
234,B0123478/S13478,415,410,7,5,chaotic,2,0.5,chaotic,-1,-1,2401,0.919163
235,B012358/S1258,303,294,6,4,chaotic,0,0.2,chaotic,-1,-1,2098,0.931246
235,B012358/S1258,303,294,6,4,chaotic,1,0.35,chaotic,-1,-1,2067,0.930587
235,B012358/S1258,303,294,6,4,chaotic,2,0.5,chaotic,-1,-1,2122,0.931718
236,B3457/S07,184,129,4,2,chaotic,0,0.2,chaotic,-1,-1,1656,0.943498
236,B3457/S07,184,129,4,2,chaotic,1,0.35,chaotic,-1,-1,1651,0.944513
236,B3457/S07,184,129,4,2,chaotic,2,0.5,chaotic,-1,-1,1646,0.946161
237,B02457/S1346,181,90,5,4,chaotic,0,0.2,chaotic,-1,-1,2428,0.937842
237,B02457/S1346,181,90,5,4,chaotic,1,0.35,chaotic,-1,-1,2379,0.937707
237,B02457/S1346,181,90,5,4,chaotic,2,0.5,chaotic,-1,-1,2392,0.937149
238,B012367/S0234678,207,477,6,7,oscillating,0,0.2,oscillating,16,34,3954,-1
238,B012367/S0234678,207,477,6,7,oscillating,1,0.35,oscillating,16,53,3999,-1
238,B012367/S0234678,207,477,6,7,oscillating,2,0.5,oscillating,16,66,3992,-1
239,B12/S1234678,6,478,2,7,stable,0,0.2,stable,1,10,1852,-1
239,B12/S1234678,6,478,2,7,stable,1,0.35,stable,1,10,1827,-1
239,B12/S1234678,6,478,2,7,stable,2,0.5,oscillating,2,10,1862,-1
240,B0134568/S0234567,379,253,7,7,chaotic,0,0.2,chaotic,-1,-1,3062,0.782354
240,B0134568/S0234567,379,253,7,7,chaotic,1,0.35,chaotic,-1,-1,3106,0.781572
240,B0134568/S0234567,379,253,7,7,chaotic,2,0.5,chaotic,-1,-1,3073,0.773644
241,B23578/S0235,428,45,5,4,chaotic,0,0.2,chaotic,-1,-1,2109,0.952084
241,B23578/S0235,428,45,5,4,chaotic,1,0.35,chaotic,-1,-1,2172,0.95283
241,B23578/S0235,428,45,5,4,chaotic,2,0.5,chaotic,-1,-1,2095,0.95177
242,B2456/S0458,116,305,4,4,chaotic,0,0.2,chaotic,-1,-1,2363,0.934393
242,B2456/S0458,116,305,4,4,chaotic,1,0.35,chaotic,-1,-1,2280,0.935175
242,B2456/S0458,116,305,4,4,chaotic,2,0.5,chaotic,-1,-1,2360,0.934523
243,B01356/S068,107,321,5,3,chaotic,0,0.2,chaotic,-1,-1,1563,0.91865
243,B01356/S068,107,321,5,3,chaotic,1,0.35,chaotic,-1,-1,1525,0.919705
243,B01356/S068,107,321,5,3,chaotic,2,0.5,chaotic,-1,-1,1447,0.919414
244,B012567/S02368,231,333,6,5,chaotic,0,0.2,chaotic,-1,-1,1973,0.968454
244,B012567/S02368,231,333,6,5,chaotic,1,0.35,chaotic,-1,-1,1991,0.969188
244,B012567/S02368,231,333,6,5,chaotic,2,0.5,chaotic,-1,-1,1956,0.969032
245,B245678/S0134567,500,251,6,7,chaotic,0,0.2,chaotic,-1,-1,2932,0.759381
245,B245678/S0134567,500,251,6,7,chaotic,1,0.35,chaotic,-1,-1,2875,0.761682
245,B245678/S0134567,500,251,6,7,chaotic,2,0.5,chaotic,-1,-1,2918,0.758717
246,B01268/S01234568,327,383,5,8,chaotic,0,0.2,oscillating,420,500,2329,-1
246,B01268/S01234568,327,383,5,8,chaotic,1,0.35,chaotic,-1,-1,2344,0.96913
246,B01268/S01234568,327,383,5,8,chaotic,2,0.5,chaotic,-1,-1,2354,0.966255
247,B234678/S23458,476,316,6,5,chaotic,0,0.2,chaotic,-1,-1,2579,0.87944
247,B234678/S23458,476,316,6,5,chaotic,1,0.35,chaotic,-1,-1,2674,0.88015
247,B234678/S23458,476,316,6,5,chaotic,2,0.5,chaotic,-1,-1,2593,0.880403
248,B135678/S03578,490,425,6,5,chaotic,0,0.2,chaotic,-1,-1,2503,0.934691
248,B135678/S03578,490,425,6,5,chaotic,1,0.35,chaotic,-1,-1,2531,0.934145
248,B135678/S03578,490,425,6,5,chaotic,2,0.5,chaotic,-1,-1,2464,0.936681
249,B24/S03,20,9,2,2,chaotic,0,0.2,chaotic,-1,-1,1567,0.914682
249,B24/S03,20,9,2,2,chaotic,1,0.35,chaotic,-1,-1,1506,0.914174
249,B24/S03,20,9,2,2,chaotic,2,0.5,chaotic,-1,-1,1521,0.913861
250,B03/S06,9,65,2,2,chaotic,0,0.2,chaotic,-1,-1,1026,0.790322
250,B03/S06,9,65,2,2,chaotic,1,0.35,chaotic,-1,-1,1117,0.791133
250,B03/S06,9,65,2,2,chaotic,2,0.5,chaotic,-1,-1,1089,0.792234
251,B1245/S034,54,25,4,3,chaotic,0,0.2,chaotic,-1,-1,1933,0.932053
251,B1245/S034,54,25,4,3,chaotic,1,0.35,chaotic,-1,-1,2086,0.930825
251,B1245/S034,54,25,4,3,chaotic,2,0.5,chaotic,-1,-1,1993,0.931497
252,B1345678/S23467,506,220,7,5,chaotic,0,0.2,chaotic,-1,-1,3090,0.771871
252,B1345678/S23467,506,220,7,5,chaotic,1,0.35,chaotic,-1,-1,3038,0.772198
252,B1345678/S23467,506,220,7,5,chaotic,2,0.5,chaotic,-1,-1,3081,0.773057
253,B0245/S078,53,385,4,3,chaotic,0,0.2,chaotic,-1,-1,1556,0.935389
253,B0245/S078,53,385,4,3,chaotic,1,0.35,chaotic,-1,-1,1554,0.934056
253,B0245/S078,53,385,4,3,chaotic,2,0.5,chaotic,-1,-1,1611,0.935162
254,B12367/S012348,206,287,5,6,chaotic,0,0.2,chaotic,-1,-1,2255,0.90639
254,B12367/S012348,206,287,5,6,chaotic,1,0.35,chaotic,-1,-1,2245,0.90696
254,B12367/S012348,206,287,5,6,chaotic,2,0.5,chaotic,-1,-1,2303,0.909973
255,B0358/S0256,297,101,4,4,chaotic,0,0.2,chaotic,-1,-1,1721,0.944616
255,B0358/S0256,297,101,4,4,chaotic,1,0.35,chaotic,-1,-1,1693,0.945375
255,B0358/S0256,297,101,4,4,chaotic,2,0.5,chaotic,-1,-1,1772,0.94469
256,B023468/S0146,349,83,6,4,chaotic,0,0.2,chaotic,-1,-1,2272,0.958399
256,B023468/S0146,349,83,6,4,chaotic,1,0.35,chaotic,-1,-1,2260,0.95832
256,B023468/S0146,349,83,6,4,chaotic,2,0.5,chaotic,-1,-1,2172,0.958258
257,B4/S0137,16,139,1,4,stable,0,0.2,stable,1,8,443,-1
257,B4/S0137,16,139,1,4,stable,1,0.35,oscillating,2,11,456,-1
257,B4/S0137,16,139,1,4,stable,2,0.5,stable,1,10,425,-1
258,B124/S158,22,290,3,3,chaotic,0,0.2,chaotic,-1,-1,1716,0.931084
258,B124/S158,22,290,3,3,chaotic,1,0.35,chaotic,-1,-1,1713,0.932638
258,B124/S158,22,290,3,3,chaotic,2,0.5,chaotic,-1,-1,1756,0.93332
259,B12457/S46,182,80,5,2,chaotic,0,0.2,chaotic,-1,-1,2097,0.969803
259,B12457/S46,182,80,5,2,chaotic,1,0.35,chaotic,-1,-1,2139,0.970073
259,B12457/S46,182,80,5,2,chaotic,2,0.5,chaotic,-1,-1,2162,0.969727
260,B0145678/S0135678,499,491,7,7,stable,0,0.2,stable,1,8,4096,-1
260,B0145678/S0135678,499,491,7,7,stable,1,0.35,stable,1,10,4096,-1
260,B0145678/S0135678,499,491,7,7,stable,2,0.5,stable,1,7,4096,-1
261,B05/S0135,33,43,2,4,oscillating,0,0.2,oscillating,2,12,883,-1
261,B05/S0135,33,43,2,4,oscillating,1,0.35,oscillating,2,15,881,-1
261,B05/S0135,33,43,2,4,oscillating,2,0.5,oscillating,10,26,871,-1
262,B01278/S257,391,164,5,3,chaotic,0,0.2,chaotic,-1,-1,1727,0.909791
262,B01278/S257,391,164,5,3,chaotic,1,0.35,chaotic,-1,-1,1745,0.910279
262,B01278/S257,391,164,5,3,chaotic,2,0.5,chaotic,-1,-1,1676,0.910113
263,B34568/S2346,376,92,5,4,chaotic,0,0.2,chaotic,-1,-1,2417,0.902415
263,B34568/S2346,376,92,5,4,chaotic,1,0.35,chaotic,-1,-1,2412,0.90422
263,B34568/S2346,376,92,5,4,chaotic,2,0.5,chaotic,-1,-1,2453,0.904002
264,B0258/S0268,293,325,4,4,chaotic,0,0.2,chaotic,-1,-1,1508,0.897612
264,B0258/S0268,293,325,4,4,chaotic,1,0.35,chaotic,-1,-1,1404,0.897981
264,B0258/S0268,293,325,4,4,chaotic,2,0.5,chaotic,-1,-1,1427,0.897891
265,B013457/S14568,187,370,6,5,chaotic,0,0.2,chaotic,-1,-1,2932,0.841813
265,B013457/S14568,187,370,6,5,chaotic,1,0.35,chaotic,-1,-1,2866,0.839397
265,B013457/S14568,187,370,6,5,chaotic,2,0.5,chaotic,-1,-1,2846,0.840062
266,B1234678/S456,478,112,7,3,chaotic,0,0.2,chaotic,-1,-1,2699,0.847289
266,B1234678/S456,478,112,7,3,chaotic,1,0.35,chaotic,-1,-1,2674,0.847322
266,B1234678/S456,478,112,7,3,chaotic,2,0.5,chaotic,-1,-1,2696,0.844648
267,B12678/S0137,454,139,5,4,chaotic,0,0.2,chaotic,-1,-1,1682,0.913083
267,B12678/S0137,454,139,5,4,chaotic,1,0.35,chaotic,-1,-1,1677,0.912226
267,B12678/S0137,454,139,5,4,chaotic,2,0.5,chaotic,-1,-1,1670,0.911192
268,B02458/S358,309,296,5,3,chaotic,0,0.2,chaotic,-1,-1,2068,0.965378
268,B02458/S358,309,296,5,3,chaotic,1,0.35,chaotic,-1,-1,2136,0.965775
268,B02458/S358,309,296,5,3,chaotic,2,0.5,chaotic,-1,-1,2058,0.965241
269,B146/S48,82,272,3,2,chaotic,0,0.2,chaotic,-1,-1,1221,0.836685
269,B146/S48,82,272,3,2,chaotic,1,0.35,chaotic,-1,-1,1116,0.836831
269,B146/S48,82,272,3,2,chaotic,2,0.5,chaotic,-1,-1,1218,0.837424
270,B02567/S127,229,134,5,3,chaotic,0,0.2,chaotic,-1,-1,1602,0.926405
270,B02567/S127,229,134,5,3,chaotic,1,0.35,chaotic,-1,-1,1518,0.926619
270,B02567/S127,229,134,5,3,chaotic,2,0.5,chaotic,-1,-1,1502,0.926553
271,B0245/S123457,53,190,4,6,chaotic,0,0.2,chaotic,-1,-1,2531,0.903801
271,B0245/S123457,53,190,4,6,chaotic,1,0.35,chaotic,-1,-1,2571,0.908855
271,B0245/S123457,53,190,4,6,chaotic,2,0.5,chaotic,-1,-1,2587,0.904831
272,B013678/S03678,459,457,6,5,chaotic,0,0.2,chaotic,-1,-1,1674,0.939156
272,B013678/S03678,459,457,6,5,chaotic,1,0.35,chaotic,-1,-1,1713,0.939992
272,B013678/S03678,459,457,6,5,chaotic,2,0.5,chaotic,-1,-1,1617,0.939903
273,B01245/S01456,55,115,5,5,chaotic,0,0.2,chaotic,-1,-1,2935,0.851555
273,B01245/S01456,55,115,5,5,chaotic,1,0.35,oscillating,84,350,2928,-1
273,B01245/S01456,55,115,5,5,chaotic,2,0.5,chaotic,-1,-1,2939,0.853532
274,B027/S124,133,22,3,3,oscillating,0,0.2,oscillating,12,432,1860,-1
274,B027/S124,133,22,3,3,oscillating,1,0.35,oscillating,12,423,1844,-1
274,B027/S124,133,22,3,3,oscillating,2,0.5,oscillating,12,291,1845,-1
275,B23478/S167,412,194,5,3,chaotic,0,0.2,chaotic,-1,-1,1774,0.941779
275,B23478/S167,412,194,5,3,chaotic,1,0.35,chaotic,-1,-1,1752,0.942481
275,B23478/S167,412,194,5,3,chaotic,2,0.5,chaotic,-1,-1,1739,0.943313
276,B01235678/S037,495,137,8,3,chaotic,0,0.2,chaotic,-1,-1,2015,0.960762
276,B01235678/S037,495,137,8,3,chaotic,1,0.35,chaotic,-1,-1,2063,0.961162
276,B01235678/S037,495,137,8,3,chaotic,2,0.5,chaotic,-1,-1,2020,0.960824
277,B124/S02358,22,301,3,5,chaotic,0,0.2,chaotic,-1,-1,1883,0.948771
277,B124/S02358,22,301,3,5,chaotic,1,0.35,chaotic,-1,-1,2012,0.94908
277,B124/S02358,22,301,3,5,chaotic,2,0.5,chaotic,-1,-1,2016,0.948316
278,B34568/S01578,376,419,5,5,chaotic,0,0.2,chaotic,-1,-1,2020,0.987101
278,B34568/S01578,376,419,5,5,chaotic,1,0.35,chaotic,-1,-1,2014,0.98536
278,B34568/S01578,376,419,5,5,chaotic,2,0.5,chaotic,-1,-1,2031,0.985293
279,B01234568/S023456,383,125,8,6,complex,0,0.2,complex,-1,-1,362,0.275878
279,B01234568/S023456,383,125,8,6,complex,1,0.35,complex,-1,-1,176,0.129911
279,B01234568/S023456,383,125,8,6,complex,2,0.5,complex,-1,-1,390,0.241538
280,B2468/S168,340,322,4,3,chaotic,0,0.2,chaotic,-1,-1,1471,0.908688
280,B2468/S168,340,322,4,3,chaotic,1,0.35,chaotic,-1,-1,1457,0.90796
280,B2468/S168,340,322,4,3,chaotic,2,0.5,chaotic,-1,-1,1475,0.908621
281,B23568/S01345678,364,507,5,8,stable,0,0.2,stable,1,7,3987,-1
281,B23568/S01345678,364,507,5,8,stable,1,0.35,stable,1,6,3978,-1
281,B23568/S01345678,364,507,5,8,stable,2,0.5,stable,1,6,3978,-1
282,B012347/S0127,159,135,6,4,oscillating,0,0.2,oscillating,4,423,3747,-1
282,B012347/S0127,159,135,6,4,oscillating,1,0.35,oscillating,4,439,3618,-1
282,B012347/S0127,159,135,6,4,oscillating,2,0.5,complex,-1,-1,3556,0.183091
283,B013678/S018,459,259,6,3,chaotic,0,0.2,chaotic,-1,-1,1593,0.879573
283,B013678/S018,459,259,6,3,chaotic,1,0.35,chaotic,-1,-1,1711,0.879534
283,B013678/S018,459,259,6,3,chaotic,2,0.5,chaotic,-1,-1,1588,0.880976
284,B68/S12478,320,406,2,5,stable,0,0.2,stable,1,4,442,-1
284,B68/S12478,320,406,2,5,stable,1,0.35,stable,1,5,547,-1
284,B68/S12478,320,406,2,5,stable,2,0.5,stable,1,6,527,-1
285,B0238/S013457,269,187,4,6,oscillating,0,0.2,chaotic,-1,-1,2353,0.976278
285,B0238/S013457,269,187,4,6,oscillating,1,0.35,oscillating,84,151,2374,-1
285,B0238/S013457,269,187,4,6,oscillating,2,0.5,oscillating,12,90,2363,-1
286,B134567/S01567,250,227,6,5,chaotic,0,0.2,chaotic,-1,-1,3060,0.762513
286,B134567/S01567,250,227,6,5,chaotic,1,0.35,chaotic,-1,-1,3099,0.764415
286,B134567/S01567,250,227,6,5,chaotic,2,0.5,chaotic,-1,-1,2950,0.76211
287,B025/S34567,37,248,3,5,stable,0,0.2,oscillating,2,13,3123,-1
287,B025/S34567,37,248,3,5,stable,1,0.35,stable,1,13,3120,-1
287,B025/S34567,37,248,3,5,stable,2,0.5,stable,1,14,3127,-1
288,B1345/S134678,58,474,4,6,chaotic,0,0.2,chaotic,-1,-1,2831,0.862924
288,B1345/S134678,58,474,4,6,chaotic,1,0.35,chaotic,-1,-1,2735,0.858003
288,B1345/S134678,58,474,4,6,chaotic,2,0.5,chaotic,-1,-1,2775,0.84924
289,B12378/S134678,398,474,5,6,chaotic,0,0.2,chaotic,-1,-1,2239,0.957859
289,B12378/S134678,398,474,5,6,chaotic,1,0.35,chaotic,-1,-1,2207,0.957514
289,B12378/S134678,398,474,5,6,chaotic,2,0.5,chaotic,-1,-1,2201,0.958902
290,B01347/S0378,155,393,5,4,chaotic,0,0.2,chaotic,-1,-1,1828,0.943285
290,B01347/S0378,155,393,5,4,chaotic,1,0.35,chaotic,-1,-1,1891,0.941719
290,B01347/S0378,155,393,5,4,chaotic,2,0.5,chaotic,-1,-1,1790,0.943625
291,B023/S168,13,322,3,3,chaotic,0,0.2,chaotic,-1,-1,1571,0.896621
291,B023/S168,13,322,3,3,chaotic,1,0.35,chaotic,-1,-1,1539,0.896587
291,B023/S168,13,322,3,3,chaotic,2,0.5,chaotic,-1,-1,1566,0.896524
292,B23458/S1278,316,390,5,4,oscillating,0,0.2,oscillating,30,275,2036,-1
292,B23458/S1278,316,390,5,4,oscillating,1,0.35,oscillating,12,164,2036,-1
292,B23458/S1278,316,390,5,4,oscillating,2,0.5,oscillating,84,237,2039,-1
293,B25/S0135,36,43,2,4,chaotic,0,0.2,chaotic,-1,-1,1679,0.942536
293,B25/S0135,36,43,2,4,chaotic,1,0.35,chaotic,-1,-1,1653,0.942603
293,B25/S0135,36,43,2,4,chaotic,2,0.5,chaotic,-1,-1,1706,0.941857
294,B23458/S0458,316,305,5,4,chaotic,0,0.2,chaotic,-1,-1,2349,0.936659
294,B23458/S0458,316,305,5,4,chaotic,1,0.35,chaotic,-1,-1,2456,0.937161
294,B23458/S0458,316,305,5,4,chaotic,2,0.5,chaotic,-1,-1,2305,0.936812
295,B0257/S13,165,10,4,2,chaotic,0,0.2,chaotic,-1,-1,1576,0.919358
295,B0257/S13,165,10,4,2,chaotic,1,0.35,chaotic,-1,-1,1553,0.9195
295,B0257/S13,165,10,4,2,chaotic,2,0.5,chaotic,-1,-1,1527,0.918302
296,B02348/S156,285,98,5,3,chaotic,0,0.2,chaotic,-1,-1,2042,0.960515
296,B02348/S156,285,98,5,3,chaotic,1,0.35,chaotic,-1,-1,2010,0.9595
296,B02348/S156,285,98,5,3,chaotic,2,0.5,chaotic,-1,-1,2052,0.960093
297,B2458/S01267,308,199,4,5,chaotic,0,0.2,chaotic,-1,-1,1865,0.961085
297,B2458/S01267,308,199,4,5,chaotic,1,0.35,chaotic,-1,-1,1854,0.961446
297,B2458/S01267,308,199,4,5,chaotic,2,0.5,chaotic,-1,-1,1869,0.962063
298,B01246/S012567,87,231,5,6,chaotic,0,0.2,chaotic,-1,-1,2678,0.883515
298,B01246/S012567,87,231,5,6,chaotic,1,0.35,chaotic,-1,-1,2640,0.875038
298,B01246/S012567,87,231,5,6,chaotic,2,0.5,chaotic,-1,-1,2615,0.895968
299,B4578/S2678,432,452,4,4,stable,0,0.2,stable,1,8,57,-1
299,B4578/S2678,432,452,4,4,stable,1,0.35,stable,1,9,63,-1
299,B4578/S2678,432,452,4,4,stable,2,0.5,oscillating,2,12,71,-1
300,B3467/S13458,216,314,4,5,chaotic,0,0.2,chaotic,-1,-1,2442,0.919971
300,B3467/S13458,216,314,4,5,chaotic,1,0.35,chaotic,-1,-1,2373,0.919508
300,B3467/S13458,216,314,4,5,chaotic,2,0.5,chaotic,-1,-1,2325,0.919316
301,B01234568/S4567,383,240,8,4,chaotic,0,0.2,chaotic,-1,-1,3011,0.733087
301,B01234568/S4567,383,240,8,4,chaotic,1,0.35,chaotic,-1,-1,3094,0.731775
301,B01234568/S4567,383,240,8,4,chaotic,2,0.5,chaotic,-1,-1,3095,0.731097
302,B023456/S12678,125,454,6,5,chaotic,0,0.2,chaotic,-1,-1,2486,0.937828
302,B023456/S12678,125,454,6,5,chaotic,1,0.35,chaotic,-1,-1,2437,0.939688
302,B023456/S12678,125,454,6,5,chaotic,2,0.5,chaotic,-1,-1,2436,0.938354
303,B34678/S0145,472,51,5,4,chaotic,0,0.2,chaotic,-1,-1,2299,0.946446
303,B34678/S0145,472,51,5,4,chaotic,1,0.35,chaotic,-1,-1,2253,0.946733
303,B34678/S0145,472,51,5,4,chaotic,2,0.5,chaotic,-1,-1,2231,0.946558
304,B01246/S456,87,112,5,3,chaotic,0,0.2,chaotic,-1,-1,2603,0.916544
304,B01246/S456,87,112,5,3,chaotic,1,0.35,chaotic,-1,-1,2581,0.916912
304,B01246/S456,87,112,5,3,chaotic,2,0.5,chaotic,-1,-1,2581,0.917059
305,B0567/S013568,225,363,4,6,oscillating,0,0.2,oscillating,2,23,882,-1
305,B0567/S013568,225,363,4,6,oscillating,1,0.35,oscillating,12,28,889,-1
305,B0567/S013568,225,363,4,6,oscillating,2,0.5,oscillating,10,33,911,-1
306,B13468/S03,346,9,5,2,chaotic,0,0.2,chaotic,-1,-1,1877,0.946902
306,B13468/S03,346,9,5,2,chaotic,1,0.35,chaotic,-1,-1,1890,0.947383
306,B13468/S03,346,9,5,2,chaotic,2,0.5,chaotic,-1,-1,1751,0.945612
307,B023457/S1245,189,54,6,4,chaotic,0,0.2,chaotic,-1,-1,2435,0.902954
307,B023457/S1245,189,54,6,4,chaotic,1,0.35,chaotic,-1,-1,2481,0.901449
307,B023457/S1245,189,54,6,4,chaotic,2,0.5,chaotic,-1,-1,2344,0.902327
308,B0123458/S0236,319,77,7,4,complex,0,0.2,complex,-1,-1,375,0.3248
308,B0123458/S0236,319,77,7,4,complex,1,0.35,complex,-1,-1,383,0.302487
308,B0123458/S0236,319,77,7,4,complex,2,0.5,complex,-1,-1,372,0.296969
309,B234678/S03456,476,121,6,5,chaotic,0,0.2,chaotic,-1,-1,2621,0.839699
309,B234678/S03456,476,121,6,5,chaotic,1,0.35,chaotic,-1,-1,2692,0.839229
309,B234678/S03456,476,121,6,5,chaotic,2,0.5,chaotic,-1,-1,2701,0.839987
310,B1467/S01368,210,331,4,5,chaotic,0,0.2,chaotic,-1,-1,1593,0.936682
310,B1467/S01368,210,331,4,5,chaotic,1,0.35,chaotic,-1,-1,1583,0.936912
310,B1467/S01368,210,331,4,5,chaotic,2,0.5,chaotic,-1,-1,1604,0.936427
311,B02/S01267,5,199,2,5,chaotic,0,0.2,chaotic,-1,-1,1560,0.876105
311,B02/S01267,5,199,2,5,chaotic,1,0.35,chaotic,-1,-1,1456,0.877293
311,B02/S01267,5,199,2,5,chaotic,2,0.5,chaotic,-1,-1,1422,0.874715
312,B356/S123457,104,190,3,6,chaotic,0,0.2,chaotic,-1,-1,2662,0.888976
312,B356/S123457,104,190,3,6,chaotic,1,0.35,chaotic,-1,-1,2600,0.889291
312,B356/S123457,104,190,3,6,chaotic,2,0.5,chaotic,-1,-1,2667,0.888523
313,B1245/S0123467,54,223,4,7,chaotic,0,0.2,chaotic,-1,-1,2577,0.915384
313,B1245/S0123467,54,223,4,7,chaotic,1,0.35,chaotic,-1,-1,2529,0.916131
313,B1245/S0123467,54,223,4,7,chaotic,2,0.5,chaotic,-1,-1,2551,0.916796
314,B2345678/S23678,508,460,7,5,oscillating,0,0.2,oscillating,2,31,4084,-1
314,B2345678/S23678,508,460,7,5,oscillating,1,0.35,oscillating,2,20,4084,-1
314,B2345678/S23678,508,460,7,5,oscillating,2,0.5,oscillating,2,20,4084,-1
315,B56/S02678,96,453,2,5,oscillating,0,0.2,oscillating,2,6,250,-1
315,B56/S02678,96,453,2,5,oscillating,1,0.35,oscillating,2,6,246,-1
315,B56/S02678,96,453,2,5,oscillating,2,0.5,stable,1,7,235,-1
316,B24578/S023458,436,317,5,6,chaotic,0,0.2,chaotic,-1,-1,2492,0.907086
316,B24578/S023458,436,317,5,6,chaotic,1,0.35,chaotic,-1,-1,2516,0.90703
316,B24578/S023458,436,317,5,6,chaotic,2,0.5,chaotic,-1,-1,2510,0.906852
317,B0358/S246,297,84,4,3,chaotic,0,0.2,chaotic,-1,-1,1902,0.9634
317,B0358/S246,297,84,4,3,chaotic,1,0.35,chaotic,-1,-1,1881,0.963181
317,B0358/S246,297,84,4,3,chaotic,2,0.5,chaotic,-1,-1,1892,0.963192
318,B0478/S5678,401,480,4,4,chaotic,0,0.2,chaotic,-1,-1,1347,0.817067
318,B0478/S5678,401,480,4,4,chaotic,1,0.35,chaotic,-1,-1,1565,0.817353
318,B0478/S5678,401,480,4,4,chaotic,2,0.5,chaotic,-1,-1,1332,0.814804
319,B3678/S2468,456,340,4,4,oscillating,0,0.2,oscillating,4,32,38,-1
319,B3678/S2468,456,340,4,4,oscillating,1,0.35,oscillating,4,53,11,-1
319,B3678/S2468,456,340,4,4,oscillating,2,0.5,oscillating,4,60,29,-1
320,B034568/S3467,377,216,6,4,chaotic,0,0.2,chaotic,-1,-1,2938,0.835496
320,B034568/S3467,377,216,6,4,chaotic,1,0.35,chaotic,-1,-1,2883,0.836862
320,B034568/S3467,377,216,6,4,chaotic,2,0.5,chaotic,-1,-1,2930,0.835141
321,B2347/S02368,156,333,4,5,chaotic,0,0.2,chaotic,-1,-1,2195,0.942122
321,B2347/S02368,156,333,4,5,chaotic,1,0.35,chaotic,-1,-1,2100,0.942151
321,B2347/S02368,156,333,4,5,chaotic,2,0.5,chaotic,-1,-1,2117,0.942753
322,B278/S04578,388,433,3,5,chaotic,0,0.2,chaotic,-1,-1,1142,0.81834
322,B278/S04578,388,433,3,5,chaotic,1,0.35,chaotic,-1,-1,1122,0.819065
322,B278/S04578,388,433,3,5,chaotic,2,0.5,chaotic,-1,-1,1075,0.819384
323,B04678/S0357,465,169,5,4,chaotic,0,0.2,chaotic,-1,-1,1282,0.828055
323,B04678/S0357,465,169,5,4,chaotic,1,0.35,chaotic,-1,-1,1260,0.827914
323,B04678/S0357,465,169,5,4,chaotic,2,0.5,chaotic,-1,-1,1192,0.825926
324,B02/S1258,5,294,2,4,chaotic,0,0.2,chaotic,-1,-1,1459,0.891486
324,B02/S1258,5,294,2,4,chaotic,1,0.35,chaotic,-1,-1,1493,0.892411
324,B02/S1258,5,294,2,4,chaotic,2,0.5,chaotic,-1,-1,1306,0.892054
325,B0468/S12367,337,206,4,5,chaotic,0,0.2,chaotic,-1,-1,1637,0.939326
325,B0468/S12367,337,206,4,5,chaotic,1,0.35,chaotic,-1,-1,1610,0.940286
325,B0468/S12367,337,206,4,5,chaotic,2,0.5,chaotic,-1,-1,1685,0.942792
326,B2346/S0346,92,89,4,4,chaotic,0,0.2,chaotic,-1,-1,2376,0.933813
326,B2346/S0346,92,89,4,4,chaotic,1,0.35,chaotic,-1,-1,2376,0.934016
326,B2346/S0346,92,89,4,4,chaotic,2,0.5,chaotic,-1,-1,2403,0.934076
327,B135/S123567,42,238,3,6,chaotic,0,0.2,chaotic,-1,-1,2768,0.877382
327,B135/S123567,42,238,3,6,chaotic,1,0.35,chaotic,-1,-1,2803,0.862668
327,B135/S123567,42,238,3,6,chaotic,2,0.5,chaotic,-1,-1,2799,0.86542
328,B46/S,80,0,2,0,stable,0,0.2,stable,1,4,0,-1
328,B46/S,80,0,2,0,stable,1,0.35,stable,1,5,0,-1
328,B46/S,80,0,2,0,stable,2,0.5,stable,1,5,0,-1
329,B347/S12367,152,206,3,5,chaotic,0,0.2,chaotic,-1,-1,2059,0.956754
329,B347/S12367,152,206,3,5,chaotic,1,0.35,chaotic,-1,-1,2091,0.956614
329,B347/S12367,152,206,3,5,chaotic,2,0.5,chaotic,-1,-1,2110,0.957513
330,B0567/S13568,225,362,4,5,chaotic,0,0.2,chaotic,-1,-1,1140,0.818589
330,B0567/S13568,225,362,4,5,chaotic,1,0.35,chaotic,-1,-1,1201,0.818897
330,B0567/S13568,225,362,4,5,chaotic,2,0.5,chaotic,-1,-1,1135,0.816114
331,B02467/S0134578,213,443,5,7,chaotic,0,0.2,chaotic,-1,-1,2792,0.873755
331,B02467/S0134578,213,443,5,7,chaotic,1,0.35,chaotic,-1,-1,2779,0.871094
331,B02467/S0134578,213,443,5,7,chaotic,2,0.5,chaotic,-1,-1,2765,0.872377
332,B/S0137,0,139,0,4,stable,0,0.2,stable,1,4,467,-1
332,B/S0137,0,139,0,4,stable,1,0.35,stable,1,5,532,-1
332,B/S0137,0,139,0,4,stable,2,0.5,stable,1,4,451,-1
333,B01234567/S013,255,11,8,3,oscillating,0,0.2,oscillating,2,12,33,-1
333,B01234567/S013,255,11,8,3,oscillating,1,0.35,oscillating,2,44,104,-1
333,B01234567/S013,255,11,8,3,oscillating,2,0.5,oscillating,2,51,2978,-1
334,B67/S0456,192,113,2,4,stable,0,0.2,stable,1,4,157,-1
334,B67/S0456,192,113,2,4,stable,1,0.35,stable,1,8,92,-1
334,B67/S0456,192,113,2,4,stable,2,0.5,stable,1,11,24,-1
335,B034678/S24578,473,436,6,5,chaotic,0,0.2,chaotic,-1,-1,2742,0.879095
335,B034678/S24578,473,436,6,5,chaotic,1,0.35,chaotic,-1,-1,2718,0.878122
335,B034678/S24578,473,436,6,5,chaotic,2,0.5,chaotic,-1,-1,2809,0.878416
336,B124578/S0378,438,393,6,4,chaotic,0,0.2,chaotic,-1,-1,1966,0.96015
336,B124578/S0378,438,393,6,4,chaotic,1,0.35,chaotic,-1,-1,1927,0.960609
336,B124578/S0378,438,393,6,4,chaotic,2,0.5,chaotic,-1,-1,1911,0.960155
337,B45678/S013467,496,219,5,6,chaotic,0,0.2,oscillating,6,116,378,-1
337,B45678/S013467,496,219,5,6,chaotic,1,0.35,chaotic,-1,-1,2561,0.723387
337,B45678/S013467,496,219,5,6,chaotic,2,0.5,chaotic,-1,-1,2931,0.811681
338,B01248/S246,279,84,5,3,chaotic,0,0.2,chaotic,-1,-1,2014,0.960308
338,B01248/S246,279,84,5,3,chaotic,1,0.35,chaotic,-1,-1,1946,0.959785
338,B01248/S246,279,84,5,3,chaotic,2,0.5,chaotic,-1,-1,1989,0.95931
339,B2468/S378,340,392,4,3,chaotic,0,0.2,chaotic,-1,-1,1680,0.940394
339,B2468/S378,340,392,4,3,chaotic,1,0.35,chaotic,-1,-1,1656,0.938407
339,B2468/S378,340,392,4,3,chaotic,2,0.5,chaotic,-1,-1,1650,0.939109
340,B567/S013678,224,459,3,6,stable,0,0.2,stable,1,5,468,-1
340,B567/S013678,224,459,3,6,stable,1,0.35,stable,1,7,465,-1
340,B567/S013678,224,459,3,6,stable,2,0.5,stable,1,8,449,-1
341,B0124/S37,23,136,4,2,chaotic,0,0.2,chaotic,-1,-1,1753,0.91785
341,B0124/S37,23,136,4,2,chaotic,1,0.35,chaotic,-1,-1,1798,0.919205
341,B0124/S37,23,136,4,2,chaotic,2,0.5,chaotic,-1,-1,1660,0.917977
342,B0124578/S2,439,4,7,1,oscillating,0,0.2,oscillating,2,43,3798,-1
342,B0124578/S2,439,4,7,1,oscillating,1,0.35,oscillating,2,158,638,-1
342,B0124578/S2,439,4,7,1,oscillating,2,0.5,oscillating,2,274,3368,-1
343,B012346/S013567,95,235,6,6,oscillating,0,0.2,oscillating,12,131,3311,-1
343,B012346/S013567,95,235,6,6,oscillating,1,0.35,oscillating,2,84,3314,-1
343,B012346/S013567,95,235,6,6,oscillating,2,0.5,oscillating,4,144,3325,-1
344,B04568/S0125,369,39,5,4,chaotic,0,0.2,chaotic,-1,-1,1806,0.943298
344,B04568/S0125,369,39,5,4,chaotic,1,0.35,chaotic,-1,-1,1665,0.945263
344,B04568/S0125,369,39,5,4,chaotic,2,0.5,chaotic,-1,-1,1785,0.940332
345,B1457/S2567,178,228,4,4,chaotic,0,0.2,chaotic,-1,-1,2782,0.854597
345,B1457/S2567,178,228,4,4,chaotic,1,0.35,chaotic,-1,-1,2727,0.865824
345,B1457/S2567,178,228,4,4,chaotic,2,0.5,chaotic,-1,-1,2764,0.858404
346,B1256/S2468,102,340,4,4,chaotic,0,0.2,chaotic,-1,-1,1926,0.964683
346,B1256/S2468,102,340,4,4,chaotic,1,0.35,chaotic,-1,-1,2018,0.964844
346,B1256/S2468,102,340,4,4,chaotic,2,0.5,chaotic,-1,-1,2064,0.965469
347,B38/S38,264,264,2,2,oscillating,0,0.2,stable,1,12,0,-1
347,B38/S38,264,264,2,2,oscillating,1,0.35,oscillating,2,15,4,-1
347,B38/S38,264,264,2,2,oscillating,2,0.5,oscillating,2,12,8,-1
348,B0247/S1457,149,178,4,4,chaotic,0,0.2,chaotic,-1,-1,1940,0.968996
348,B0247/S1457,149,178,4,4,chaotic,1,0.35,chaotic,-1,-1,1999,0.96786
348,B0247/S1457,149,178,4,4,chaotic,2,0.5,chaotic,-1,-1,2011,0.968224
349,B02347/S0234,157,29,5,4,chaotic,0,0.2,chaotic,-1,-1,2068,0.890541
349,B02347/S0234,157,29,5,4,chaotic,1,0.35,chaotic,-1,-1,2054,0.889658
349,B02347/S0234,157,29,5,4,chaotic,2,0.5,chaotic,-1,-1,2022,0.892661
350,B2468/S012346,340,95,4,6,chaotic,0,0.2,chaotic,-1,-1,2327,0.945561
350,B2468/S012346,340,95,4,6,chaotic,1,0.35,chaotic,-1,-1,2384,0.946022
350,B2468/S012346,340,95,4,6,chaotic,2,0.5,chaotic,-1,-1,2392,0.946663
351,B0245678/S012378,501,399,7,6,chaotic,0,0.2,chaotic,-1,-1,2333,0.952881
351,B0245678/S012378,501,399,7,6,chaotic,1,0.35,chaotic,-1,-1,2333,0.950502
351,B0245678/S012378,501,399,7,6,chaotic,2,0.5,chaotic,-1,-1,2358,0.95063
352,B01367/S0123468,203,351,5,7,chaotic,0,0.2,chaotic,-1,-1,2323,0.961975
352,B01367/S0123468,203,351,5,7,chaotic,1,0.35,chaotic,-1,-1,2365,0.961003
352,B01367/S0123468,203,351,5,7,chaotic,2,0.5,chaotic,-1,-1,2312,0.961231
353,B34567/S123568,248,366,5,6,chaotic,0,0.2,chaotic,-1,-1,2917,0.82046
353,B34567/S123568,248,366,5,6,chaotic,1,0.35,chaotic,-1,-1,2955,0.819207
353,B34567/S123568,248,366,5,6,chaotic,2,0.5,chaotic,-1,-1,2919,0.819497
354,B234568/S1278,380,390,6,4,oscillating,0,0.2,oscillating,12,110,2086,-1
354,B234568/S1278,380,390,6,4,oscillating,1,0.35,oscillating,24,125,2136,-1
354,B234568/S1278,380,390,6,4,oscillating,2,0.5,oscillating,24,111,2157,-1
355,B02568/S038,357,265,5,3,chaotic,0,0.2,chaotic,-1,-1,1498,0.911564
355,B02568/S038,357,265,5,3,chaotic,1,0.35,chaotic,-1,-1,1462,0.913427
355,B02568/S038,357,265,5,3,chaotic,2,0.5,chaotic,-1,-1,1468,0.912457
356,B1234567/S12456,254,118,7,5,oscillating,0,0.2,oscillating,8,266,2777,-1
356,B1234567/S12456,254,118,7,5,oscillating,1,0.35,oscillating,4,149,2782,-1
356,B1234567/S12456,254,118,7,5,oscillating,2,0.5,oscillating,4,130,2697,-1
357,B06/S02356,65,109,2,5,oscillating,0,0.2,oscillating,12,32,1096,-1
357,B06/S02356,65,109,2,5,oscillating,1,0.35,oscillating,12,36,1108,-1
357,B06/S02356,65,109,2,5,oscillating,2,0.5,oscillating,12,32,1041,-1
358,B4678/S04567,464,241,4,5,stable,0,0.2,stable,1,6,148,-1
358,B4678/S04567,464,241,4,5,stable,1,0.35,oscillating,2,44,64,-1
358,B4678/S04567,464,241,4,5,stable,2,0.5,stable,1,130,11,-1
359,B0123678/S23567,463,236,7,5,chaotic,0,0.2,chaotic,-1,-1,2843,0.845773
359,B0123678/S23567,463,236,7,5,chaotic,1,0.35,chaotic,-1,-1,2722,0.847089
359,B0123678/S23567,463,236,7,5,chaotic,2,0.5,chaotic,-1,-1,2776,0.843163
360,B356/S0245678,104,501,3,7,stable,0,0.2,stable,1,28,3957,-1
360,B356/S0245678,104,501,3,7,stable,1,0.35,stable,1,14,3826,-1
360,B356/S0245678,104,501,3,7,stable,2,0.5,stable,1,7,3784,-1
361,B24678/S145,468,50,5,3,chaotic,0,0.2,chaotic,-1,-1,2131,0.961404
361,B24678/S145,468,50,5,3,chaotic,1,0.35,chaotic,-1,-1,2134,0.960636
361,B24678/S145,468,50,5,3,chaotic,2,0.5,chaotic,-1,-1,2186,0.961022
362,B012367/S0578,207,417,6,4,chaotic,0,0.2,chaotic,-1,-1,1991,0.941247
362,B012367/S0578,207,417,6,4,chaotic,1,0.35,chaotic,-1,-1,2052,0.940945
362,B012367/S0578,207,417,6,4,chaotic,2,0.5,chaotic,-1,-1,2010,0.939807
363,B0127/S034678,135,473,4,6,chaotic,0,0.2,chaotic,-1,-1,1776,0.946215
363,B0127/S034678,135,473,4,6,chaotic,1,0.35,chaotic,-1,-1,1792,0.944725
363,B0127/S034678,135,473,4,6,chaotic,2,0.5,chaotic,-1,-1,1793,0.944487
364,B03468/S0345678,345,505,5,7,stable,0,0.2,stable,1,8,3940,-1
364,B03468/S0345678,345,505,5,7,stable,1,0.35,stable,1,8,3950,-1
364,B03468/S0345678,345,505,5,7,stable,2,0.5,stable,1,7,3940,-1
365,B368/S178,328,386,3,3,oscillating,0,0.2,oscillating,2,13,116,-1
365,B368/S178,328,386,3,3,oscillating,1,0.35,oscillating,2,16,103,-1
365,B368/S178,328,386,3,3,oscillating,2,0.5,oscillating,2,16,127,-1
366,B35/S4,40,16,2,1,oscillating,0,0.2,stable,1,10,0,-1
366,B35/S4,40,16,2,1,oscillating,1,0.35,oscillating,2,16,6,-1
366,B35/S4,40,16,2,1,oscillating,2,0.5,oscillating,2,15,6,-1
367,B0238/S0123456,269,127,4,7,oscillating,0,0.2,oscillating,2,8,2435,-1
367,B0238/S0123456,269,127,4,7,oscillating,1,0.35,oscillating,2,8,2459,-1
367,B0238/S0123456,269,127,4,7,oscillating,2,0.5,oscillating,2,7,2469,-1
368,B13457/S0123,186,15,5,4,chaotic,0,0.2,chaotic,-1,-1,1924,0.925284
368,B13457/S0123,186,15,5,4,chaotic,1,0.35,chaotic,-1,-1,1982,0.926498
368,B13457/S0123,186,15,5,4,chaotic,2,0.5,chaotic,-1,-1,1931,0.926492
369,B45678/S12358,496,302,5,5,complex,0,0.2,oscillating,24,107,343,-1
369,B45678/S12358,496,302,5,5,complex,1,0.35,complex,-1,-1,417,0.298892
369,B45678/S12358,496,302,5,5,complex,2,0.5,chaotic,-1,-1,1314,0.687076
370,B13/S01568,10,355,2,5,chaotic,0,0.2,chaotic,-1,-1,1440,0.904891
370,B13/S01568,10,355,2,5,chaotic,1,0.35,chaotic,-1,-1,1491,0.905872
370,B13/S01568,10,355,2,5,chaotic,2,0.5,chaotic,-1,-1,1522,0.905584
371,B0123458/S0456,319,113,7,4,chaotic,0,0.2,chaotic,-1,-1,2705,0.886466
371,B0123458/S0456,319,113,7,4,chaotic,1,0.35,chaotic,-1,-1,2623,0.886374
371,B0123458/S0456,319,113,7,4,chaotic,2,0.5,chaotic,-1,-1,2705,0.887149
372,B0148/S02358,275,301,4,5,chaotic,0,0.2,chaotic,-1,-1,1832,0.961364
372,B0148/S02358,275,301,4,5,chaotic,1,0.35,chaotic,-1,-1,1878,0.961883
372,B0148/S02358,275,301,4,5,chaotic,2,0.5,chaotic,-1,-1,1761,0.960964
373,B1267/S1478,198,402,4,4,chaotic,0,0.2,chaotic,-1,-1,1662,0.912253
373,B1267/S1478,198,402,4,4,chaotic,1,0.35,chaotic,-1,-1,1646,0.912687
373,B1267/S1478,198,402,4,4,chaotic,2,0.5,chaotic,-1,-1,1582,0.913056
374,B145/S0123568,50,367,3,7,chaotic,0,0.2,chaotic,-1,-1,2505,0.936523
374,B145/S0123568,50,367,3,7,chaotic,1,0.35,chaotic,-1,-1,2506,0.937424
374,B145/S0123568,50,367,3,7,chaotic,2,0.5,chaotic,-1,-1,2445,0.936013
375,B123568/S457,366,176,6,3,chaotic,0,0.2,chaotic,-1,-1,2617,0.917356
375,B123568/S457,366,176,6,3,chaotic,1,0.35,chaotic,-1,-1,2532,0.918466
375,B123568/S457,366,176,6,3,chaotic,2,0.5,chaotic,-1,-1,2602,0.919427
376,B012678/S03468,455,345,6,5,chaotic,0,0.2,chaotic,-1,-1,1846,0.955307
376,B012678/S03468,455,345,6,5,chaotic,1,0.35,chaotic,-1,-1,1907,0.954072
376,B012678/S03468,455,345,6,5,chaotic,2,0.5,chaotic,-1,-1,1894,0.954384
377,B3568/S138,360,266,4,3,oscillating,0,0.2,oscillating,2,55,96,-1
377,B3568/S138,360,266,4,3,oscillating,1,0.35,oscillating,2,113,96,-1
377,B3568/S138,360,266,4,3,oscillating,2,0.5,oscillating,2,117,64,-1
378,B012457/S23678,183,460,6,5,chaotic,0,0.2,chaotic,-1,-1,2364,0.947189
378,B012457/S23678,183,460,6,5,chaotic,1,0.35,chaotic,-1,-1,2364,0.944751
378,B012457/S23678,183,460,6,5,chaotic,2,0.5,chaotic,-1,-1,2346,0.943464
379,B4567/S014568,240,371,4,6,stable,0,0.2,stable,1,16,409,-1
379,B4567/S014568,240,371,4,6,stable,1,0.35,stable,1,308,112,-1
379,B4567/S014568,240,371,4,6,stable,2,0.5,chaotic,-1,-1,2904,0.797122
380,B0123457/S0567,191,225,7,4,chaotic,0,0.2,chaotic,-1,-1,2984,0.802825
380,B0123457/S0567,191,225,7,4,chaotic,1,0.35,chaotic,-1,-1,2993,0.804063
380,B0123457/S0567,191,225,7,4,chaotic,2,0.5,chaotic,-1,-1,2988,0.799911
381,B037/S2368,137,332,3,4,chaotic,0,0.2,chaotic,-1,-1,1514,0.93042
381,B037/S2368,137,332,3,4,chaotic,1,0.35,chaotic,-1,-1,1591,0.930253
381,B037/S2368,137,332,3,4,chaotic,2,0.5,chaotic,-1,-1,1570,0.929128
382,B01236/S018,79,259,5,3,chaotic,0,0.2,chaotic,-1,-1,1952,0.892927
382,B01236/S018,79,259,5,3,chaotic,1,0.35,chaotic,-1,-1,1929,0.894556
382,B01236/S018,79,259,5,3,chaotic,2,0.5,chaotic,-1,-1,1989,0.891734
383,B12345/S234568,62,380,5,6,oscillating,0,0.2,oscillating,6,33,2696,-1
383,B12345/S234568,62,380,5,6,oscillating,1,0.35,oscillating,2,34,2678,-1
383,B12345/S234568,62,380,5,6,oscillating,2,0.5,oscillating,4,34,2681,-1
384,B0127/S25,135,36,4,2,oscillating,0,0.2,oscillating,2,52,78,-1
384,B0127/S25,135,36,4,2,oscillating,1,0.35,complex,-1,-1,2469,0.222425
384,B0127/S25,135,36,4,2,oscillating,2,0.5,oscillating,2,127,61,-1
385,B02356/S01678,109,451,5,5,chaotic,0,0.2,chaotic,-1,-1,1922,0.957615
385,B02356/S01678,109,451,5,5,chaotic,1,0.35,chaotic,-1,-1,1884,0.957531
385,B02356/S01678,109,451,5,5,chaotic,2,0.5,chaotic,-1,-1,1892,0.957671
386,B234/S0236,28,77,3,4,chaotic,0,0.2,chaotic,-1,-1,2183,0.92932
386,B234/S0236,28,77,3,4,chaotic,1,0.35,chaotic,-1,-1,1966,0.929559
386,B234/S0236,28,77,3,4,chaotic,2,0.5,chaotic,-1,-1,2120,0.928988
387,B235678/S1246,492,86,6,4,chaotic,0,0.2,chaotic,-1,-1,2482,0.940355
387,B235678/S1246,492,86,6,4,chaotic,1,0.35,chaotic,-1,-1,2414,0.941052
387,B235678/S1246,492,86,6,4,chaotic,2,0.5,chaotic,-1,-1,2436,0.941912
388,B01478/S0134578,403,443,5,7,chaotic,0,0.2,chaotic,-1,-1,2412,0.94756
388,B01478/S0134578,403,443,5,7,chaotic,1,0.35,chaotic,-1,-1,2447,0.947839
388,B01478/S0134578,403,443,5,7,chaotic,2,0.5,chaotic,-1,-1,2450,0.948977
389,B234/S0125,28,39,3,4,chaotic,0,0.2,chaotic,-1,-1,1869,0.933252
389,B234/S0125,28,39,3,4,chaotic,1,0.35,chaotic,-1,-1,2077,0.932437
389,B234/S0125,28,39,3,4,chaotic,2,0.5,chaotic,-1,-1,1894,0.933165
390,B02346/S034,93,25,5,3,chaotic,0,0.2,chaotic,-1,-1,2060,0.908513
390,B02346/S034,93,25,5,3,chaotic,1,0.35,chaotic,-1,-1,2066,0.904958
390,B02346/S034,93,25,5,3,chaotic,2,0.5,chaotic,-1,-1,2105,0.906338
391,B23567/S0157,236,163,5,4,chaotic,0,0.2,chaotic,-1,-1,2012,0.96891
391,B23567/S0157,236,163,5,4,chaotic,1,0.35,chaotic,-1,-1,2002,0.969213
391,B23567/S0157,236,163,5,4,chaotic,2,0.5,chaotic,-1,-1,1983,0.96945
392,B0248/S012347,277,159,4,6,oscillating,0,0.2,oscillating,12,229,2116,-1
392,B0248/S012347,277,159,4,6,oscillating,1,0.35,oscillating,12,299,2094,-1
392,B0248/S012347,277,159,4,6,oscillating,2,0.5,oscillating,24,253,2099,-1
393,B467/S2457,208,180,3,4,oscillating,0,0.2,oscillating,2,9,117,-1
393,B467/S2457,208,180,3,4,oscillating,1,0.35,oscillating,2,23,116,-1
393,B467/S2457,208,180,3,4,oscillating,2,0.5,oscillating,2,36,69,-1
394,B0258/S13567,293,234,4,5,chaotic,0,0.2,chaotic,-1,-1,1985,0.95414
394,B0258/S13567,293,234,4,5,chaotic,1,0.35,chaotic,-1,-1,1939,0.954341
394,B0258/S13567,293,234,4,5,chaotic,2,0.5,chaotic,-1,-1,1943,0.954205
395,B256/S037,100,137,3,3,chaotic,0,0.2,chaotic,-1,-1,1442,0.897715
395,B256/S037,100,137,3,3,chaotic,1,0.35,chaotic,-1,-1,1441,0.898957
395,B256/S037,100,137,3,3,chaotic,2,0.5,chaotic,-1,-1,1415,0.897425
396,B012345/S167,63,194,6,3,chaotic,0,0.2,chaotic,-1,-1,2229,0.949674
396,B012345/S167,63,194,6,3,chaotic,1,0.35,chaotic,-1,-1,2256,0.949221
396,B012345/S167,63,194,6,3,chaotic,2,0.5,chaotic,-1,-1,2175,0.949186
397,B012357/S14568,175,370,6,5,chaotic,0,0.2,chaotic,-1,-1,2726,0.873005
397,B012357/S14568,175,370,6,5,chaotic,1,0.35,chaotic,-1,-1,2792,0.873769
397,B012357/S14568,175,370,6,5,chaotic,2,0.5,chaotic,-1,-1,2727,0.872907
398,B013567/S234567,235,252,6,6,oscillating,0,0.2,oscillating,126,169,3270,-1
398,B013567/S234567,235,252,6,6,oscillating,1,0.35,oscillating,6,35,3342,-1
398,B013567/S234567,235,252,6,6,oscillating,2,0.5,oscillating,12,46,3247,-1
399,B014/S02568,19,357,3,5,chaotic,0,0.2,chaotic,-1,-1,1544,0.919741
399,B014/S02568,19,357,3,5,chaotic,1,0.35,chaotic,-1,-1,1539,0.919022
399,B014/S02568,19,357,3,5,chaotic,2,0.5,chaotic,-1,-1,1535,0.919327
400,B458/S23458,304,316,3,5,chaotic,0,0.2,chaotic,-1,-1,1039,0.580537
400,B458/S23458,304,316,3,5,chaotic,1,0.35,chaotic,-1,-1,2353,0.934478
400,B458/S23458,304,316,3,5,chaotic,2,0.5,chaotic,-1,-1,2387,0.933891
401,B258/S0134568,292,379,3,7,oscillating,0,0.2,oscillating,2,79,2689,-1
401,B258/S0134568,292,379,3,7,oscillating,1,0.35,oscillating,30,119,2693,-1
401,B258/S0134568,292,379,3,7,oscillating,2,0.5,oscillating,2,124,2691,-1
402,B13567/S4568,234,368,5,4,chaotic,0,0.2,chaotic,-1,-1,2946,0.805536
402,B13567/S4568,234,368,5,4,chaotic,1,0.35,chaotic,-1,-1,2940,0.802143
402,B13567/S4568,234,368,5,4,chaotic,2,0.5,chaotic,-1,-1,2905,0.804509
403,B136/S01368,74,331,3,5,chaotic,0,0.2,chaotic,-1,-1,1661,0.940437
403,B136/S01368,74,331,3,5,chaotic,1,0.35,chaotic,-1,-1,1669,0.940404
403,B136/S01368,74,331,3,5,chaotic,2,0.5,chaotic,-1,-1,1692,0.940475
404,B01234578/S02678,447,453,8,5,oscillating,0,0.2,oscillating,4,32,4080,-1
404,B01234578/S02678,447,453,8,5,oscillating,1,0.35,oscillating,2,138,4093,-1
404,B01234578/S02678,447,453,8,5,oscillating,2,0.5,oscillating,2,453,4087,-1
405,B18/S01367,258,203,2,5,oscillating,0,0.2,oscillating,12,60,1175,-1
405,B18/S01367,258,203,2,5,oscillating,1,0.35,oscillating,420,475,1171,-1
405,B18/S01367,258,203,2,5,oscillating,2,0.5,oscillating,28,92,1170,-1
406,B0123578/S01267,431,199,7,5,chaotic,0,0.2,chaotic,-1,-1,2062,0.943124
406,B0123578/S01267,431,199,7,5,chaotic,1,0.35,chaotic,-1,-1,2089,0.941532
406,B0123578/S01267,431,199,7,5,chaotic,2,0.5,chaotic,-1,-1,2191,0.940318
407,B3456/S2468,120,340,4,4,chaotic,0,0.2,chaotic,-1,-1,2566,0.923667
407,B3456/S2468,120,340,4,4,chaotic,1,0.35,chaotic,-1,-1,2488,0.923801
407,B3456/S2468,120,340,4,4,chaotic,2,0.5,chaotic,-1,-1,2486,0.924466
408,B3478/S024678,408,469,4,6,chaotic,0,0.2,chaotic,-1,-1,2208,0.954379
408,B3478/S024678,408,469,4,6,chaotic,1,0.35,chaotic,-1,-1,2254,0.955635
408,B3478/S024678,408,469,4,6,chaotic,2,0.5,chaotic,-1,-1,2266,0.950177
409,B23457/S23458,188,316,5,5,chaotic,0,0.2,chaotic,-1,-1,2675,0.861749
409,B23457/S23458,188,316,5,5,chaotic,1,0.35,chaotic,-1,-1,2503,0.862287
409,B23457/S23458,188,316,5,5,chaotic,2,0.5,chaotic,-1,-1,2534,0.860884
410,B3678/S1245,456,54,4,4,chaotic,0,0.2,chaotic,-1,-1,2045,0.964655
410,B3678/S1245,456,54,4,4,chaotic,1,0.35,chaotic,-1,-1,1986,0.965308
410,B3678/S1245,456,54,4,4,chaotic,2,0.5,chaotic,-1,-1,1999,0.963701
411,B23567/S1358,236,298,5,4,chaotic,0,0.2,chaotic,-1,-1,2344,0.955675
411,B23567/S1358,236,298,5,4,chaotic,1,0.35,chaotic,-1,-1,2336,0.955134
411,B23567/S1358,236,298,5,4,chaotic,2,0.5,chaotic,-1,-1,2340,0.954974
412,B0234578/S1245678,445,502,7,7,stable,0,0.2,stable,1,6,4071,-1
412,B0234578/S1245678,445,502,7,7,stable,1,0.35,stable,1,6,4072,-1
412,B0234578/S1245678,445,502,7,7,stable,2,0.5,stable,1,6,4075,-1
413,B12578/S067,422,193,5,3,chaotic,0,0.2,chaotic,-1,-1,1586,0.901249
413,B12578/S067,422,193,5,3,chaotic,1,0.35,chaotic,-1,-1,1673,0.902096
413,B12578/S067,422,193,5,3,chaotic,2,0.5,chaotic,-1,-1,1457,0.901341
414,B0135678/S01478,491,403,7,5,chaotic,0,0.2,chaotic,-1,-1,2000,0.970163
414,B0135678/S01478,491,403,7,5,chaotic,1,0.35,chaotic,-1,-1,1964,0.97045
414,B0135678/S01478,491,403,7,5,chaotic,2,0.5,chaotic,-1,-1,1949,0.970112
415,B013578/S02378,427,397,6,5,chaotic,0,0.2,chaotic,-1,-1,1919,0.950821
415,B013578/S02378,427,397,6,5,chaotic,1,0.35,chaotic,-1,-1,1898,0.951734
415,B013578/S02378,427,397,6,5,chaotic,2,0.5,chaotic,-1,-1,1838,0.951633
416,B24567/S0148,244,275,5,4,chaotic,0,0.2,chaotic,-1,-1,2058,0.964756
416,B24567/S0148,244,275,5,4,chaotic,1,0.35,chaotic,-1,-1,2125,0.965172
416,B24567/S0148,244,275,5,4,chaotic,2,0.5,chaotic,-1,-1,2136,0.965617
417,B012348/S1467,287,210,6,4,chaotic,0,0.2,chaotic,-1,-1,2303,0.944582
417,B012348/S1467,287,210,6,4,chaotic,1,0.35,chaotic,-1,-1,2257,0.944898
417,B012348/S1467,287,210,6,4,chaotic,2,0.5,chaotic,-1,-1,2268,0.944123
418,B57/S01238,160,271,2,5,oscillating,0,0.2,oscillating,12,17,745,-1
418,B57/S01238,160,271,2,5,oscillating,1,0.35,oscillating,12,22,957,-1
418,B57/S01238,160,271,2,5,oscillating,2,0.5,oscillating,12,22,944,-1
419,B023567/S23468,237,348,6,5,chaotic,0,0.2,chaotic,-1,-1,2675,0.901137
419,B023567/S23468,237,348,6,5,chaotic,1,0.35,chaotic,-1,-1,2636,0.901984
419,B023567/S23468,237,348,6,5,chaotic,2,0.5,chaotic,-1,-1,2564,0.902475
420,B0468/S0,337,1,4,1,chaotic,0,0.2,chaotic,-1,-1,1036,0.733688
420,B0468/S0,337,1,4,1,chaotic,1,0.35,chaotic,-1,-1,1085,0.73393
420,B0468/S0,337,1,4,1,chaotic,2,0.5,chaotic,-1,-1,1035,0.734021
421,B01258/S27,295,132,5,2,chaotic,0,0.2,chaotic,-1,-1,1685,0.905033
421,B01258/S27,295,132,5,2,chaotic,1,0.35,chaotic,-1,-1,1662,0.903689
421,B01258/S27,295,132,5,2,chaotic,2,0.5,chaotic,-1,-1,1688,0.906123
422,B34568/S024568,376,373,5,6,chaotic,0,0.2,chaotic,-1,-1,2974,0.802795
422,B34568/S024568,376,373,5,6,chaotic,1,0.35,chaotic,-1,-1,2949,0.802143
422,B34568/S024568,376,373,5,6,chaotic,2,0.5,chaotic,-1,-1,3008,0.8019
423,B1467/S02458,210,309,4,5,chaotic,0,0.2,chaotic,-1,-1,2145,0.960225
423,B1467/S02458,210,309,4,5,chaotic,1,0.35,chaotic,-1,-1,2068,0.959737
423,B1467/S02458,210,309,4,5,chaotic,2,0.5,chaotic,-1,-1,2154,0.960326
424,B23678/S035678,460,489,5,6,stable,0,0.2,stable,1,20,4058,-1
424,B23678/S035678,460,489,5,6,stable,1,0.35,stable,1,19,4045,-1
424,B23678/S035678,460,489,5,6,stable,2,0.5,stable,1,23,4050,-1
425,B01356/S02578,107,421,5,5,chaotic,0,0.2,chaotic,-1,-1,1980,0.969551
425,B01356/S02578,107,421,5,5,chaotic,1,0.35,chaotic,-1,-1,1872,0.968824
425,B01356/S02578,107,421,5,5,chaotic,2,0.5,chaotic,-1,-1,1992,0.968792
426,B1234/S0258,30,293,4,4,chaotic,0,0.2,chaotic,-1,-1,2060,0.899489
426,B1234/S0258,30,293,4,4,chaotic,1,0.35,chaotic,-1,-1,2125,0.900805
426,B1234/S0258,30,293,4,4,chaotic,2,0.5,chaotic,-1,-1,2014,0.90073
427,B0134578/S02,443,5,7,2,chaotic,0,0.2,chaotic,-1,-1,1766,0.936157
427,B0134578/S02,443,5,7,2,chaotic,1,0.35,chaotic,-1,-1,1850,0.93677
427,B0134578/S02,443,5,7,2,chaotic,2,0.5,chaotic,-1,-1,1859,0.93764
428,B12457/S0278,182,389,5,4,chaotic,0,0.2,chaotic,-1,-1,1971,0.950476
428,B12457/S0278,182,389,5,4,chaotic,1,0.35,chaotic,-1,-1,1812,0.950966
428,B12457/S0278,182,389,5,4,chaotic,2,0.5,chaotic,-1,-1,1900,0.950579
429,B023457/S01234678,189,479,6,8,oscillating,0,0.2,oscillating,2,23,4011,-1
429,B023457/S01234678,189,479,6,8,oscillating,1,0.35,oscillating,2,19,4017,-1
429,B023457/S01234678,189,479,6,8,oscillating,2,0.5,oscillating,2,19,3997,-1
430,B0348/S0234578,281,445,4,7,oscillating,0,0.2,oscillating,6,31,2334,-1
430,B0348/S0234578,281,445,4,7,oscillating,1,0.35,oscillating,20,51,2355,-1
430,B0348/S0234578,281,445,4,7,oscillating,2,0.5,oscillating,4,31,2326,-1
431,B01348/S01368,283,331,5,5,chaotic,0,0.2,chaotic,-1,-1,1919,0.946599
431,B01348/S01368,283,331,5,5,chaotic,1,0.35,chaotic,-1,-1,1910,0.947807
431,B01348/S01368,283,331,5,5,chaotic,2,0.5,chaotic,-1,-1,1931,0.948219
432,B2356/S012367,108,207,4,6,chaotic,0,0.2,chaotic,-1,-1,2307,0.95425
432,B2356/S012367,108,207,4,6,chaotic,1,0.35,chaotic,-1,-1,2298,0.95336
432,B2356/S012367,108,207,4,6,chaotic,2,0.5,chaotic,-1,-1,2313,0.953819
433,B024567/S067,245,193,6,3,oscillating,0,0.2,oscillating,2,23,2037,-1
433,B024567/S067,245,193,6,3,oscillating,1,0.35,oscillating,6,24,2044,-1
433,B024567/S067,245,193,6,3,oscillating,2,0.5,oscillating,2,21,2040,-1
434,B0267/S046,197,81,4,3,chaotic,0,0.2,chaotic,-1,-1,1354,0.871669
434,B0267/S046,197,81,4,3,chaotic,1,0.35,chaotic,-1,-1,1374,0.872276
434,B0267/S046,197,81,4,3,chaotic,2,0.5,chaotic,-1,-1,1441,0.872602
435,B2678/S1468,452,338,4,4,chaotic,0,0.2,chaotic,-1,-1,1241,0.858195
435,B2678/S1468,452,338,4,4,chaotic,1,0.35,chaotic,-1,-1,1232,0.859489
435,B2678/S1468,452,338,4,4,chaotic,2,0.5,chaotic,-1,-1,1265,0.858134
436,B347/S35678,152,488,3,5,oscillating,0,0.2,oscillating,2,65,3947,-1
436,B347/S35678,152,488,3,5,oscillating,1,0.35,oscillating,2,28,3871,-1
436,B347/S35678,152,488,3,5,oscillating,2,0.5,oscillating,2,24,3856,-1
437,B123478/S01348,414,283,6,5,chaotic,0,0.2,chaotic,-1,-1,2155,0.867965
437,B123478/S01348,414,283,6,5,chaotic,1,0.35,chaotic,-1,-1,2322,0.876263
437,B123478/S01348,414,283,6,5,chaotic,2,0.5,chaotic,-1,-1,2323,0.87729
438,B028/S1678,261,450,3,4,chaotic,0,0.2,chaotic,-1,-1,1345,0.84626
438,B028/S1678,261,450,3,4,chaotic,1,0.35,chaotic,-1,-1,1457,0.843377
438,B028/S1678,261,450,3,4,chaotic,2,0.5,chaotic,-1,-1,1456,0.845614
439,B012568/S01578,359,419,6,5,chaotic,0,0.2,chaotic,-1,-1,1800,0.936347
439,B012568/S01578,359,419,6,5,chaotic,1,0.35,chaotic,-1,-1,1784,0.93471
439,B012568/S01578,359,419,6,5,chaotic,2,0.5,chaotic,-1,-1,1812,0.936138
440,B357/S23678,168,460,3,5,chaotic,0,0.2,chaotic,-1,-1,1851,0.952191
440,B357/S23678,168,460,3,5,chaotic,1,0.35,chaotic,-1,-1,1902,0.953854
440,B357/S23678,168,460,3,5,chaotic,2,0.5,chaotic,-1,-1,1838,0.952042
441,B146/S01234567,82,255,3,8,oscillating,0,0.2,oscillating,2,12,3173,-1
441,B146/S01234567,82,255,3,8,oscillating,1,0.35,oscillating,2,13,3186,-1
441,B146/S01234567,82,255,3,8,oscillating,2,0.5,oscillating,2,14,3147,-1
442,B0238/S246,269,84,4,3,chaotic,0,0.2,chaotic,-1,-1,1826,0.951761
442,B0238/S246,269,84,4,3,chaotic,1,0.35,chaotic,-1,-1,1876,0.950162
442,B0238/S246,269,84,4,3,chaotic,2,0.5,chaotic,-1,-1,1895,0.951297
443,B12378/S24678,398,468,5,5,chaotic,0,0.2,chaotic,-1,-1,2198,0.950971
443,B12378/S24678,398,468,5,5,chaotic,1,0.35,chaotic,-1,-1,2054,0.950819
443,B12378/S24678,398,468,5,5,chaotic,2,0.5,chaotic,-1,-1,2164,0.949109
444,B12378/S56,398,96,5,2,chaotic,0,0.2,chaotic,-1,-1,1911,0.944385
444,B12378/S56,398,96,5,2,chaotic,1,0.35,chaotic,-1,-1,1887,0.943465
444,B12378/S56,398,96,5,2,chaotic,2,0.5,chaotic,-1,-1,1879,0.944334
445,B2357/S78,172,384,4,2,chaotic,0,0.2,chaotic,-1,-1,1555,0.920118
445,B2357/S78,172,384,4,2,chaotic,1,0.35,chaotic,-1,-1,1588,0.919717
445,B2357/S78,172,384,4,2,chaotic,2,0.5,chaotic,-1,-1,1508,0.91797
446,B012345/S012467,63,215,6,6,chaotic,0,0.2,chaotic,-1,-1,2554,0.907697
446,B012345/S012467,63,215,6,6,chaotic,1,0.35,chaotic,-1,-1,2562,0.907893
446,B012345/S012467,63,215,6,6,chaotic,2,0.5,chaotic,-1,-1,2575,0.907391
447,B0678/S3678,449,456,4,4,chaotic,0,0.2,chaotic,-1,-1,1194,0.768988
447,B0678/S3678,449,456,4,4,chaotic,1,0.35,chaotic,-1,-1,1059,0.767172
447,B0678/S3678,449,456,4,4,chaotic,2,0.5,chaotic,-1,-1,1022,0.769273
448,B1267/S23467,198,220,4,5,chaotic,0,0.2,chaotic,-1,-1,2023,0.973589
448,B1267/S23467,198,220,4,5,chaotic,1,0.35,chaotic,-1,-1,2047,0.973809
448,B1267/S23467,198,220,4,5,chaotic,2,0.5,chaotic,-1,-1,1962,0.973878
449,B02345678/S1267,509,198,8,4,chaotic,0,0.2,chaotic,-1,-1,2404,0.95396
449,B02345678/S1267,509,198,8,4,chaotic,1,0.35,chaotic,-1,-1,2432,0.949874
449,B02345678/S1267,509,198,8,4,chaotic,2,0.5,chaotic,-1,-1,2390,0.952246
450,B02578/S0157,421,163,5,4,chaotic,0,0.2,chaotic,-1,-1,1412,0.895213
450,B02578/S0157,421,163,5,4,chaotic,1,0.35,chaotic,-1,-1,1443,0.894353
450,B02578/S0157,421,163,5,4,chaotic,2,0.5,chaotic,-1,-1,1486,0.895332
451,B2347/S124568,156,374,4,6,chaotic,0,0.2,chaotic,-1,-1,2647,0.899641
451,B2347/S124568,156,374,4,6,chaotic,1,0.35,chaotic,-1,-1,2676,0.899286
451,B2347/S124568,156,374,4,6,chaotic,2,0.5,chaotic,-1,-1,2709,0.898336
452,B14678/S25,466,36,5,2,chaotic,0,0.2,chaotic,-1,-1,1413,0.90249
452,B14678/S25,466,36,5,2,chaotic,1,0.35,chaotic,-1,-1,1443,0.901987
452,B14678/S25,466,36,5,2,chaotic,2,0.5,chaotic,-1,-1,1428,0.900591
453,B012345/S023568,63,365,6,6,chaotic,0,0.2,chaotic,-1,-1,2653,0.892461
453,B012345/S023568,63,365,6,6,chaotic,1,0.35,chaotic,-1,-1,2644,0.894049
453,B012345/S023568,63,365,6,6,chaotic,2,0.5,chaotic,-1,-1,2716,0.894588
454,B23/S0678,12,449,2,4,chaotic,0,0.2,chaotic,-1,-1,1334,0.871178
454,B23/S0678,12,449,2,4,chaotic,1,0.35,chaotic,-1,-1,1356,0.87267
454,B23/S0678,12,449,2,4,chaotic,2,0.5,chaotic,-1,-1,1307,0.871227
455,B1578/S012467,418,215,4,6,oscillating,0,0.2,oscillating,6,412,1188,-1
455,B1578/S012467,418,215,4,6,oscillating,1,0.35,oscillating,12,136,1183,-1
455,B1578/S012467,418,215,4,6,oscillating,2,0.5,chaotic,-1,-1,1209,0.867232
456,B457/S1478,176,402,3,4,stable,0,0.2,stable,1,9,138,-1
456,B457/S1478,176,402,3,4,stable,1,0.35,stable,1,11,90,-1
456,B457/S1478,176,402,3,4,stable,2,0.5,stable,1,14,100,-1
457,B02457/S13567,181,234,5,5,chaotic,0,0.2,chaotic,-1,-1,3033,0.787575
457,B02457/S13567,181,234,5,5,chaotic,1,0.35,chaotic,-1,-1,3022,0.787085
457,B02457/S13567,181,234,5,5,chaotic,2,0.5,chaotic,-1,-1,3024,0.790223
458,B235/S35678,44,488,3,5,oscillating,0,0.2,oscillating,2,47,3521,-1
458,B235/S35678,44,488,3,5,oscillating,1,0.35,oscillating,4,32,3500,-1
458,B235/S35678,44,488,3,5,oscillating,2,0.5,oscillating,4,40,3514,-1
459,B0234567/S12467,253,214,7,5,chaotic,0,0.2,chaotic,-1,-1,2975,0.818929
459,B0234567/S12467,253,214,7,5,chaotic,1,0.35,chaotic,-1,-1,2961,0.81953
459,B0234567/S12467,253,214,7,5,chaotic,2,0.5,chaotic,-1,-1,2951,0.81755
460,B67/S023467,192,221,2,6,oscillating,0,0.2,stable,1,6,433,-1
460,B67/S023467,192,221,2,6,oscillating,1,0.35,oscillating,4,18,798,-1
460,B67/S023467,192,221,2,6,oscillating,2,0.5,oscillating,4,20,739,-1
461,B012458/S8,311,256,6,1,chaotic,0,0.2,chaotic,-1,-1,1694,0.939038
461,B012458/S8,311,256,6,1,chaotic,1,0.35,chaotic,-1,-1,1679,0.938447
461,B012458/S8,311,256,6,1,chaotic,2,0.5,chaotic,-1,-1,1724,0.940495
462,B/S0367,0,201,0,4,stable,0,0.2,stable,1,4,180,-1
462,B/S0367,0,201,0,4,stable,1,0.35,stable,1,4,165,-1
462,B/S0367,0,201,0,4,stable,2,0.5,stable,1,4,187,-1
463,B13468/S01235678,346,495,5,8,stable,0,0.2,stable,1,13,3950,-1
463,B13468/S01235678,346,495,5,8,stable,1,0.35,stable,1,13,3934,-1
463,B13468/S01235678,346,495,5,8,stable,2,0.5,stable,1,12,3958,-1
464,B06/S012567,65,231,2,6,oscillating,0,0.2,oscillating,2,10,987,-1
464,B06/S012567,65,231,2,6,oscillating,1,0.35,oscillating,2,7,965,-1
464,B06/S012567,65,231,2,6,oscillating,2,0.5,oscillating,6,14,974,-1
465,B0234/S458,29,304,4,3,chaotic,0,0.2,chaotic,-1,-1,2104,0.965447
465,B0234/S458,29,304,4,3,chaotic,1,0.35,chaotic,-1,-1,2103,0.96566
465,B0234/S458,29,304,4,3,chaotic,2,0.5,chaotic,-1,-1,2127,0.966234
466,B08/S01,257,3,2,2,oscillating,0,0.2,oscillating,2,10,1052,-1
466,B08/S01,257,3,2,2,oscillating,1,0.35,oscillating,2,7,335,-1
466,B08/S01,257,3,2,2,oscillating,2,0.5,oscillating,2,5,90,-1
467,B0145/S0146,51,83,4,4,chaotic,0,0.2,chaotic,-1,-1,1846,0.960152
467,B0145/S0146,51,83,4,4,chaotic,1,0.35,chaotic,-1,-1,1846,0.960552
467,B0145/S0146,51,83,4,4,chaotic,2,0.5,chaotic,-1,-1,1876,0.961758
468,B018/S3678,259,456,3,4,chaotic,0,0.2,chaotic,-1,-1,1397,0.858585
468,B018/S3678,259,456,3,4,chaotic,1,0.35,chaotic,-1,-1,1398,0.860144
468,B018/S3678,259,456,3,4,chaotic,2,0.5,chaotic,-1,-1,1385,0.858444
469,B037/S0135,137,43,3,4,chaotic,0,0.2,chaotic,-1,-1,1608,0.933187
469,B037/S0135,137,43,3,4,chaotic,1,0.35,chaotic,-1,-1,1589,0.934343
469,B037/S0135,137,43,3,4,chaotic,2,0.5,chaotic,-1,-1,1582,0.934398
470,B4678/S15,464,34,4,2,stable,0,0.2,stable,1,7,120,-1
470,B4678/S15,464,34,4,2,stable,1,0.35,stable,1,9,110,-1
470,B4678/S15,464,34,4,2,stable,2,0.5,stable,1,9,124,-1
471,B12567/S26,230,68,5,2,chaotic,0,0.2,chaotic,-1,-1,1656,0.932105
471,B12567/S26,230,68,5,2,chaotic,1,0.35,chaotic,-1,-1,1687,0.930894
471,B12567/S26,230,68,5,2,chaotic,2,0.5,chaotic,-1,-1,1606,0.932343
472,B0123578/S02347,431,157,7,5,chaotic,0,0.2,chaotic,-1,-1,2285,0.928301
472,B0123578/S02347,431,157,7,5,chaotic,1,0.35,chaotic,-1,-1,2250,0.927634
472,B0123578/S02347,431,157,7,5,chaotic,2,0.5,chaotic,-1,-1,2314,0.928377
473,B02457/S148,181,274,5,3,chaotic,0,0.2,chaotic,-1,-1,2040,0.966251
473,B02457/S148,181,274,5,3,chaotic,1,0.35,chaotic,-1,-1,1925,0.966626
473,B02457/S148,181,274,5,3,chaotic,2,0.5,chaotic,-1,-1,1889,0.965798
474,B124678/S03458,470,313,6,5,chaotic,0,0.2,chaotic,-1,-1,2520,0.9281
474,B124678/S03458,470,313,6,5,chaotic,1,0.35,chaotic,-1,-1,2421,0.928524
474,B124678/S03458,470,313,6,5,chaotic,2,0.5,chaotic,-1,-1,2462,0.928246
475,B12367/S0267,206,197,5,4,chaotic,0,0.2,chaotic,-1,-1,1970,0.941209
475,B12367/S0267,206,197,5,4,chaotic,1,0.35,chaotic,-1,-1,1958,0.939767
475,B12367/S0267,206,197,5,4,chaotic,2,0.5,chaotic,-1,-1,1979,0.940882
476,B0257/S01246,165,87,4,5,chaotic,0,0.2,chaotic,-1,-1,1780,0.961892
476,B0257/S01246,165,87,4,5,chaotic,1,0.35,chaotic,-1,-1,1799,0.962364
476,B0257/S01246,165,87,4,5,chaotic,2,0.5,chaotic,-1,-1,1762,0.962214
477,B0246/S026,85,69,4,3,chaotic,0,0.2,chaotic,-1,-1,1650,0.937314
477,B0246/S026,85,69,4,3,chaotic,1,0.35,chaotic,-1,-1,1602,0.938236
477,B0246/S026,85,69,4,3,chaotic,2,0.5,chaotic,-1,-1,1592,0.938212
478,B12356/S235678,110,492,5,6,stable,0,0.2,stable,1,8,3628,-1
478,B12356/S235678,110,492,5,6,stable,1,0.35,stable,1,8,3665,-1
478,B12356/S235678,110,492,5,6,stable,2,0.5,stable,1,9,3670,-1
479,B02456/S234568,117,380,5,6,chaotic,0,0.2,chaotic,-1,-1,2870,0.793615
479,B02456/S234568,117,380,5,6,chaotic,1,0.35,chaotic,-1,-1,2936,0.79192
479,B02456/S234568,117,380,5,6,chaotic,2,0.5,chaotic,-1,-1,2898,0.793651
480,B056/S12458,97,310,3,5,oscillating,0,0.2,oscillating,60,117,1102,-1
480,B056/S12458,97,310,3,5,oscillating,1,0.35,oscillating,4,56,1091,-1
480,B056/S12458,97,310,3,5,oscillating,2,0.5,oscillating,12,95,1101,-1
481,B0123578/S12678,431,454,7,5,chaotic,0,0.2,chaotic,-1,-1,2248,0.93694
481,B0123578/S12678,431,454,7,5,chaotic,1,0.35,chaotic,-1,-1,2207,0.93922
481,B0123578/S12678,431,454,7,5,chaotic,2,0.5,chaotic,-1,-1,2188,0.940205
482,B02345/S0135678,61,491,5,7,oscillating,0,0.2,oscillating,12,35,3482,-1
482,B02345/S0135678,61,491,5,7,oscillating,1,0.35,oscillating,4,26,3461,-1
482,B02345/S0135678,61,491,5,7,oscillating,2,0.5,oscillating,12,30,3459,-1
483,B012567/S13457,231,186,6,5,chaotic,0,0.2,chaotic,-1,-1,2691,0.890147
483,B012567/S13457,231,186,6,5,chaotic,1,0.35,chaotic,-1,-1,2723,0.889295
483,B012567/S13457,231,186,6,5,chaotic,2,0.5,chaotic,-1,-1,2678,0.888801
484,B37/S012678,136,455,2,6,chaotic,0,0.2,chaotic,-1,-1,1220,0.828131
484,B37/S012678,136,455,2,6,chaotic,1,0.35,chaotic,-1,-1,1246,0.831811
484,B37/S012678,136,455,2,6,chaotic,2,0.5,chaotic,-1,-1,1169,0.834715
485,B123457/S0157,190,163,6,4,chaotic,0,0.2,chaotic,-1,-1,2250,0.958615
485,B123457/S0157,190,163,6,4,chaotic,1,0.35,chaotic,-1,-1,2308,0.959297
485,B123457/S0157,190,163,6,4,chaotic,2,0.5,chaotic,-1,-1,2274,0.960662
486,B01238/S456,271,112,5,3,chaotic,0,0.2,chaotic,-1,-1,2205,0.957137
486,B01238/S456,271,112,5,3,chaotic,1,0.35,chaotic,-1,-1,2193,0.957312
486,B01238/S456,271,112,5,3,chaotic,2,0.5,chaotic,-1,-1,2276,0.956204
487,B12368/S12568,334,358,5,5,chaotic,0,0.2,chaotic,-1,-1,2121,0.952694
487,B12368/S12568,334,358,5,5,chaotic,1,0.35,chaotic,-1,-1,2087,0.95353
487,B12368/S12568,334,358,5,5,chaotic,2,0.5,chaotic,-1,-1,2159,0.952972
488,B023567/S012458,237,311,6,6,chaotic,0,0.2,chaotic,-1,-1,2589,0.918192
488,B023567/S012458,237,311,6,6,chaotic,1,0.35,chaotic,-1,-1,2561,0.917804
488,B023567/S012458,237,311,6,6,chaotic,2,0.5,chaotic,-1,-1,2528,0.918463
489,B2345678/S2478,508,404,7,4,chaotic,0,0.2,chaotic,-1,-1,2540,0.920147
489,B2345678/S2478,508,404,7,4,chaotic,1,0.35,chaotic,-1,-1,2564,0.919479
489,B2345678/S2478,508,404,7,4,chaotic,2,0.5,chaotic,-1,-1,2631,0.919997
490,B1245678/S1356,502,106,7,4,chaotic,0,0.2,chaotic,-1,-1,2667,0.864571
490,B1245678/S1356,502,106,7,4,chaotic,1,0.35,chaotic,-1,-1,2808,0.864629
490,B1245678/S1356,502,106,7,4,chaotic,2,0.5,chaotic,-1,-1,2662,0.865786
491,B124567/S245678,246,500,6,6,stable,0,0.2,stable,1,5,3940,-1
491,B124567/S245678,246,500,6,6,stable,1,0.35,stable,1,5,3961,-1
491,B124567/S245678,246,500,6,6,stable,2,0.5,stable,1,4,3967,-1
492,B14678/S23456,466,124,5,5,chaotic,0,0.2,chaotic,-1,-1,2608,0.876706
492,B14678/S23456,466,124,5,5,chaotic,1,0.35,chaotic,-1,-1,2691,0.877254
492,B14678/S23456,466,124,5,5,chaotic,2,0.5,chaotic,-1,-1,2571,0.877128
493,B1235678/S34,494,24,7,2,chaotic,0,0.2,chaotic,-1,-1,2242,0.917069
493,B1235678/S34,494,24,7,2,chaotic,1,0.35,chaotic,-1,-1,2072,0.912629
493,B1235678/S34,494,24,7,2,chaotic,2,0.5,chaotic,-1,-1,2137,0.913784
494,B0137/S2,139,4,4,1,oscillating,0,0.2,oscillating,2,70,28,-1
494,B0137/S2,139,4,4,1,oscillating,1,0.35,complex,-1,-1,911,0.144221
494,B0137/S2,139,4,4,1,oscillating,2,0.5,oscillating,2,41,36,-1
495,B35678/S2457,488,180,5,4,chaotic,0,0.2,chaotic,-1,-1,2713,0.88685
495,B35678/S2457,488,180,5,4,chaotic,1,0.35,chaotic,-1,-1,2669,0.885536
495,B35678/S2457,488,180,5,4,chaotic,2,0.5,chaotic,-1,-1,2674,0.886861
496,B02568/S1245,357,54,5,4,chaotic,0,0.2,chaotic,-1,-1,2160,0.959383
496,B02568/S1245,357,54,5,4,chaotic,1,0.35,chaotic,-1,-1,2112,0.960373
496,B02568/S1245,357,54,5,4,chaotic,2,0.5,chaotic,-1,-1,2125,0.959036
497,B01/S023467,3,221,2,6,oscillating,0,0.2,oscillating,12,40,1771,-1
497,B01/S023467,3,221,2,6,oscillating,1,0.35,oscillating,12,45,1764,-1
497,B01/S023467,3,221,2,6,oscillating,2,0.5,oscillating,12,34,1739,-1
498,B256/S247,100,148,3,3,chaotic,0,0.2,chaotic,-1,-1,1685,0.942698
498,B256/S247,100,148,3,3,chaotic,1,0.35,chaotic,-1,-1,1635,0.942537
498,B256/S247,100,148,3,3,chaotic,2,0.5,chaotic,-1,-1,1773,0.941023
499,B0378/S35678,393,488,4,5,chaotic,0,0.2,chaotic,-1,-1,1453,0.888337
499,B0378/S35678,393,488,4,5,chaotic,1,0.35,chaotic,-1,-1,1402,0.893629
499,B0378/S35678,393,488,4,5,chaotic,2,0.5,chaotic,-1,-1,1371,0.893209
500,B0126/S0134578,71,443,4,7,chaotic,0,0.2,chaotic,-1,-1,2218,0.966149
500,B0126/S0134578,71,443,4,7,chaotic,1,0.35,chaotic,-1,-1,2169,0.966351
500,B0126/S0134578,71,443,4,7,chaotic,2,0.5,chaotic,-1,-1,2199,0.966302
501,B0178/S2368,387,332,4,4,chaotic,0,0.2,chaotic,-1,-1,1673,0.963484
501,B0178/S2368,387,332,4,4,chaotic,1,0.35,chaotic,-1,-1,1662,0.962462
501,B0178/S2368,387,332,4,4,chaotic,2,0.5,chaotic,-1,-1,1693,0.96397
502,B02368/S68,333,320,5,2,chaotic,0,0.2,chaotic,-1,-1,1508,0.907206
502,B02368/S68,333,320,5,2,chaotic,1,0.35,chaotic,-1,-1,1534,0.907375
502,B02368/S68,333,320,5,2,chaotic,2,0.5,chaotic,-1,-1,1514,0.908271
503,B015678/S034,483,25,6,3,chaotic,0,0.2,chaotic,-1,-1,1525,0.915888
503,B015678/S034,483,25,6,3,chaotic,1,0.35,chaotic,-1,-1,1609,0.914518
503,B015678/S034,483,25,6,3,chaotic,2,0.5,chaotic,-1,-1,1615,0.913638
504,B0134567/S1358,251,298,7,4,chaotic,0,0.2,chaotic,-1,-1,2428,0.92898
504,B0134567/S1358,251,298,7,4,chaotic,1,0.35,chaotic,-1,-1,2490,0.927713
504,B0134567/S1358,251,298,7,4,chaotic,2,0.5,chaotic,-1,-1,2398,0.928696
505,B1245/S356,54,104,4,3,chaotic,0,0.2,chaotic,-1,-1,2424,0.949162
505,B1245/S356,54,104,4,3,chaotic,1,0.35,chaotic,-1,-1,2405,0.948351
505,B1245/S356,54,104,4,3,chaotic,2,0.5,chaotic,-1,-1,2433,0.94809
506,B0568/S34567,353,248,4,5,oscillating,0,0.2,oscillating,96,155,2963,-1
506,B0568/S34567,353,248,4,5,oscillating,1,0.35,oscillating,12,83,2981,-1
506,B0568/S34567,353,248,4,5,oscillating,2,0.5,oscillating,60,134,3017,-1
507,B0124568/S045,375,49,7,3,chaotic,0,0.2,chaotic,-1,-1,2374,0.920385
507,B0124568/S045,375,49,7,3,chaotic,1,0.35,chaotic,-1,-1,2332,0.922159
507,B0124568/S045,375,49,7,3,chaotic,2,0.5,chaotic,-1,-1,2325,0.921261
508,B0135678/S0123568,491,367,7,7,chaotic,0,0.2,chaotic,-1,-1,2910,0.836482
508,B0135678/S0123568,491,367,7,7,chaotic,1,0.35,chaotic,-1,-1,2918,0.835202
508,B0135678/S0123568,491,367,7,7,chaotic,2,0.5,chaotic,-1,-1,2902,0.835021
509,B0168/S01237,323,143,4,5,oscillating,0,0.2,oscillating,6,18,1390,-1
509,B0168/S01237,323,143,4,5,oscillating,1,0.35,oscillating,6,16,1398,-1
509,B0168/S01237,323,143,4,5,oscillating,2,0.5,oscillating,6,17,1401,-1
510,B2457/S014568,180,371,4,6,chaotic,0,0.2,chaotic,-1,-1,2800,0.854069
510,B2457/S014568,180,371,4,6,chaotic,1,0.35,chaotic,-1,-1,2880,0.85265
510,B2457/S014568,180,371,4,6,chaotic,2,0.5,chaotic,-1,-1,2837,0.854884
511,B12378/S013678,398,459,5,6,chaotic,0,0.2,chaotic,-1,-1,2027,0.93762
511,B12378/S013678,398,459,5,6,chaotic,1,0.35,chaotic,-1,-1,2104,0.935148
511,B12378/S013678,398,459,5,6,chaotic,2,0.5,chaotic,-1,-1,2103,0.935678
512,B024/S257,21,164,3,3,chaotic,0,0.2,chaotic,-1,-1,1686,0.942336
512,B024/S257,21,164,3,3,chaotic,1,0.35,chaotic,-1,-1,1688,0.941777
512,B024/S257,21,164,3,3,chaotic,2,0.5,chaotic,-1,-1,1620,0.941887
513,B248/S023,276,13,3,3,chaotic,0,0.2,chaotic,-1,-1,1624,0.911883
513,B248/S023,276,13,3,3,chaotic,1,0.35,chaotic,-1,-1,1601,0.913898
513,B248/S023,276,13,3,3,chaotic,2,0.5,chaotic,-1,-1,1541,0.914855
514,B1456/S0123457,114,191,4,7,chaotic,0,0.2,chaotic,-1,-1,2759,0.866958
514,B1456/S0123457,114,191,4,7,chaotic,1,0.35,chaotic,-1,-1,2715,0.867043
514,B1456/S0123457,114,191,4,7,chaotic,2,0.5,chaotic,-1,-1,2682,0.868186
515,B0138/S1348,267,282,4,4,chaotic,0,0.2,chaotic,-1,-1,1807,0.947726
515,B0138/S1348,267,282,4,4,chaotic,1,0.35,chaotic,-1,-1,1730,0.946038
515,B0138/S1348,267,282,4,4,chaotic,2,0.5,chaotic,-1,-1,1814,0.94694
516,B2/S0247,4,149,1,4,chaotic,0,0.2,chaotic,-1,-1,1372,0.887642
516,B2/S0247,4,149,1,4,chaotic,1,0.35,chaotic,-1,-1,1408,0.890055
516,B2/S0247,4,149,1,4,chaotic,2,0.5,chaotic,-1,-1,1416,0.88841
517,B2348/S01234567,284,255,4,8,oscillating,0,0.2,oscillating,6,16,2828,-1
517,B2348/S01234567,284,255,4,8,oscillating,1,0.35,oscillating,2,12,2818,-1
517,B2348/S01234567,284,255,4,8,oscillating,2,0.5,oscillating,6,15,2812,-1
518,B1346/S01,90,3,4,2,chaotic,0,0.2,chaotic,-1,-1,1676,0.931656
518,B1346/S01,90,3,4,2,chaotic,1,0.35,chaotic,-1,-1,1647,0.931948
518,B1346/S01,90,3,4,2,chaotic,2,0.5,chaotic,-1,-1,1691,0.93222
519,B034567/S056,249,97,6,3,oscillating,0,0.2,oscillating,12,70,2065,-1
519,B034567/S056,249,97,6,3,oscillating,1,0.35,oscillating,12,74,2051,-1
519,B034567/S056,249,97,6,3,oscillating,2,0.5,oscillating,12,86,2063,-1
520,B13456/S137,122,138,5,3,chaotic,0,0.2,chaotic,-1,-1,2148,0.955271
520,B13456/S137,122,138,5,3,chaotic,1,0.35,chaotic,-1,-1,2057,0.954749
520,B13456/S137,122,138,5,3,chaotic,2,0.5,chaotic,-1,-1,2200,0.955477
521,B125/S023468,38,349,3,6,chaotic,0,0.2,chaotic,-1,-1,2176,0.967891
521,B125/S023468,38,349,3,6,chaotic,1,0.35,chaotic,-1,-1,2253,0.967827
521,B125/S023468,38,349,3,6,chaotic,2,0.5,chaotic,-1,-1,2162,0.968306
522,B01245/S1234578,55,446,5,7,chaotic,0,0.2,chaotic,-1,-1,2621,0.888666
522,B01245/S1234578,55,446,5,7,chaotic,1,0.35,chaotic,-1,-1,2674,0.886537
522,B01245/S1234578,55,446,5,7,chaotic,2,0.5,chaotic,-1,-1,2687,0.88858
523,B23456/S34567,124,248,5,5,oscillating,0,0.2,oscillating,2,14,3173,-1
523,B23456/S34567,124,248,5,5,oscillating,1,0.35,oscillating,6,19,3209,-1
523,B23456/S34567,124,248,5,5,oscillating,2,0.5,oscillating,6,22,3217,-1
524,B235678/S03457,492,185,6,5,chaotic,0,0.2,chaotic,-1,-1,2834,0.856106
524,B235678/S03457,492,185,6,5,chaotic,1,0.35,chaotic,-1,-1,2812,0.854718
524,B235678/S03457,492,185,6,5,chaotic,2,0.5,chaotic,-1,-1,2776,0.855206
525,B23457/S01358,188,299,5,5,chaotic,0,0.2,chaotic,-1,-1,2336,0.928122
525,B23457/S01358,188,299,5,5,chaotic,1,0.35,chaotic,-1,-1,2346,0.928573
525,B23457/S01358,188,299,5,5,chaotic,2,0.5,chaotic,-1,-1,2373,0.92747
526,B134/S147,26,146,3,3,chaotic,0,0.2,chaotic,-1,-1,1885,0.954715
526,B134/S147,26,146,3,3,chaotic,1,0.35,chaotic,-1,-1,1773,0.954417
526,B134/S147,26,146,3,3,chaotic,2,0.5,chaotic,-1,-1,1865,0.95558
527,B0468/S057,337,161,4,3,chaotic,0,0.2,chaotic,-1,-1,1147,0.75725
527,B0468/S057,337,161,4,3,chaotic,1,0.35,chaotic,-1,-1,1036,0.758426
527,B0468/S057,337,161,4,3,chaotic,2,0.5,chaotic,-1,-1,970,0.756639
528,B4567/S12367,240,206,4,5,chaotic,0,0.2,oscillating,4,88,347,-1
528,B4567/S12367,240,206,4,5,chaotic,1,0.35,chaotic,-1,-1,986,0.488195
528,B4567/S12367,240,206,4,5,chaotic,2,0.5,chaotic,-1,-1,2653,0.909254
529,B01/S2567,3,228,2,4,chaotic,0,0.2,chaotic,-1,-1,1457,0.871084
529,B01/S2567,3,228,2,4,chaotic,1,0.35,chaotic,-1,-1,1470,0.870985
529,B01/S2567,3,228,2,4,chaotic,2,0.5,chaotic,-1,-1,1416,0.870926
530,B24/S01268,20,327,2,5,chaotic,0,0.2,chaotic,-1,-1,1635,0.917236
530,B24/S01268,20,327,2,5,chaotic,1,0.35,chaotic,-1,-1,1529,0.917419
530,B24/S01268,20,327,2,5,chaotic,2,0.5,chaotic,-1,-1,1601,0.915548
531,B0136/S0356,75,105,4,4,chaotic,0,0.2,chaotic,-1,-1,1794,0.959546
531,B0136/S0356,75,105,4,4,chaotic,1,0.35,chaotic,-1,-1,1859,0.960525
531,B0136/S0356,75,105,4,4,chaotic,2,0.5,chaotic,-1,-1,1923,0.960102
532,B0127/S024578,135,437,4,6,chaotic,0,0.2,chaotic,-1,-1,1824,0.945255
532,B0127/S024578,135,437,4,6,chaotic,1,0.35,chaotic,-1,-1,1734,0.94434
532,B0127/S024578,135,437,4,6,chaotic,2,0.5,chaotic,-1,-1,1846,0.945292
533,B0348/S3467,281,216,4,4,chaotic,0,0.2,chaotic,-1,-1,2297,0.96069
533,B0348/S3467,281,216,4,4,chaotic,1,0.35,chaotic,-1,-1,2233,0.961178
533,B0348/S3467,281,216,4,4,chaotic,2,0.5,chaotic,-1,-1,2246,0.961488
534,B367/S04567,200,241,3,5,chaotic,0,0.2,oscillating,4,23,141,-1
534,B367/S04567,200,241,3,5,chaotic,1,0.35,chaotic,-1,-1,2970,0.815016
534,B367/S04567,200,241,3,5,chaotic,2,0.5,chaotic,-1,-1,2928,0.823866
535,B025678/S0123567,485,239,6,7,chaotic,0,0.2,chaotic,-1,-1,2940,0.798199
535,B025678/S0123567,485,239,6,7,chaotic,1,0.35,chaotic,-1,-1,2926,0.800927
535,B025678/S0123567,485,239,6,7,chaotic,2,0.5,chaotic,-1,-1,2931,0.799284
536,B03568/S1368,361,330,5,4,chaotic,0,0.2,chaotic,-1,-1,1865,0.962483
536,B03568/S1368,361,330,5,4,chaotic,1,0.35,chaotic,-1,-1,1934,0.963849
536,B03568/S1368,361,330,5,4,chaotic,2,0.5,chaotic,-1,-1,1855,0.962241
537,B2356/S1248,108,278,4,4,chaotic,0,0.2,chaotic,-1,-1,2134,0.951085
537,B2356/S1248,108,278,4,4,chaotic,1,0.35,chaotic,-1,-1,2064,0.952342
537,B2356/S1248,108,278,4,4,chaotic,2,0.5,chaotic,-1,-1,2058,0.949925
538,B12456/S358,118,296,5,3,chaotic,0,0.2,chaotic,-1,-1,2332,0.949672
538,B12456/S358,118,296,5,3,chaotic,1,0.35,chaotic,-1,-1,2300,0.949215
538,B12456/S358,118,296,5,3,chaotic,2,0.5,chaotic,-1,-1,2289,0.949728
539,B012467/S14568,215,370,6,5,chaotic,0,0.2,chaotic,-1,-1,2787,0.846872
539,B012467/S14568,215,370,6,5,chaotic,1,0.35,chaotic,-1,-1,2784,0.845658
539,B012467/S14568,215,370,6,5,chaotic,2,0.5,chaotic,-1,-1,2879,0.844626
540,B0234678/S2568,477,356,7,4,chaotic,0,0.2,chaotic,-1,-1,2557,0.91457
540,B0234678/S2568,477,356,7,4,chaotic,1,0.35,chaotic,-1,-1,2605,0.914624
540,B0234678/S2568,477,356,7,4,chaotic,2,0.5,chaotic,-1,-1,2511,0.917257
541,B028/S024568,261,373,3,6,chaotic,0,0.2,chaotic,-1,-1,1652,0.938528
541,B028/S024568,261,373,3,6,chaotic,1,0.35,chaotic,-1,-1,1653,0.938299
541,B028/S024568,261,373,3,6,chaotic,2,0.5,chaotic,-1,-1,1667,0.937107
542,B238/S0123467,268,223,3,7,oscillating,0,0.2,oscillating,6,30,2052,-1
542,B238/S0123467,268,223,3,7,oscillating,1,0.35,oscillating,6,34,2039,-1
542,B238/S0123467,268,223,3,7,oscillating,2,0.5,oscillating,2,31,2058,-1
543,B0235678/S013478,493,411,7,6,chaotic,0,0.2,chaotic,-1,-1,2397,0.944298
543,B0235678/S013478,493,411,7,6,chaotic,1,0.35,chaotic,-1,-1,2406,0.944905
543,B0235678/S013478,493,411,7,6,chaotic,2,0.5,chaotic,-1,-1,2399,0.943861
544,B18/S12356,258,110,2,5,oscillating,0,0.2,oscillating,2,14,1529,-1
544,B18/S12356,258,110,2,5,oscillating,1,0.35,oscillating,2,11,1498,-1
544,B18/S12356,258,110,2,5,oscillating,2,0.5,oscillating,2,11,1513,-1
545,B0124578/S01246,439,87,7,5,chaotic,0,0.2,chaotic,-1,-1,2394,0.951324
545,B0124578/S01246,439,87,7,5,chaotic,1,0.35,chaotic,-1,-1,2283,0.950119
545,B0124578/S01246,439,87,7,5,chaotic,2,0.5,chaotic,-1,-1,2331,0.951998
546,B0234567/S024,253,21,7,3,chaotic,0,0.2,chaotic,-1,-1,2163,0.927114
546,B0234567/S024,253,21,7,3,chaotic,1,0.35,chaotic,-1,-1,2105,0.928824
546,B0234567/S024,253,21,7,3,chaotic,2,0.5,chaotic,-1,-1,2162,0.927004
547,B2347/S012358,156,303,4,6,chaotic,0,0.2,chaotic,-1,-1,2263,0.918133
547,B2347/S012358,156,303,4,6,chaotic,1,0.35,chaotic,-1,-1,2425,0.916368
547,B2347/S012358,156,303,4,6,chaotic,2,0.5,chaotic,-1,-1,2255,0.918077
548,B13568/S0238,362,269,5,4,chaotic,0,0.2,chaotic,-1,-1,1875,0.949893
548,B13568/S0238,362,269,5,4,chaotic,1,0.35,chaotic,-1,-1,1883,0.95048
548,B13568/S0238,362,269,5,4,chaotic,2,0.5,chaotic,-1,-1,1850,0.950558
549,B02468/S01234578,341,447,5,8,chaotic,0,0.2,chaotic,-1,-1,2739,0.894456
549,B02468/S01234578,341,447,5,8,chaotic,1,0.35,chaotic,-1,-1,2722,0.894133
549,B02468/S01234578,341,447,5,8,chaotic,2,0.5,chaotic,-1,-1,2690,0.895326
550,B013568/S02568,363,357,6,5,chaotic,0,0.2,chaotic,-1,-1,2258,0.955922
550,B013568/S02568,363,357,6,5,chaotic,1,0.35,chaotic,-1,-1,2194,0.956845
550,B013568/S02568,363,357,6,5,chaotic,2,0.5,chaotic,-1,-1,2224,0.955896
551,B146/S124568,82,374,3,6,chaotic,0,0.2,chaotic,-1,-1,2702,0.89622
551,B146/S124568,82,374,3,6,chaotic,1,0.35,chaotic,-1,-1,2687,0.895825
551,B146/S124568,82,374,3,6,chaotic,2,0.5,chaotic,-1,-1,2702,0.895244
552,B013678/S0458,459,305,6,4,chaotic,0,0.2,chaotic,-1,-1,1791,0.949265
552,B013678/S0458,459,305,6,4,chaotic,1,0.35,chaotic,-1,-1,1695,0.948686
552,B013678/S0458,459,305,6,4,chaotic,2,0.5,chaotic,-1,-1,1846,0.948584
553,B124678/S0128,470,263,6,4,chaotic,0,0.2,chaotic,-1,-1,1827,0.907919
553,B124678/S0128,470,263,6,4,chaotic,1,0.35,chaotic,-1,-1,1808,0.908804
553,B124678/S0128,470,263,6,4,chaotic,2,0.5,chaotic,-1,-1,1860,0.908122
554,B4678/S1234568,464,382,4,7,chaotic,0,0.2,chaotic,-1,-1,2977,0.792024
554,B4678/S1234568,464,382,4,7,chaotic,1,0.35,chaotic,-1,-1,3061,0.79093
554,B4678/S1234568,464,382,4,7,chaotic,2,0.5,chaotic,-1,-1,2948,0.791041
555,B01678/S012356,451,111,5,6,oscillating,0,0.2,oscillating,3,18,1379,-1
555,B01678/S012356,451,111,5,6,oscillating,1,0.35,stable,1,15,1366,-1
555,B01678/S012356,451,111,5,6,oscillating,2,0.5,oscillating,3,21,1367,-1
556,B02/S23478,5,412,2,5,oscillating,0,0.2,oscillating,12,37,1947,-1
556,B02/S23478,5,412,2,5,oscillating,1,0.35,oscillating,12,41,1936,-1
556,B02/S23478,5,412,2,5,oscillating,2,0.5,oscillating,12,36,1955,-1
557,B12368/S1578,334,418,5,4,chaotic,0,0.2,chaotic,-1,-1,1924,0.942992
557,B12368/S1578,334,418,5,4,chaotic,1,0.35,chaotic,-1,-1,1925,0.943349
557,B12368/S1578,334,418,5,4,chaotic,2,0.5,chaotic,-1,-1,1985,0.942888
558,B23456/S03458,124,313,5,5,chaotic,0,0.2,chaotic,-1,-1,2535,0.873755
558,B23456/S03458,124,313,5,5,chaotic,1,0.35,chaotic,-1,-1,2407,0.875448
558,B23456/S03458,124,313,5,5,chaotic,2,0.5,chaotic,-1,-1,2653,0.874205
559,B0123457/S125,191,38,7,3,oscillating,0,0.2,oscillating,2,9,4084,-1
559,B0123457/S125,191,38,7,3,oscillating,1,0.35,oscillating,2,25,4016,-1
559,B0123457/S125,191,38,7,3,oscillating,2,0.5,complex,-1,-1,1367,0.340995
560,B23457/S0,188,1,5,1,oscillating,0,0.2,oscillating,12,149,1973,-1
560,B23457/S0,188,1,5,1,oscillating,1,0.35,oscillating,24,114,2035,-1
560,B23457/S0,188,1,5,1,oscillating,2,0.5,oscillating,120,250,1987,-1
561,B04567/S68,241,320,5,2,chaotic,0,0.2,chaotic,-1,-1,1176,0.764878
561,B04567/S68,241,320,5,2,chaotic,1,0.35,chaotic,-1,-1,1127,0.765067
561,B04567/S68,241,320,5,2,chaotic,2,0.5,chaotic,-1,-1,1196,0.762757
562,B023/S25,13,36,3,2,chaotic,0,0.2,chaotic,-1,-1,1737,0.922152
562,B023/S25,13,36,3,2,chaotic,1,0.35,chaotic,-1,-1,1766,0.922611
562,B023/S25,13,36,3,2,chaotic,2,0.5,chaotic,-1,-1,1770,0.922461
563,B1234/S0345678,30,505,4,7,stable,0,0.2,oscillating,2,10,3220,-1
563,B1234/S0345678,30,505,4,7,stable,1,0.35,stable,1,7,3201,-1
563,B1234/S0345678,30,505,4,7,stable,2,0.5,stable,1,5,3159,-1
564,B12457/S138,182,266,5,3,chaotic,0,0.2,chaotic,-1,-1,1888,0.931378
564,B12457/S138,182,266,5,3,chaotic,1,0.35,chaotic,-1,-1,1870,0.93225
564,B12457/S138,182,266,5,3,chaotic,2,0.5,chaotic,-1,-1,1897,0.932144
565,B0245/S1258,53,294,4,4,chaotic,0,0.2,chaotic,-1,-1,2030,0.966974
565,B0245/S1258,53,294,4,4,chaotic,1,0.35,chaotic,-1,-1,1980,0.968114
565,B0245/S1258,53,294,4,4,chaotic,2,0.5,chaotic,-1,-1,2023,0.969041
566,B34/S01456,24,115,2,5,oscillating,0,0.2,oscillating,60,241,2837,-1
566,B34/S01456,24,115,2,5,oscillating,1,0.35,oscillating,4,278,2829,-1
566,B34/S01456,24,115,2,5,oscillating,2,0.5,oscillating,4,209,2826,-1
567,B123456/S0123478,126,415,6,7,chaotic,0,0.2,chaotic,-1,-1,2738,0.858622
567,B123456/S0123478,126,415,6,7,chaotic,1,0.35,chaotic,-1,-1,2763,0.855864
567,B123456/S0123478,126,415,6,7,chaotic,2,0.5,chaotic,-1,-1,2754,0.860246
568,B2347/S034568,156,377,4,6,chaotic,0,0.2,chaotic,-1,-1,2679,0.893415
568,B2347/S034568,156,377,4,6,chaotic,1,0.35,chaotic,-1,-1,2707,0.893127
568,B2347/S034568,156,377,4,6,chaotic,2,0.5,chaotic,-1,-1,2756,0.889063
569,B0134678/S012,475,7,7,3,chaotic,0,0.2,chaotic,-1,-1,1818,0.900021
569,B0134678/S012,475,7,7,3,chaotic,1,0.35,chaotic,-1,-1,1941,0.901588
569,B0134678/S012,475,7,7,3,chaotic,2,0.5,chaotic,-1,-1,1808,0.902778
570,B345/S0457,56,177,3,4,chaotic,0,0.2,chaotic,-1,-1,2490,0.941106
570,B345/S0457,56,177,3,4,chaotic,1,0.35,chaotic,-1,-1,2417,0.941032
570,B345/S0457,56,177,3,4,chaotic,2,0.5,chaotic,-1,-1,2471,0.939914
571,B127/S1238,134,270,3,4,chaotic,0,0.2,chaotic,-1,-1,1823,0.948508
571,B127/S1238,134,270,3,4,chaotic,1,0.35,chaotic,-1,-1,1946,0.958644
571,B127/S1238,134,270,3,4,chaotic,2,0.5,chaotic,-1,-1,1899,0.956512
572,B1/S58,2,288,1,2,chaotic,0,0.2,chaotic,-1,-1,844,0.710436
572,B1/S58,2,288,1,2,chaotic,1,0.35,chaotic,-1,-1,905,0.711005
572,B1/S58,2,288,1,2,chaotic,2,0.5,chaotic,-1,-1,905,0.70997
573,B1234568/S023678,382,461,7,6,oscillating,0,0.2,oscillating,2,28,4041,-1
573,B1234568/S023678,382,461,7,6,oscillating,1,0.35,oscillating,2,18,4034,-1
573,B1234568/S023678,382,461,7,6,oscillating,2,0.5,oscillating,2,36,4046,-1
574,B25/S357,36,168,2,3,chaotic,0,0.2,chaotic,-1,-1,1431,0.893418
574,B25/S357,36,168,2,3,chaotic,1,0.35,chaotic,-1,-1,1397,0.895515
574,B25/S357,36,168,2,3,chaotic,2,0.5,chaotic,-1,-1,1460,0.899665
575,B134/S18,26,258,3,2,chaotic,0,0.2,chaotic,-1,-1,1536,0.909929
575,B134/S18,26,258,3,2,chaotic,1,0.35,chaotic,-1,-1,1538,0.910057
575,B134/S18,26,258,3,2,chaotic,2,0.5,chaotic,-1,-1,1509,0.910387
576,B123568/S013468,366,347,6,6,chaotic,0,0.2,chaotic,-1,-1,2487,0.925212
576,B123568/S013468,366,347,6,6,chaotic,1,0.35,chaotic,-1,-1,2472,0.926316
576,B123568/S013468,366,347,6,6,chaotic,2,0.5,chaotic,-1,-1,2552,0.926252
577,B1368/S012578,330,423,4,6,chaotic,0,0.2,chaotic,-1,-1,1717,0.94296
577,B1368/S012578,330,423,4,6,chaotic,1,0.35,chaotic,-1,-1,1771,0.943702
577,B1368/S012578,330,423,4,6,chaotic,2,0.5,chaotic,-1,-1,1750,0.943877
578,B148/S01236,274,79,3,5,chaotic,0,0.2,chaotic,-1,-1,1802,0.953284
578,B148/S01236,274,79,3,5,chaotic,1,0.35,chaotic,-1,-1,1746,0.953585
578,B148/S01236,274,79,3,5,chaotic,2,0.5,chaotic,-1,-1,1813,0.953052
579,B357/S024568,168,373,3,6,chaotic,0,0.2,chaotic,-1,-1,2763,0.875602
579,B357/S024568,168,373,3,6,chaotic,1,0.35,chaotic,-1,-1,2801,0.876926
579,B357/S024568,168,373,3,6,chaotic,2,0.5,chaotic,-1,-1,2831,0.876287
580,B15678/S1347,482,154,5,4,chaotic,0,0.2,chaotic,-1,-1,1590,0.920882
580,B15678/S1347,482,154,5,4,chaotic,1,0.35,chaotic,-1,-1,1583,0.921655
580,B15678/S1347,482,154,5,4,chaotic,2,0.5,chaotic,-1,-1,1581,0.921636
581,B024578/S1247,437,150,6,4,chaotic,0,0.2,chaotic,-1,-1,2209,0.962089
581,B024578/S1247,437,150,6,4,chaotic,1,0.35,chaotic,-1,-1,2209,0.962799
581,B024578/S1247,437,150,6,4,chaotic,2,0.5,chaotic,-1,-1,2157,0.962195
582,B01245/S135,55,42,5,3,complex,0,0.2,oscillating,2,90,0,-1
582,B01245/S135,55,42,5,3,complex,1,0.35,complex,-1,-1,461,0.119588
582,B01245/S135,55,42,5,3,complex,2,0.5,complex,-1,-1,3532,0.130023
583,B2578/S01234567,420,255,4,8,chaotic,0,0.2,chaotic,-1,-1,2859,0.862212
583,B2578/S01234567,420,255,4,8,chaotic,1,0.35,oscillating,132,256,2817,-1
583,B2578/S01234567,420,255,4,8,chaotic,2,0.5,chaotic,-1,-1,2850,0.863058
584,B03678/S0123,457,15,5,4,chaotic,0,0.2,chaotic,-1,-1,1756,0.94078
584,B03678/S0123,457,15,5,4,chaotic,1,0.35,chaotic,-1,-1,1638,0.940034
584,B03678/S0123,457,15,5,4,chaotic,2,0.5,chaotic,-1,-1,1743,0.94054
585,B1257/S123568,166,366,4,6,chaotic,0,0.2,chaotic,-1,-1,2303,0.960149
585,B1257/S123568,166,366,4,6,chaotic,1,0.35,chaotic,-1,-1,2263,0.960897
585,B1257/S123568,166,366,4,6,chaotic,2,0.5,chaotic,-1,-1,2234,0.961571
586,B137/S148,138,274,3,3,chaotic,0,0.2,chaotic,-1,-1,1487,0.914022
586,B137/S148,138,274,3,3,chaotic,1,0.35,chaotic,-1,-1,1541,0.914442
586,B137/S148,138,274,3,3,chaotic,2,0.5,chaotic,-1,-1,1573,0.914256
587,B2468/S01248,340,279,4,5,chaotic,0,0.2,chaotic,-1,-1,1846,0.95866
587,B2468/S01248,340,279,4,5,chaotic,1,0.35,chaotic,-1,-1,1971,0.958113
587,B2468/S01248,340,279,4,5,chaotic,2,0.5,chaotic,-1,-1,1830,0.9568
588,B24567/S02378,244,397,5,5,chaotic,0,0.2,chaotic,-1,-1,2201,0.958657
588,B24567/S02378,244,397,5,5,chaotic,1,0.35,chaotic,-1,-1,2237,0.957727
588,B24567/S02378,244,397,5,5,chaotic,2,0.5,chaotic,-1,-1,2199,0.957456
589,B0234/S0678,29,449,4,4,chaotic,0,0.2,chaotic,-1,-1,1636,0.933967
589,B0234/S0678,29,449,4,4,chaotic,1,0.35,chaotic,-1,-1,1714,0.932262
589,B0234/S0678,29,449,4,4,chaotic,2,0.5,chaotic,-1,-1,1686,0.935385
590,B134/S3468,26,344,3,4,chaotic,0,0.2,chaotic,-1,-1,2163,0.96238
590,B134/S3468,26,344,3,4,chaotic,1,0.35,chaotic,-1,-1,2110,0.963377
590,B134/S3468,26,344,3,4,chaotic,2,0.5,chaotic,-1,-1,2218,0.963174
591,B028/S0256,261,101,3,4,chaotic,0,0.2,chaotic,-1,-1,1436,0.886914
591,B028/S0256,261,101,3,4,chaotic,1,0.35,chaotic,-1,-1,1380,0.886813
591,B028/S0256,261,101,3,4,chaotic,2,0.5,chaotic,-1,-1,1371,0.886159
592,B12356/S1234678,110,478,5,7,oscillating,0,0.2,oscillating,8,52,3808,-1
592,B12356/S1234678,110,478,5,7,oscillating,1,0.35,oscillating,4,76,3826,-1
592,B12356/S1234678,110,478,5,7,oscillating,2,0.5,oscillating,2,63,3837,-1
593,B345/S1237,56,142,3,4,chaotic,0,0.2,chaotic,-1,-1,2022,0.935061
593,B345/S1237,56,142,3,4,chaotic,1,0.35,chaotic,-1,-1,2097,0.935399
593,B345/S1237,56,142,3,4,chaotic,2,0.5,chaotic,-1,-1,1993,0.936351
594,B01357/S013457,171,187,5,6,chaotic,0,0.2,chaotic,-1,-1,2579,0.918316
594,B01357/S013457,171,187,5,6,chaotic,1,0.35,chaotic,-1,-1,2573,0.919878
594,B01357/S013457,171,187,5,6,chaotic,2,0.5,chaotic,-1,-1,2580,0.918427
595,B2345/S0157,60,163,4,4,chaotic,0,0.2,chaotic,-1,-1,2092,0.965152
595,B2345/S0157,60,163,4,4,chaotic,1,0.35,chaotic,-1,-1,2159,0.965635
595,B2345/S0157,60,163,4,4,chaotic,2,0.5,chaotic,-1,-1,2134,0.965695
596,B038/S4567,265,240,3,4,chaotic,0,0.2,chaotic,-1,-1,2905,0.855222
596,B038/S4567,265,240,3,4,chaotic,1,0.35,chaotic,-1,-1,2889,0.858998
596,B038/S4567,265,240,3,4,chaotic,2,0.5,chaotic,-1,-1,2863,0.869457
597,B0123478/S023456,415,125,7,6,oscillating,0,0.2,oscillating,2,11,4090,-1
597,B0123478/S023456,415,125,7,6,oscillating,1,0.35,oscillating,2,19,4094,-1
597,B0123478/S023456,415,125,7,6,oscillating,2,0.5,oscillating,4,35,3548,-1
598,B0248/S1457,277,178,4,4,chaotic,0,0.2,chaotic,-1,-1,1905,0.967422
598,B0248/S1457,277,178,4,4,chaotic,1,0.35,chaotic,-1,-1,1909,0.967387
598,B0248/S1457,277,178,4,4,chaotic,2,0.5,chaotic,-1,-1,1942,0.966685
599,B123/S02345,14,61,3,5,oscillating,0,0.2,oscillating,12,29,2277,-1
599,B123/S02345,14,61,3,5,oscillating,1,0.35,oscillating,12,29,2273,-1
599,B123/S02345,14,61,3,5,oscillating,2,0.5,oscillating,6,21,2295,-1
600,B04/S257,17,164,2,3,chaotic,0,0.2,chaotic,-1,-1,1094,0.800718
600,B04/S257,17,164,2,3,chaotic,1,0.35,chaotic,-1,-1,1165,0.800146
600,B04/S257,17,164,2,3,chaotic,2,0.5,chaotic,-1,-1,1139,0.798326
601,B0247/S3457,149,184,4,4,chaotic,0,0.2,chaotic,-1,-1,2424,0.950862
601,B0247/S3457,149,184,4,4,chaotic,1,0.35,chaotic,-1,-1,2455,0.951568
601,B0247/S3457,149,184,4,4,chaotic,2,0.5,chaotic,-1,-1,2427,0.951318
602,B2456/S345,116,56,4,3,chaotic,0,0.2,chaotic,-1,-1,2252,0.912672
602,B2456/S345,116,56,4,3,chaotic,1,0.35,chaotic,-1,-1,2268,0.912694
602,B2456/S345,116,56,4,3,chaotic,2,0.5,chaotic,-1,-1,2234,0.913999
603,B0134568/S01245,379,55,7,5,chaotic,0,0.2,chaotic,-1,-1,2334,0.902653
603,B0134568/S01245,379,55,7,5,chaotic,1,0.35,chaotic,-1,-1,2407,0.901861
603,B0134568/S01245,379,55,7,5,chaotic,2,0.5,chaotic,-1,-1,2410,0.896964
604,B045678/S236,497,76,6,3,chaotic,0,0.2,chaotic,-1,-1,2159,0.95409
604,B045678/S236,497,76,6,3,chaotic,1,0.35,chaotic,-1,-1,2273,0.953087
604,B045678/S236,497,76,6,3,chaotic,2,0.5,chaotic,-1,-1,2170,0.953167
605,B247/S1278,148,390,3,4,chaotic,0,0.2,chaotic,-1,-1,1466,0.899952
605,B247/S1278,148,390,3,4,chaotic,1,0.35,chaotic,-1,-1,1490,0.899121
605,B247/S1278,148,390,3,4,chaotic,2,0.5,chaotic,-1,-1,1524,0.900524
606,B0137/S03456,139,121,4,5,oscillating,0,0.2,oscillating,240,351,2447,-1
606,B0137/S03456,139,121,4,5,oscillating,1,0.35,oscillating,12,118,2448,-1
606,B0137/S03456,139,121,4,5,oscillating,2,0.5,oscillating,12,163,2425,-1
607,B1346/S1257,90,166,4,4,chaotic,0,0.2,chaotic,-1,-1,2072,0.966142
607,B1346/S1257,90,166,4,4,chaotic,1,0.35,chaotic,-1,-1,2095,0.966082
607,B1346/S1257,90,166,4,4,chaotic,2,0.5,chaotic,-1,-1,2075,0.966379
608,B0467/S02345678,209,509,4,8,stable,0,0.2,stable,1,18,4000,-1
608,B0467/S02345678,209,509,4,8,stable,1,0.35,stable,1,13,3994,-1
608,B0467/S02345678,209,509,4,8,stable,2,0.5,stable,1,9,3980,-1
609,B13468/S0123678,346,463,5,7,chaotic,0,0.2,chaotic,-1,-1,2268,0.943823
609,B13468/S0123678,346,463,5,7,chaotic,1,0.35,chaotic,-1,-1,2306,0.942936
609,B13468/S0123678,346,463,5,7,chaotic,2,0.5,chaotic,-1,-1,2338,0.942636
610,B01568/S23567,355,236,5,5,chaotic,0,0.2,chaotic,-1,-1,2656,0.867909
610,B01568/S23567,355,236,5,5,chaotic,1,0.35,chaotic,-1,-1,2649,0.864472
610,B01568/S23567,355,236,5,5,chaotic,2,0.5,chaotic,-1,-1,2647,0.865111
611,B12467/S0123568,214,367,5,7,chaotic,0,0.2,chaotic,-1,-1,2671,0.901766
611,B12467/S0123568,214,367,5,7,chaotic,1,0.35,chaotic,-1,-1,2653,0.904495
611,B12467/S0123568,214,367,5,7,chaotic,2,0.5,chaotic,-1,-1,2681,0.901344
612,B023467/S03568,221,361,6,5,chaotic,0,0.2,chaotic,-1,-1,2728,0.88834
612,B023467/S03568,221,361,6,5,chaotic,1,0.35,chaotic,-1,-1,2668,0.88611
612,B023467/S03568,221,361,6,5,chaotic,2,0.5,chaotic,-1,-1,2714,0.887486
613,B1278/S235678,390,492,4,6,chaotic,0,0.2,chaotic,-1,-1,1799,0.954684
613,B1278/S235678,390,492,4,6,chaotic,1,0.35,chaotic,-1,-1,1724,0.953858
613,B1278/S235678,390,492,4,6,chaotic,2,0.5,chaotic,-1,-1,1807,0.954929
614,B3467/S025678,216,485,4,6,stable,0,0.2,stable,1,30,4062,-1
614,B3467/S025678,216,485,4,6,stable,1,0.35,stable,1,20,4015,-1
614,B3467/S025678,216,485,4,6,stable,2,0.5,stable,1,15,4034,-1
615,B034567/S1345,249,58,6,4,chaotic,0,0.2,chaotic,-1,-1,2275,0.86721
615,B034567/S1345,249,58,6,4,chaotic,1,0.35,chaotic,-1,-1,2451,0.866728
615,B034567/S1345,249,58,6,4,chaotic,2,0.5,chaotic,-1,-1,2396,0.865926
616,B135/S1278,42,390,3,4,chaotic,0,0.2,chaotic,-1,-1,1640,0.91564
616,B135/S1278,42,390,3,4,chaotic,1,0.35,chaotic,-1,-1,1693,0.915091
616,B135/S1278,42,390,3,4,chaotic,2,0.5,chaotic,-1,-1,1633,0.918586
617,B03458/S0134678,313,475,5,7,oscillating,0,0.2,oscillating,2,104,3985,-1
617,B03458/S0134678,313,475,5,7,oscillating,1,0.35,oscillating,2,102,3973,-1
617,B03458/S0134678,313,475,5,7,oscillating,2,0.5,oscillating,2,117,3963,-1
618,B568/S0235678,352,493,3,7,oscillating,0,0.2,oscillating,2,10,324,-1
618,B568/S0235678,352,493,3,7,oscillating,1,0.35,oscillating,2,22,368,-1
618,B568/S0235678,352,493,3,7,oscillating,2,0.5,oscillating,28,69,1255,-1
619,B25678/S0267,484,197,5,4,chaotic,0,0.2,chaotic,-1,-1,1395,0.901852
619,B25678/S0267,484,197,5,4,chaotic,1,0.35,chaotic,-1,-1,1433,0.901188
619,B25678/S0267,484,197,5,4,chaotic,2,0.5,chaotic,-1,-1,1391,0.900612
620,B123456/S1234678,126,478,6,7,oscillating,0,0.2,oscillating,2,23,3837,-1
620,B123456/S1234678,126,478,6,7,oscillating,1,0.35,oscillating,2,14,3934,-1
620,B123456/S1234678,126,478,6,7,oscillating,2,0.5,oscillating,2,32,3866,-1
621,B024567/S1457,245,178,6,4,chaotic,0,0.2,chaotic,-1,-1,2731,0.874132
621,B024567/S1457,245,178,6,4,chaotic,1,0.35,chaotic,-1,-1,2740,0.87183
621,B024567/S1457,245,178,6,4,chaotic,2,0.5,chaotic,-1,-1,2761,0.873817
622,B258/S1367,292,202,3,4,chaotic,0,0.2,chaotic,-1,-1,1516,0.922575
622,B258/S1367,292,202,3,4,chaotic,1,0.35,chaotic,-1,-1,1494,0.921577
622,B258/S1367,292,202,3,4,chaotic,2,0.5,chaotic,-1,-1,1504,0.920999
623,B1567/S245,226,52,4,3,chaotic,0,0.2,chaotic,-1,-1,1488,0.90595
623,B1567/S245,226,52,4,3,chaotic,1,0.35,chaotic,-1,-1,1441,0.903008
623,B1567/S245,226,52,4,3,chaotic,2,0.5,chaotic,-1,-1,1524,0.904241
624,B15/S023467,34,221,2,6,chaotic,0,0.2,chaotic,-1,-1,1927,0.967032
624,B15/S023467,34,221,2,6,chaotic,1,0.35,chaotic,-1,-1,2031,0.967172
624,B15/S023467,34,221,2,6,chaotic,2,0.5,chaotic,-1,-1,1932,0.966875
625,B01468/S1345678,339,506,5,7,stable,0,0.2,stable,1,9,3962,-1
625,B01468/S1345678,339,506,5,7,stable,1,0.35,stable,1,9,3944,-1
625,B01468/S1345678,339,506,5,7,stable,2,0.5,stable,1,8,3926,-1
626,B023478/S12468,413,342,6,5,chaotic,0,0.2,chaotic,-1,-1,2247,0.94291
626,B023478/S12468,413,342,6,5,chaotic,1,0.35,chaotic,-1,-1,2312,0.943548
626,B023478/S12468,413,342,6,5,chaotic,2,0.5,chaotic,-1,-1,2311,0.945184
627,B025678/S0378,485,393,6,4,chaotic,0,0.2,chaotic,-1,-1,1488,0.915781
627,B025678/S0378,485,393,6,4,chaotic,1,0.35,chaotic,-1,-1,1518,0.914869
627,B025678/S0378,485,393,6,4,chaotic,2,0.5,chaotic,-1,-1,1509,0.915657
628,B0135/S068,43,321,4,3,chaotic,0,0.2,chaotic,-1,-1,1457,0.910977
628,B0135/S068,43,321,4,3,chaotic,1,0.35,chaotic,-1,-1,1569,0.911897
628,B0135/S068,43,321,4,3,chaotic,2,0.5,chaotic,-1,-1,1495,0.911286
629,B01237/S0247,143,149,5,4,chaotic,0,0.2,chaotic,-1,-1,1944,0.91755
629,B01237/S0247,143,149,5,4,chaotic,1,0.35,chaotic,-1,-1,1895,0.921804
629,B01237/S0247,143,149,5,4,chaotic,2,0.5,chaotic,-1,-1,1972,0.917808
630,B03456/S038,121,265,5,3,chaotic,0,0.2,chaotic,-1,-1,1943,0.95029
630,B03456/S038,121,265,5,3,chaotic,1,0.35,chaotic,-1,-1,1906,0.948948
630,B03456/S038,121,265,5,3,chaotic,2,0.5,chaotic,-1,-1,1934,0.950374
631,B1246/S1234567,86,254,4,7,oscillating,0,0.2,oscillating,2,12,3149,-1
631,B1246/S1234567,86,254,4,7,oscillating,1,0.35,oscillating,2,12,3186,-1
631,B1246/S1234567,86,254,4,7,oscillating,2,0.5,oscillating,2,10,3162,-1
632,B057/S0124678,161,471,3,7,oscillating,0,0.2,oscillating,2,15,974,-1
632,B057/S0124678,161,471,3,7,oscillating,1,0.35,oscillating,2,14,959,-1
632,B057/S0124678,161,471,3,7,oscillating,2,0.5,oscillating,2,15,930,-1
633,B4578/S23467,432,220,4,5,chaotic,0,0.2,oscillating,6,473,325,-1
633,B4578/S23467,432,220,4,5,chaotic,1,0.35,chaotic,-1,-1,2711,0.887119
633,B4578/S23467,432,220,4,5,chaotic,2,0.5,chaotic,-1,-1,2723,0.8886
634,B1235678/S02345,494,61,7,5,chaotic,0,0.2,chaotic,-1,-1,2502,0.8628
634,B1235678/S02345,494,61,7,5,chaotic,1,0.35,chaotic,-1,-1,2388,0.862041
634,B1235678/S02345,494,61,7,5,chaotic,2,0.5,chaotic,-1,-1,2423,0.862201
635,B013468/S14567,347,242,6,5,chaotic,0,0.2,chaotic,-1,-1,3040,0.788183
635,B013468/S14567,347,242,6,5,chaotic,1,0.35,chaotic,-1,-1,3033,0.784927
635,B013468/S14567,347,242,6,5,chaotic,2,0.5,chaotic,-1,-1,3039,0.78575
636,B023567/S123467,237,222,6,6,chaotic,0,0.2,chaotic,-1,-1,2917,0.819867
636,B023567/S123467,237,222,6,6,chaotic,1,0.35,chaotic,-1,-1,2934,0.820094
636,B023567/S123467,237,222,6,6,chaotic,2,0.5,chaotic,-1,-1,3017,0.820199
637,B12348/S2346,286,92,5,4,chaotic,0,0.2,chaotic,-1,-1,2282,0.879495
637,B12348/S2346,286,92,5,4,chaotic,1,0.35,chaotic,-1,-1,2361,0.873755
637,B12348/S2346,286,92,5,4,chaotic,2,0.5,chaotic,-1,-1,2352,0.878959
638,B12368/S01358,334,299,5,5,chaotic,0,0.2,chaotic,-1,-1,2057,0.945117
638,B12368/S01358,334,299,5,5,chaotic,1,0.35,chaotic,-1,-1,1968,0.943812
638,B12368/S01358,334,299,5,5,chaotic,2,0.5,chaotic,-1,-1,1991,0.942705
639,B0278/S248,389,276,4,3,chaotic,0,0.2,chaotic,-1,-1,1475,0.895199
639,B0278/S248,389,276,4,3,chaotic,1,0.35,chaotic,-1,-1,1396,0.894884
639,B0278/S248,389,276,4,3,chaotic,2,0.5,chaotic,-1,-1,1400,0.895402
640,B1256/S012468,102,343,4,6,chaotic,0,0.2,chaotic,-1,-1,2050,0.968002
640,B1256/S012468,102,343,4,6,chaotic,1,0.35,chaotic,-1,-1,2082,0.968122
640,B1256/S012468,102,343,4,6,chaotic,2,0.5,chaotic,-1,-1,2070,0.968203
641,B1348/S02367,282,205,4,5,chaotic,0,0.2,chaotic,-1,-1,2046,0.953584
641,B1348/S02367,282,205,4,5,chaotic,1,0.35,chaotic,-1,-1,2032,0.954835
641,B1348/S02367,282,205,4,5,chaotic,2,0.5,chaotic,-1,-1,2041,0.954098
642,B1234578/S023478,446,413,7,6,chaotic,0,0.2,chaotic,-1,-1,2686,0.879622
642,B1234578/S023478,446,413,7,6,chaotic,1,0.35,chaotic,-1,-1,2620,0.87873
642,B1234578/S023478,446,413,7,6,chaotic,2,0.5,chaotic,-1,-1,2626,0.875331
643,B025678/S37,485,136,6,2,chaotic,0,0.2,chaotic,-1,-1,1452,0.909109
643,B025678/S37,485,136,6,2,chaotic,1,0.35,chaotic,-1,-1,1375,0.908541
643,B025678/S37,485,136,6,2,chaotic,2,0.5,chaotic,-1,-1,1443,0.908322
644,B125678/S03567,486,233,6,5,chaotic,0,0.2,chaotic,-1,-1,2899,0.811287
644,B125678/S03567,486,233,6,5,chaotic,1,0.35,chaotic,-1,-1,2870,0.816993
644,B125678/S03567,486,233,6,5,chaotic,2,0.5,chaotic,-1,-1,2894,0.813552
645,B4578/S0123457,432,191,4,7,chaotic,0,0.2,chaotic,-1,-1,2665,0.885236
645,B4578/S0123457,432,191,4,7,chaotic,1,0.35,chaotic,-1,-1,2670,0.882155
645,B4578/S0123457,432,191,4,7,chaotic,2,0.5,chaotic,-1,-1,2688,0.883258
646,B034578/S123567,441,238,6,6,chaotic,0,0.2,chaotic,-1,-1,3020,0.781795
646,B034578/S123567,441,238,6,6,chaotic,1,0.35,chaotic,-1,-1,2960,0.779591
646,B034578/S123567,441,238,6,6,chaotic,2,0.5,chaotic,-1,-1,2967,0.781968
647,B0156/S0246,99,85,4,4,chaotic,0,0.2,chaotic,-1,-1,1507,0.91313
647,B0156/S0246,99,85,4,4,chaotic,1,0.35,chaotic,-1,-1,1579,0.914803
647,B0156/S0246,99,85,4,4,chaotic,2,0.5,chaotic,-1,-1,1572,0.913745
648,B01358/S457,299,176,5,3,chaotic,0,0.2,chaotic,-1,-1,2064,0.966133
648,B01358/S457,299,176,5,3,chaotic,1,0.35,chaotic,-1,-1,2014,0.966601
648,B01358/S457,299,176,5,3,chaotic,2,0.5,chaotic,-1,-1,2099,0.965963
649,B0156/S246,99,84,4,3,chaotic,0,0.2,chaotic,-1,-1,1600,0.908623
649,B0156/S246,99,84,4,3,chaotic,1,0.35,chaotic,-1,-1,1512,0.908169
649,B0156/S246,99,84,4,3,chaotic,2,0.5,chaotic,-1,-1,1556,0.908619
650,B0123578/S013567,431,235,7,6,chaotic,0,0.2,chaotic,-1,-1,2801,0.834049
650,B0123578/S013567,431,235,7,6,chaotic,1,0.35,chaotic,-1,-1,2825,0.83722
650,B0123578/S013567,431,235,7,6,chaotic,2,0.5,chaotic,-1,-1,2848,0.834782
651,B0178/S58,387,288,4,2,chaotic,0,0.2,chaotic,-1,-1,1549,0.82516
651,B0178/S58,387,288,4,2,chaotic,1,0.35,chaotic,-1,-1,1505,0.825008
651,B0178/S58,387,288,4,2,chaotic,2,0.5,chaotic,-1,-1,1491,0.827704
652,B2347/S15,156,34,4,2,chaotic,0,0.2,chaotic,-1,-1,1943,0.954778
652,B2347/S15,156,34,4,2,chaotic,1,0.35,chaotic,-1,-1,1962,0.952782
652,B2347/S15,156,34,4,2,chaotic,2,0.5,chaotic,-1,-1,1934,0.95437
653,B0156/S0358,99,297,4,4,chaotic,0,0.2,chaotic,-1,-1,1500,0.899755
653,B0156/S0358,99,297,4,4,chaotic,1,0.35,chaotic,-1,-1,1590,0.899354
653,B0156/S0358,99,297,4,4,chaotic,2,0.5,chaotic,-1,-1,1568,0.902139
654,B167/S02467,194,213,3,5,chaotic,0,0.2,chaotic,-1,-1,1223,0.844321
654,B167/S02467,194,213,3,5,chaotic,1,0.35,chaotic,-1,-1,1200,0.846681
654,B167/S02467,194,213,3,5,chaotic,2,0.5,chaotic,-1,-1,1274,0.845644
655,B0124678/S234567,471,252,7,6,chaotic,0,0.2,chaotic,-1,-1,2666,0.901919
655,B0124678/S234567,471,252,7,6,chaotic,1,0.35,chaotic,-1,-1,2704,0.894384
655,B0124678/S234567,471,252,7,6,chaotic,2,0.5,chaotic,-1,-1,2654,0.899234
656,B0146/S0348,83,281,4,4,chaotic,0,0.2,chaotic,-1,-1,1853,0.953008
656,B0146/S0348,83,281,4,4,chaotic,1,0.35,chaotic,-1,-1,1856,0.951729
656,B0146/S0348,83,281,4,4,chaotic,2,0.5,chaotic,-1,-1,1789,0.95221
657,B0158/S1478,291,402,4,4,chaotic,0,0.2,chaotic,-1,-1,1361,0.870957
657,B0158/S1478,291,402,4,4,chaotic,1,0.35,chaotic,-1,-1,1317,0.871646
657,B0158/S1478,291,402,4,4,chaotic,2,0.5,chaotic,-1,-1,1372,0.8715
658,B2468/S0123457,340,191,4,7,chaotic,0,0.2,chaotic,-1,-1,2666,0.906215
658,B2468/S0123457,340,191,4,7,chaotic,1,0.35,chaotic,-1,-1,2670,0.904833
658,B2468/S0123457,340,191,4,7,chaotic,2,0.5,chaotic,-1,-1,2649,0.905459
659,B23578/S2357,428,172,5,4,chaotic,0,0.2,chaotic,-1,-1,2275,0.958364
659,B23578/S2357,428,172,5,4,chaotic,1,0.35,chaotic,-1,-1,2251,0.957979
659,B23578/S2357,428,172,5,4,chaotic,2,0.5,chaotic,-1,-1,2301,0.958267
660,B127/S01345678,134,507,3,8,oscillating,0,0.2,oscillating,6,24,3082,-1
660,B127/S01345678,134,507,3,8,oscillating,1,0.35,oscillating,4,23,2846,-1
660,B127/S01345678,134,507,3,8,oscillating,2,0.5,oscillating,12,27,2679,-1
661,B1278/S123678,390,462,4,6,oscillating,0,0.2,oscillating,12,55,1769,-1
661,B1278/S123678,390,462,4,6,oscillating,1,0.35,oscillating,12,60,1771,-1
661,B1278/S123678,390,462,4,6,oscillating,2,0.5,oscillating,12,65,1770,-1
662,B02358/S4,301,16,5,1,chaotic,0,0.2,chaotic,-1,-1,1879,0.958334
662,B02358/S4,301,16,5,1,chaotic,1,0.35,chaotic,-1,-1,1836,0.957341
662,B02358/S4,301,16,5,1,chaotic,2,0.5,chaotic,-1,-1,1811,0.958255
663,B0578/S0123,417,15,4,4,oscillating,0,0.2,oscillating,6,15,1090,-1
663,B0578/S0123,417,15,4,4,oscillating,1,0.35,oscillating,12,24,1103,-1
663,B0578/S0123,417,15,4,4,oscillating,2,0.5,oscillating,12,30,1094,-1
664,B8/S1467,256,210,1,4,stable,0,0.2,stable,1,5,92,-1
664,B8/S1467,256,210,1,4,stable,1,0.35,stable,1,4,96,-1
664,B8/S1467,256,210,1,4,stable,2,0.5,stable,1,6,88,-1
665,B0125678/S024568,487,373,7,6,chaotic,0,0.2,chaotic,-1,-1,2911,0.795611
665,B0125678/S024568,487,373,7,6,chaotic,1,0.35,chaotic,-1,-1,2946,0.800603
665,B0125678/S024568,487,373,7,6,chaotic,2,0.5,chaotic,-1,-1,2993,0.797716
666,B013568/S1234567,363,254,6,7,oscillating,0,0.2,oscillating,312,359,3032,-1
666,B013568/S1234567,363,254,6,7,oscillating,1,0.35,oscillating,72,124,3061,-1
666,B013568/S1234567,363,254,6,7,oscillating,2,0.5,chaotic,-1,-1,3021,0.803488
667,B027/S013468,133,347,3,6,chaotic,0,0.2,chaotic,-1,-1,1622,0.938973
667,B027/S013468,133,347,3,6,chaotic,1,0.35,chaotic,-1,-1,1631,0.939558
667,B027/S013468,133,347,3,6,chaotic,2,0.5,chaotic,-1,-1,1646,0.940352
668,B4568/S125,368,38,4,3,oscillating,0,0.2,oscillating,4,19,350,-1
668,B4568/S125,368,38,4,3,oscillating,1,0.35,oscillating,4,22,263,-1
668,B4568/S125,368,38,4,3,oscillating,2,0.5,oscillating,2,34,261,-1
669,B1245/S01467,54,211,4,5,chaotic,0,0.2,chaotic,-1,-1,2194,0.96547
669,B1245/S01467,54,211,4,5,chaotic,1,0.35,chaotic,-1,-1,2189,0.96533
669,B1245/S01467,54,211,4,5,chaotic,2,0.5,chaotic,-1,-1,2176,0.965162
670,B124567/S0248,246,277,6,4,chaotic,0,0.2,chaotic,-1,-1,2248,0.955617
670,B124567/S0248,246,277,6,4,chaotic,1,0.35,chaotic,-1,-1,2176,0.9558
670,B124567/S0248,246,277,6,4,chaotic,2,0.5,chaotic,-1,-1,2172,0.955165
671,B2378/S0136,396,75,4,4,chaotic,0,0.2,chaotic,-1,-1,1756,0.937304
671,B2378/S0136,396,75,4,4,chaotic,1,0.35,chaotic,-1,-1,1778,0.937343
671,B2378/S0136,396,75,4,4,chaotic,2,0.5,chaotic,-1,-1,1805,0.937294
672,B024567/S0367,245,201,6,4,chaotic,0,0.2,chaotic,-1,-1,2501,0.939337
672,B024567/S0367,245,201,6,4,chaotic,1,0.35,chaotic,-1,-1,2512,0.939358
672,B024567/S0367,245,201,6,4,chaotic,2,0.5,chaotic,-1,-1,2504,0.939721
673,B34678/S0456,472,113,5,4,chaotic,0,0.2,chaotic,-1,-1,2657,0.887824
673,B34678/S0456,472,113,5,4,chaotic,1,0.35,chaotic,-1,-1,2631,0.886589
673,B34678/S0456,472,113,5,4,chaotic,2,0.5,chaotic,-1,-1,2597,0.887383
674,B023478/S0468,413,337,6,4,chaotic,0,0.2,chaotic,-1,-1,2116,0.965491
674,B023478/S0468,413,337,6,4,chaotic,1,0.35,chaotic,-1,-1,2132,0.965333
674,B023478/S0468,413,337,6,4,chaotic,2,0.5,chaotic,-1,-1,2062,0.965241
675,B01258/S23567,295,236,5,5,chaotic,0,0.2,chaotic,-1,-1,2457,0.936336
675,B01258/S23567,295,236,5,5,chaotic,1,0.35,chaotic,-1,-1,2424,0.935133
675,B01258/S23567,295,236,5,5,chaotic,2,0.5,chaotic,-1,-1,2424,0.934759
676,B0268/S02568,325,357,4,5,chaotic,0,0.2,chaotic,-1,-1,1455,0.901375
676,B0268/S02568,325,357,4,5,chaotic,1,0.35,chaotic,-1,-1,1483,0.898992
676,B0268/S02568,325,357,4,5,chaotic,2,0.5,chaotic,-1,-1,1467,0.899445
677,B/S34678,0,472,0,5,stable,0,0.2,stable,1,6,14,-1
677,B/S34678,0,472,0,5,stable,1,0.35,stable,1,7,36,-1
677,B/S34678,0,472,0,5,stable,2,0.5,stable,1,9,51,-1
678,B258/S045678,292,497,3,6,stable,0,0.2,stable,1,30,3851,-1
678,B258/S045678,292,497,3,6,stable,1,0.35,stable,1,33,3861,-1
678,B258/S045678,292,497,3,6,stable,2,0.5,stable,1,21,3839,-1
679,B0267/S25,197,36,4,2,chaotic,0,0.2,chaotic,-1,-1,1369,0.885377
679,B0267/S25,197,36,4,2,chaotic,1,0.35,chaotic,-1,-1,1382,0.886213
679,B0267/S25,197,36,4,2,chaotic,2,0.5,chaotic,-1,-1,1410,0.885603
680,B35/S7,40,128,2,1,stable,0,0.2,stable,1,9,0,-1
680,B35/S7,40,128,2,1,stable,1,0.35,oscillating,2,12,6,-1
680,B35/S7,40,128,2,1,stable,2,0.5,stable,1,10,0,-1
681,B0123467/S025,223,37,7,3,oscillating,0,0.2,oscillating,2,17,4003,-1
681,B0123467/S025,223,37,7,3,oscillating,1,0.35,oscillating,2,59,4016,-1
681,B0123467/S025,223,37,7,3,oscillating,2,0.5,complex,-1,-1,396,0.114685
682,B23458/S148,316,274,5,3,chaotic,0,0.2,chaotic,-1,-1,2026,0.944774
682,B23458/S148,316,274,5,3,chaotic,1,0.35,chaotic,-1,-1,1995,0.94495
682,B23458/S148,316,274,5,3,chaotic,2,0.5,chaotic,-1,-1,2057,0.942709
683,B12456/S23467,118,220,5,5,chaotic,0,0.2,chaotic,-1,-1,2819,0.859082
683,B12456/S23467,118,220,5,5,chaotic,1,0.35,chaotic,-1,-1,2851,0.857831
683,B12456/S23467,118,220,5,5,chaotic,2,0.5,chaotic,-1,-1,2831,0.85793
684,B016/S023678,67,461,3,6,chaotic,0,0.2,chaotic,-1,-1,1460,0.900324
684,B016/S023678,67,461,3,6,chaotic,1,0.35,chaotic,-1,-1,1413,0.899495
684,B016/S023678,67,461,3,6,chaotic,2,0.5,chaotic,-1,-1,1462,0.898785
685,B0158/S01234,291,31,4,5,chaotic,0,0.2,chaotic,-1,-1,1777,0.954022
685,B0158/S01234,291,31,4,5,chaotic,1,0.35,chaotic,-1,-1,1834,0.959107
685,B0158/S01234,291,31,4,5,chaotic,2,0.5,chaotic,-1,-1,1718,0.954203
686,B13478/S2357,410,172,5,4,chaotic,0,0.2,chaotic,-1,-1,2243,0.956595
686,B13478/S2357,410,172,5,4,chaotic,1,0.35,chaotic,-1,-1,2301,0.956159
686,B13478/S2357,410,172,5,4,chaotic,2,0.5,chaotic,-1,-1,2209,0.956945
687,B278/S13578,388,426,3,5,chaotic,0,0.2,chaotic,-1,-1,1425,0.897611
687,B278/S13578,388,426,3,5,chaotic,1,0.35,chaotic,-1,-1,1381,0.895412
687,B278/S13578,388,426,3,5,chaotic,2,0.5,chaotic,-1,-1,1397,0.897446
688,B4568/S0124,368,23,4,4,oscillating,0,0.2,oscillating,2,38,530,-1
688,B4568/S0124,368,23,4,4,oscillating,1,0.35,oscillating,4,59,530,-1
688,B4568/S0124,368,23,4,4,oscillating,2,0.5,oscillating,4,46,543,-1
689,B14568/S05678,370,481,5,5,oscillating,0,0.2,oscillating,2,50,4039,-1
689,B14568/S05678,370,481,5,5,oscillating,1,0.35,oscillating,2,45,4050,-1
689,B14568/S05678,370,481,5,5,oscillating,2,0.5,stable,1,26,4044,-1
690,B123458/S012468,318,343,6,6,chaotic,0,0.2,chaotic,-1,-1,2516,0.905894
690,B123458/S012468,318,343,6,6,chaotic,1,0.35,chaotic,-1,-1,2500,0.906642
690,B123458/S012468,318,343,6,6,chaotic,2,0.5,chaotic,-1,-1,2509,0.90469
691,B0123578/S03456,431,121,7,5,oscillating,0,0.2,oscillating,4,99,4086,-1
691,B0123578/S03456,431,121,7,5,oscillating,1,0.35,oscillating,2,283,4075,-1
691,B0123578/S03456,431,121,7,5,oscillating,2,0.5,complex,-1,-1,228,0.076959
692,B0124/S0567,23,225,4,4,chaotic,0,0.2,chaotic,-1,-1,1857,0.95038
692,B0124/S0567,23,225,4,4,chaotic,1,0.35,chaotic,-1,-1,1894,0.951576
692,B0124/S0567,23,225,4,4,chaotic,2,0.5,chaotic,-1,-1,1942,0.950264
693,B01236/S02348,79,285,5,5,chaotic,0,0.2,chaotic,-1,-1,2228,0.895472
693,B01236/S02348,79,285,5,5,chaotic,1,0.35,chaotic,-1,-1,2083,0.893454
693,B01236/S02348,79,285,5,5,chaotic,2,0.5,chaotic,-1,-1,2105,0.895721
694,B0245/S015678,53,483,4,6,oscillating,0,0.2,oscillating,4,40,3624,-1
694,B0245/S015678,53,483,4,6,oscillating,1,0.35,oscillating,4,46,3613,-1
694,B0245/S015678,53,483,4,6,oscillating,2,0.5,oscillating,4,49,3656,-1
695,B34678/S3478,472,408,5,4,chaotic,0,0.2,chaotic,-1,-1,2309,0.954362
695,B34678/S3478,472,408,5,4,chaotic,1,0.35,chaotic,-1,-1,2284,0.956068
695,B34678/S3478,472,408,5,4,chaotic,2,0.5,chaotic,-1,-1,2246,0.955572
696,B23457/S12568,188,358,5,5,chaotic,0,0.2,chaotic,-1,-1,2573,0.915296
696,B23457/S12568,188,358,5,5,chaotic,1,0.35,chaotic,-1,-1,2552,0.916398
696,B23457/S12568,188,358,5,5,chaotic,2,0.5,chaotic,-1,-1,2609,0.913969
697,B135/S467,42,208,3,3,chaotic,0,0.2,chaotic,-1,-1,1676,0.944259
697,B135/S467,42,208,3,3,chaotic,1,0.35,chaotic,-1,-1,1642,0.94471
697,B135/S467,42,208,3,3,chaotic,2,0.5,chaotic,-1,-1,1650,0.944617
698,B01245678/S7,503,128,8,1,oscillating,0,0.2,oscillating,2,35,2037,-1
698,B01245678/S7,503,128,8,1,oscillating,1,0.35,oscillating,2,41,2047,-1
698,B01245678/S7,503,128,8,1,oscillating,2,0.5,oscillating,2,27,2044,-1
699,B1/S01248,2,279,1,5,oscillating,0,0.2,oscillating,2,18,1335,-1
699,B1/S01248,2,279,1,5,oscillating,1,0.35,oscillating,2,14,1349,-1
699,B1/S01248,2,279,1,5,oscillating,2,0.5,oscillating,6,19,1347,-1
700,B24568/S0234678,372,477,5,7,oscillating,0,0.2,oscillating,2,20,3998,-1
700,B24568/S0234678,372,477,5,7,oscillating,1,0.35,oscillating,2,19,3965,-1
700,B24568/S0234678,372,477,5,7,oscillating,2,0.5,oscillating,2,21,4004,-1
701,B01234568/S01368,383,331,8,5,chaotic,0,0.2,chaotic,-1,-1,2451,0.933827
701,B01234568/S01368,383,331,8,5,chaotic,1,0.35,chaotic,-1,-1,2421,0.93451
701,B01234568/S01368,383,331,8,5,chaotic,2,0.5,chaotic,-1,-1,2455,0.934058
702,B123456/S2356,126,108,6,4,chaotic,0,0.2,chaotic,-1,-1,2655,0.865113
702,B123456/S2356,126,108,6,4,chaotic,1,0.35,chaotic,-1,-1,2668,0.86528
702,B123456/S2356,126,108,6,4,chaotic,2,0.5,chaotic,-1,-1,2641,0.863829
703,B0458/S0567,305,225,4,4,chaotic,0,0.2,chaotic,-1,-1,1154,0.794241
703,B0458/S0567,305,225,4,4,chaotic,1,0.35,chaotic,-1,-1,1198,0.794257
703,B0458/S0567,305,225,4,4,chaotic,2,0.5,chaotic,-1,-1,1079,0.794143
704,B012368/S145678,335,498,6,6,stable,0,0.2,stable,1,9,3943,-1
704,B012368/S145678,335,498,6,6,stable,1,0.35,stable,1,11,3912,-1
704,B012368/S145678,335,498,6,6,stable,2,0.5,stable,1,10,3860,-1
705,B4568/S01678,368,451,4,5,stable,0,0.2,stable,1,7,419,-1
705,B4568/S01678,368,451,4,5,stable,1,0.35,stable,1,12,417,-1
705,B4568/S01678,368,451,4,5,stable,2,0.5,stable,1,18,334,-1
706,B02456/S02345678,117,509,5,8,stable,0,0.2,stable,1,5,3852,-1
706,B02456/S02345678,117,509,5,8,stable,1,0.35,stable,1,5,3852,-1
706,B02456/S02345678,117,509,5,8,stable,2,0.5,stable,1,4,3830,-1
707,B0145/S2458,51,308,4,4,chaotic,0,0.2,chaotic,-1,-1,2199,0.953455
707,B0145/S2458,51,308,4,4,chaotic,1,0.35,chaotic,-1,-1,2187,0.953536
707,B0145/S2458,51,308,4,4,chaotic,2,0.5,chaotic,-1,-1,2192,0.954232
708,B034568/S034568,377,377,6,6,chaotic,0,0.2,chaotic,-1,-1,3033,0.763724
708,B034568/S034568,377,377,6,6,chaotic,1,0.35,chaotic,-1,-1,2979,0.765379
708,B034568/S034568,377,377,6,6,chaotic,2,0.5,chaotic,-1,-1,3027,0.76348
709,B0257/S0348,165,281,4,4,chaotic,0,0.2,chaotic,-1,-1,1717,0.951825
709,B0257/S0348,165,281,4,4,chaotic,1,0.35,chaotic,-1,-1,1714,0.95186
709,B0257/S0348,165,281,4,4,chaotic,2,0.5,chaotic,-1,-1,1728,0.950721
710,B1248/S034568,278,377,4,6,oscillating,0,0.2,oscillating,28,58,2613,-1
710,B1248/S034568,278,377,4,6,oscillating,1,0.35,oscillating,2,42,2611,-1
710,B1248/S034568,278,377,4,6,oscillating,2,0.5,oscillating,42,60,2625,-1
711,B148/S37,274,136,3,2,chaotic,0,0.2,chaotic,-1,-1,1324,0.861677
711,B148/S37,274,136,3,2,chaotic,1,0.35,chaotic,-1,-1,1327,0.859856
711,B148/S37,274,136,3,2,chaotic,2,0.5,chaotic,-1,-1,1299,0.86064
712,B345678/S1234568,504,382,6,7,chaotic,0,0.2,chaotic,-1,-1,3229,0.694347
712,B345678/S1234568,504,382,6,7,chaotic,1,0.35,chaotic,-1,-1,3197,0.693318
712,B345678/S1234568,504,382,6,7,chaotic,2,0.5,chaotic,-1,-1,3178,0.697894
713,B12357/S13467,174,218,5,5,chaotic,0,0.2,chaotic,-1,-1,2481,0.930368
713,B12357/S13467,174,218,5,5,chaotic,1,0.35,chaotic,-1,-1,2528,0.92872
713,B12357/S13467,174,218,5,5,chaotic,2,0.5,chaotic,-1,-1,2478,0.930657
714,B0145678/S348,499,280,7,3,chaotic,0,0.2,chaotic,-1,-1,2027,0.953298
714,B0145678/S348,499,280,7,3,chaotic,1,0.35,chaotic,-1,-1,2104,0.953018
714,B0145678/S348,499,280,7,3,chaotic,2,0.5,chaotic,-1,-1,2058,0.953076
715,B0268/S1478,325,402,4,4,chaotic,0,0.2,chaotic,-1,-1,1442,0.883755
715,B0268/S1478,325,402,4,4,chaotic,1,0.35,chaotic,-1,-1,1404,0.883053
715,B0268/S1478,325,402,4,4,chaotic,2,0.5,chaotic,-1,-1,1345,0.883538
716,B0234678/S013568,477,363,7,6,chaotic,0,0.2,chaotic,-1,-1,2755,0.874408
716,B0234678/S013568,477,363,7,6,chaotic,1,0.35,chaotic,-1,-1,2815,0.872912
716,B0234678/S013568,477,363,7,6,chaotic,2,0.5,chaotic,-1,-1,2755,0.872888
717,B2348/S134,284,26,4,3,chaotic,0,0.2,chaotic,-1,-1,1961,0.919767
717,B2348/S134,284,26,4,3,chaotic,1,0.35,chaotic,-1,-1,1935,0.919324
717,B2348/S134,284,26,4,3,chaotic,2,0.5,chaotic,-1,-1,1954,0.918432
718,B0347/S124578,153,438,4,6,chaotic,0,0.2,chaotic,-1,-1,2370,0.951879
718,B0347/S124578,153,438,4,6,chaotic,1,0.35,chaotic,-1,-1,2430,0.952019
718,B0347/S124578,153,438,4,6,chaotic,2,0.5,chaotic,-1,-1,2343,0.952993
719,B01238/S147,271,146,5,3,chaotic,0,0.2,chaotic,-1,-1,1913,0.907311
719,B01238/S147,271,146,5,3,chaotic,1,0.35,chaotic,-1,-1,1983,0.906323
719,B01238/S147,271,146,5,3,chaotic,2,0.5,chaotic,-1,-1,2174,0.904779
720,B125678/S0134578,486,443,6,7,chaotic,0,0.2,chaotic,-1,-1,3061,0.788139
720,B125678/S0134578,486,443,6,7,chaotic,1,0.35,chaotic,-1,-1,2994,0.786235
720,B125678/S0134578,486,443,6,7,chaotic,2,0.5,chaotic,-1,-1,2992,0.785904
721,B04568/S24568,369,372,5,5,chaotic,0,0.2,chaotic,-1,-1,2899,0.819294
721,B04568/S24568,369,372,5,5,chaotic,1,0.35,chaotic,-1,-1,2922,0.820718
721,B04568/S24568,369,372,5,5,chaotic,2,0.5,chaotic,-1,-1,2914,0.819827
722,B234678/S03468,476,345,6,5,chaotic,0,0.2,chaotic,-1,-1,2528,0.9222
722,B234678/S03468,476,345,6,5,chaotic,1,0.35,chaotic,-1,-1,2556,0.922672
722,B234678/S03468,476,345,6,5,chaotic,2,0.5,chaotic,-1,-1,2587,0.922896
723,B23/S12368,12,334,2,5,chaotic,0,0.2,chaotic,-1,-1,1844,0.933909
723,B23/S12368,12,334,2,5,chaotic,1,0.35,chaotic,-1,-1,1932,0.934724
723,B23/S12368,12,334,2,5,chaotic,2,0.5,chaotic,-1,-1,1895,0.935106
724,B1245678/S01278,502,391,7,5,chaotic,0,0.2,chaotic,-1,-1,2018,0.970321
724,B1245678/S01278,502,391,7,5,chaotic,1,0.35,chaotic,-1,-1,2059,0.970758
724,B1245678/S01278,502,391,7,5,chaotic,2,0.5,chaotic,-1,-1,2107,0.970584
725,B14568/S1468,370,338,5,4,chaotic,0,0.2,chaotic,-1,-1,2285,0.957147
725,B14568/S1468,370,338,5,4,chaotic,1,0.35,chaotic,-1,-1,2227,0.956784
725,B14568/S1468,370,338,5,4,chaotic,2,0.5,chaotic,-1,-1,2256,0.957318
726,B2347/S,156,0,4,0,chaotic,0,0.2,chaotic,-1,-1,1589,0.917684
726,B2347/S,156,0,4,0,chaotic,1,0.35,chaotic,-1,-1,1547,0.918021
726,B2347/S,156,0,4,0,chaotic,2,0.5,chaotic,-1,-1,1475,0.913881
727,B01358/S23568,299,364,5,5,chaotic,0,0.2,chaotic,-1,-1,2362,0.956852
727,B01358/S23568,299,364,5,5,chaotic,1,0.35,chaotic,-1,-1,2360,0.958118
727,B01358/S23568,299,364,5,5,chaotic,2,0.5,chaotic,-1,-1,2341,0.957017
728,B023468/S03456,349,121,6,5,chaotic,0,0.2,chaotic,-1,-1,2759,0.857758
728,B023468/S03456,349,121,6,5,chaotic,1,0.35,chaotic,-1,-1,2635,0.858238
728,B023468/S03456,349,121,6,5,chaotic,2,0.5,chaotic,-1,-1,2743,0.857708
729,B0345/S2,57,4,4,1,chaotic,0,0.2,chaotic,-1,-1,1765,0.937021
729,B0345/S2,57,4,4,1,chaotic,1,0.35,chaotic,-1,-1,1707,0.934592
729,B0345/S2,57,4,4,1,chaotic,2,0.5,chaotic,-1,-1,1750,0.935987
730,B02478/S0,405,1,5,1,chaotic,0,0.2,chaotic,-1,-1,1410,0.87631
730,B02478/S0,405,1,5,1,chaotic,1,0.35,chaotic,-1,-1,1379,0.877118
730,B02478/S0,405,1,5,1,chaotic,2,0.5,chaotic,-1,-1,1379,0.875831
731,B123456/S56,126,96,6,2,chaotic,0,0.2,chaotic,-1,-1,2549,0.932058
731,B123456/S56,126,96,6,2,chaotic,1,0.35,chaotic,-1,-1,2565,0.929347
731,B123456/S56,126,96,6,2,chaotic,2,0.5,chaotic,-1,-1,2521,0.932139
732,B26/S02678,68,453,2,5,chaotic,0,0.2,chaotic,-1,-1,1234,0.84725
732,B26/S02678,68,453,2,5,chaotic,1,0.35,chaotic,-1,-1,1213,0.844655
732,B26/S02678,68,453,2,5,chaotic,2,0.5,chaotic,-1,-1,1208,0.841317
733,B05/S01245678,33,503,2,8,oscillating,0,0.2,oscillating,10,26,1263,-1
733,B05/S01245678,33,503,2,8,oscillating,1,0.35,oscillating,2,27,1186,-1
733,B05/S01245678,33,503,2,8,oscillating,2,0.5,stable,1,29,2731,-1
734,B0578/S01368,417,331,4,5,oscillating,0,0.2,oscillating,2,12,888,-1
734,B0578/S01368,417,331,4,5,oscillating,1,0.35,oscillating,2,15,875,-1
734,B0578/S01368,417,331,4,5,oscillating,2,0.5,oscillating,2,17,891,-1
735,B1/S015,2,35,1,3,chaotic,0,0.2,chaotic,-1,-1,1230,0.788568
735,B1/S015,2,35,1,3,chaotic,1,0.35,chaotic,-1,-1,1116,0.78718
735,B1/S015,2,35,1,3,chaotic,2,0.5,chaotic,-1,-1,1155,0.788002
736,B124568/S01245678,374,503,6,8,stable,0,0.2,stable,1,6,3996,-1
736,B124568/S01245678,374,503,6,8,stable,1,0.35,stable,1,6,3964,-1
736,B124568/S01245678,374,503,6,8,stable,2,0.5,stable,1,6,3986,-1
737,B1345678/S12347,506,158,7,5,chaotic,0,0.2,chaotic,-1,-1,2604,0.886915
737,B1345678/S12347,506,158,7,5,chaotic,1,0.35,chaotic,-1,-1,2599,0.887879
737,B1345678/S12347,506,158,7,5,chaotic,2,0.5,chaotic,-1,-1,2620,0.885369
738,B01245/S1358,55,298,5,4,chaotic,0,0.2,chaotic,-1,-1,2160,0.951224
738,B01245/S1358,55,298,5,4,chaotic,1,0.35,chaotic,-1,-1,2084,0.951436
738,B01245/S1358,55,298,5,4,chaotic,2,0.5,chaotic,-1,-1,2216,0.951081
739,B348/S0134578,280,443,3,7,chaotic,0,0.2,chaotic,-1,-1,2407,0.960429
739,B348/S0134578,280,443,3,7,chaotic,1,0.35,chaotic,-1,-1,2401,0.958765
739,B348/S0134578,280,443,3,7,chaotic,2,0.5,chaotic,-1,-1,2373,0.958817
740,B0134678/S1356,475,106,7,4,chaotic,0,0.2,chaotic,-1,-1,2581,0.904874
740,B0134678/S1356,475,106,7,4,chaotic,1,0.35,chaotic,-1,-1,2573,0.906575
740,B0134678/S1356,475,106,7,4,chaotic,2,0.5,chaotic,-1,-1,2585,0.904479
741,B012567/S12468,231,342,6,5,chaotic,0,0.2,chaotic,-1,-1,2183,0.964406
741,B012567/S12468,231,342,6,5,chaotic,1,0.35,chaotic,-1,-1,2179,0.963893
741,B012567/S12468,231,342,6,5,chaotic,2,0.5,chaotic,-1,-1,2214,0.964016
742,B367/S15678,200,482,3,5,oscillating,0,0.2,oscillating,2,18,103,-1
742,B367/S15678,200,482,3,5,oscillating,1,0.35,oscillating,4,25,117,-1
742,B367/S15678,200,482,3,5,oscillating,2,0.5,oscillating,2,19,96,-1
743,B57/S028,160,261,2,3,stable,0,0.2,stable,1,5,265,-1
743,B57/S028,160,261,2,3,stable,1,0.35,oscillating,2,8,235,-1
743,B57/S028,160,261,2,3,stable,2,0.5,stable,1,5,261,-1
744,B0256/S01258,101,295,4,5,chaotic,0,0.2,chaotic,-1,-1,1675,0.947153
744,B0256/S01258,101,295,4,5,chaotic,1,0.35,chaotic,-1,-1,1658,0.947158
744,B0256/S01258,101,295,4,5,chaotic,2,0.5,chaotic,-1,-1,1699,0.947702
745,B0125678/S125,487,38,7,3,chaotic,0,0.2,chaotic,-1,-1,1818,0.948792
745,B0125678/S125,487,38,7,3,chaotic,1,0.35,chaotic,-1,-1,1800,0.949588
745,B0125678/S125,487,38,7,3,chaotic,2,0.5,chaotic,-1,-1,1838,0.949742
746,B25678/S028,484,261,5,3,chaotic,0,0.2,chaotic,-1,-1,1372,0.890924
746,B25678/S028,484,261,5,3,chaotic,1,0.35,chaotic,-1,-1,1431,0.89114
746,B25678/S028,484,261,5,3,chaotic,2,0.5,chaotic,-1,-1,1395,0.889982
747,B134678/S14,474,18,6,2,chaotic,0,0.2,chaotic,-1,-1,2000,0.966745
747,B134678/S14,474,18,6,2,chaotic,1,0.35,chaotic,-1,-1,2013,0.965807
747,B134678/S14,474,18,6,2,chaotic,2,0.5,chaotic,-1,-1,2008,0.966177
748,B47/S3456,144,120,2,4,chaotic,0,0.2,stable,1,23,156,-1
748,B47/S3456,144,120,2,4,chaotic,1,0.35,oscillating,4,414,159,-1
748,B47/S3456,144,120,2,4,chaotic,2,0.5,chaotic,-1,-1,2486,0.924345
749,B014568/S358,371,296,6,3,chaotic,0,0.2,chaotic,-1,-1,2169,0.95781
749,B014568/S358,371,296,6,3,chaotic,1,0.35,chaotic,-1,-1,2157,0.959105
749,B014568/S358,371,296,6,3,chaotic,2,0.5,chaotic,-1,-1,2215,0.959917
750,B123568/S08,366,257,6,2,chaotic,0,0.2,chaotic,-1,-1,1860,0.918822
750,B123568/S08,366,257,6,2,chaotic,1,0.35,chaotic,-1,-1,1820,0.918858
750,B123568/S08,366,257,6,2,chaotic,2,0.5,chaotic,-1,-1,1838,0.918168
751,B2457/S0125678,180,487,4,7,oscillating,0,0.2,oscillating,2,19,3920,-1
751,B2457/S0125678,180,487,4,7,oscillating,1,0.35,oscillating,2,16,3897,-1
751,B2457/S0125678,180,487,4,7,oscillating,2,0.5,stable,1,14,3898,-1
752,B034678/S34567,473,248,6,5,chaotic,0,0.2,chaotic,-1,-1,3002,0.755506
752,B034678/S34567,473,248,6,5,chaotic,1,0.35,chaotic,-1,-1,2964,0.752429
752,B034678/S34567,473,248,6,5,chaotic,2,0.5,chaotic,-1,-1,3025,0.754321
753,B12348/S12368,286,334,5,5,chaotic,0,0.2,chaotic,-1,-1,2244,0.912555
753,B12348/S12368,286,334,5,5,chaotic,1,0.35,chaotic,-1,-1,2367,0.912243
753,B12348/S12368,286,334,5,5,chaotic,2,0.5,chaotic,-1,-1,2311,0.912766
754,B0347/S12567,153,230,4,5,chaotic,0,0.2,chaotic,-1,-1,2311,0.938736
754,B0347/S12567,153,230,4,5,chaotic,1,0.35,chaotic,-1,-1,2375,0.938502
754,B0347/S12567,153,230,4,5,chaotic,2,0.5,chaotic,-1,-1,2355,0.938145
755,B1568/S1368,354,330,4,4,chaotic,0,0.2,chaotic,-1,-1,1303,0.868008
755,B1568/S1368,354,330,4,4,chaotic,1,0.35,chaotic,-1,-1,1288,0.867703
755,B1568/S1368,354,330,4,4,chaotic,2,0.5,chaotic,-1,-1,1299,0.867121
756,B578/S3456,416,120,3,4,oscillating,0,0.2,stable,1,4,84,-1
756,B578/S3456,416,120,3,4,oscillating,1,0.35,oscillating,4,37,616,-1
756,B578/S3456,416,120,3,4,oscillating,2,0.5,oscillating,20,56,881,-1
757,B016/S1367,67,202,3,4,chaotic,0,0.2,chaotic,-1,-1,1427,0.871426
757,B016/S1367,67,202,3,4,chaotic,1,0.35,chaotic,-1,-1,1444,0.87035
757,B016/S1367,67,202,3,4,chaotic,2,0.5,chaotic,-1,-1,1392,0.871045
758,B123578/S03567,430,233,6,5,chaotic,0,0.2,chaotic,-1,-1,2814,0.8441
758,B123578/S03567,430,233,6,5,chaotic,1,0.35,chaotic,-1,-1,2804,0.842999
758,B123578/S03567,430,233,6,5,chaotic,2,0.5,chaotic,-1,-1,2829,0.839156
759,B012345/S35678,63,488,6,5,oscillating,0,0.2,oscillating,12,26,3481,-1
759,B012345/S35678,63,488,6,5,oscillating,1,0.35,oscillating,12,27,3410,-1
759,B012345/S35678,63,488,6,5,oscillating,2,0.5,oscillating,12,39,3423,-1
760,B3456/S0368,120,329,4,4,chaotic,0,0.2,chaotic,-1,-1,2238,0.958173
760,B3456/S0368,120,329,4,4,chaotic,1,0.35,chaotic,-1,-1,2302,0.957955
760,B3456/S0368,120,329,4,4,chaotic,2,0.5,chaotic,-1,-1,2253,0.957904
761,B1568/S0178,354,387,4,4,chaotic,0,0.2,chaotic,-1,-1,1199,0.826083
761,B1568/S0178,354,387,4,4,chaotic,1,0.35,chaotic,-1,-1,1192,0.829001
761,B1568/S0178,354,387,4,4,chaotic,2,0.5,chaotic,-1,-1,1255,0.828587
762,B034578/S1247,441,150,6,4,chaotic,0,0.2,chaotic,-1,-1,2237,0.948776
762,B034578/S1247,441,150,6,4,chaotic,1,0.35,chaotic,-1,-1,2200,0.951033
762,B034578/S1247,441,150,6,4,chaotic,2,0.5,chaotic,-1,-1,2185,0.950185
763,B1567/S247,226,148,4,3,chaotic,0,0.2,chaotic,-1,-1,1360,0.865464
763,B1567/S247,226,148,4,3,chaotic,1,0.35,chaotic,-1,-1,1311,0.867676
763,B1567/S247,226,148,4,3,chaotic,2,0.5,chaotic,-1,-1,1350,0.863787
764,B0235/S34568,45,376,4,5,oscillating,0,0.2,oscillating,3,19,2805,-1
764,B0235/S34568,45,376,4,5,oscillating,1,0.35,oscillating,12,31,2817,-1
764,B0235/S34568,45,376,4,5,oscillating,2,0.5,oscillating,3,23,2800,-1
765,B02458/S013478,309,411,5,6,chaotic,0,0.2,chaotic,-1,-1,2269,0.951435
765,B02458/S013478,309,411,5,6,chaotic,1,0.35,chaotic,-1,-1,2212,0.951418
765,B02458/S013478,309,411,5,6,chaotic,2,0.5,chaotic,-1,-1,2160,0.951518
766,B3567/S0345678,232,505,4,7,stable,0,0.2,stable,1,23,4083,-1
766,B3567/S0345678,232,505,4,7,stable,1,0.35,stable,1,12,4061,-1
766,B3567/S0345678,232,505,4,7,stable,2,0.5,stable,1,8,4035,-1
767,B023456/S0136,125,75,6,4,chaotic,0,0.2,chaotic,-1,-1,2407,0.938922
767,B023456/S0136,125,75,6,4,chaotic,1,0.35,chaotic,-1,-1,2339,0.939069
767,B023456/S0136,125,75,6,4,chaotic,2,0.5,chaotic,-1,-1,2370,0.937265
768,B134567/S23568,250,364,6,5,chaotic,0,0.2,chaotic,-1,-1,2997,0.818845
768,B134567/S23568,250,364,6,5,chaotic,1,0.35,chaotic,-1,-1,2933,0.817714
768,B134567/S23568,250,364,6,5,chaotic,2,0.5,chaotic,-1,-1,2947,0.817689
769,B235678/S0234567,492,253,6,7,chaotic,0,0.2,chaotic,-1,-1,2958,0.741762
769,B235678/S0234567,492,253,6,7,chaotic,1,0.35,chaotic,-1,-1,2982,0.739375
769,B235678/S0234567,492,253,6,7,chaotic,2,0.5,chaotic,-1,-1,3114,0.740974
770,B12345/S1478,62,402,5,4,chaotic,0,0.2,chaotic,-1,-1,2315,0.924904
770,B12345/S1478,62,402,5,4,chaotic,1,0.35,chaotic,-1,-1,2272,0.924031
770,B12345/S1478,62,402,5,4,chaotic,2,0.5,chaotic,-1,-1,2352,0.923604
771,B123456/S01457,126,179,6,5,chaotic,0,0.2,chaotic,-1,-1,2674,0.879007
771,B123456/S01457,126,179,6,5,chaotic,1,0.35,chaotic,-1,-1,2633,0.878633
771,B123456/S01457,126,179,6,5,chaotic,2,0.5,chaotic,-1,-1,2717,0.878235
772,B358/S01248,296,279,3,5,chaotic,0,0.2,chaotic,-1,-1,1705,0.943077
772,B358/S01248,296,279,3,5,chaotic,1,0.35,chaotic,-1,-1,1698,0.941884
772,B358/S01248,296,279,3,5,chaotic,2,0.5,chaotic,-1,-1,1725,0.942441
773,B0137/S123567,139,238,4,6,chaotic,0,0.2,chaotic,-1,-1,2086,0.96931
773,B0137/S123567,139,238,4,6,chaotic,1,0.35,chaotic,-1,-1,2063,0.968967
773,B0137/S123567,139,238,4,6,chaotic,2,0.5,chaotic,-1,-1,2087,0.968987
774,B123/S234678,14,476,3,6,oscillating,0,0.2,oscillating,4,48,2030,-1
774,B123/S234678,14,476,3,6,oscillating,1,0.35,oscillating,120,187,2054,-1
774,B123/S234678,14,476,3,6,oscillating,2,0.5,oscillating,30,79,2056,-1
775,B0236/S048,77,273,4,3,chaotic,0,0.2,chaotic,-1,-1,1676,0.942777
775,B0236/S048,77,273,4,3,chaotic,1,0.35,chaotic,-1,-1,1703,0.942286
775,B0236/S048,77,273,4,3,chaotic,2,0.5,chaotic,-1,-1,1783,0.943299
776,B013458/S0257,315,165,6,4,chaotic,0,0.2,chaotic,-1,-1,2231,0.963519
776,B013458/S0257,315,165,6,4,chaotic,1,0.35,chaotic,-1,-1,2193,0.963867
776,B013458/S0257,315,165,6,4,chaotic,2,0.5,chaotic,-1,-1,2190,0.963686
777,B2/S1235,4,46,1,4,oscillating,0,0.2,oscillating,2,21,1772,-1
777,B2/S1235,4,46,1,4,oscillating,1,0.35,oscillating,2,18,1763,-1
777,B2/S1235,4,46,1,4,oscillating,2,0.5,stable,1,18,1765,-1
778,B056/S02357,97,173,3,5,oscillating,0,0.2,oscillating,2,72,983,-1
778,B056/S02357,97,173,3,5,oscillating,1,0.35,oscillating,6,49,1010,-1
778,B056/S02357,97,173,3,5,oscillating,2,0.5,oscillating,2,44,996,-1
779,B013578/S2347,427,156,6,4,chaotic,0,0.2,chaotic,-1,-1,2135,0.956596
779,B013578/S2347,427,156,6,4,chaotic,1,0.35,chaotic,-1,-1,2193,0.956757
779,B013578/S2347,427,156,6,4,chaotic,2,0.5,chaotic,-1,-1,2162,0.956234
780,B013468/S0234,347,29,6,4,oscillating,0,0.2,oscillating,4,121,4044,-1
780,B013468/S0234,347,29,6,4,oscillating,1,0.35,oscillating,4,89,4056,-1
780,B013468/S0234,347,29,6,4,oscillating,2,0.5,oscillating,4,275,4064,-1
781,B0167/S012458,195,311,4,6,oscillating,0,0.2,oscillating,2,21,1303,-1
781,B0167/S012458,195,311,4,6,oscillating,1,0.35,oscillating,6,27,1291,-1
781,B0167/S012458,195,311,4,6,oscillating,2,0.5,oscillating,6,27,1306,-1
782,B0145678/S035,499,41,7,3,chaotic,0,0.2,chaotic,-1,-1,2187,0.953428
782,B0145678/S035,499,41,7,3,chaotic,1,0.35,chaotic,-1,-1,2204,0.953598
782,B0145678/S035,499,41,7,3,chaotic,2,0.5,chaotic,-1,-1,2181,0.952978
783,B34567/S1234567,248,254,5,7,oscillating,0,0.2,oscillating,30,89,3212,-1
783,B34567/S1234567,248,254,5,7,oscillating,1,0.35,oscillating,6,49,3259,-1
783,B34567/S1234567,248,254,5,7,oscillating,2,0.5,oscillating,6,59,3288,-1
784,B36/S045678,72,497,2,6,oscillating,0,0.2,oscillating,2,390,4020,-1
784,B36/S045678,72,497,2,6,oscillating,1,0.35,oscillating,2,129,3910,-1
784,B36/S045678,72,497,2,6,oscillating,2,0.5,oscillating,2,35,3769,-1
785,B01235/S2368,47,332,5,4,chaotic,0,0.2,chaotic,-1,-1,2208,0.937394
785,B01235/S2368,47,332,5,4,chaotic,1,0.35,chaotic,-1,-1,2148,0.937649
785,B01235/S2368,47,332,5,4,chaotic,2,0.5,chaotic,-1,-1,2113,0.936413
786,B1258/S0123568,294,367,4,7,chaotic,0,0.2,chaotic,-1,-1,2148,0.969581
786,B1258/S0123568,294,367,4,7,chaotic,1,0.35,chaotic,-1,-1,2120,0.969496
786,B1258/S0123568,294,367,4,7,chaotic,2,0.5,chaotic,-1,-1,2167,0.968915
787,B124678/S0468,470,337,6,4,chaotic,0,0.2,chaotic,-1,-1,1912,0.965723
787,B124678/S0468,470,337,6,4,chaotic,1,0.35,chaotic,-1,-1,2001,0.964451
787,B124678/S0468,470,337,6,4,chaotic,2,0.5,chaotic,-1,-1,1925,0.964427
788,B1256/S34568,102,376,4,5,chaotic,0,0.2,chaotic,-1,-1,2767,0.843288
788,B1256/S34568,102,376,4,5,chaotic,1,0.35,chaotic,-1,-1,2865,0.840739
788,B1256/S34568,102,376,4,5,chaotic,2,0.5,chaotic,-1,-1,2910,0.841984
789,B028/S12358,261,302,3,5,oscillating,0,0.2,oscillating,6,22,1753,-1
789,B028/S12358,261,302,3,5,oscillating,1,0.35,oscillating,2,20,1765,-1
789,B028/S12358,261,302,3,5,oscillating,2,0.5,oscillating,6,25,1767,-1
790,B35678/S012578,488,423,5,6,chaotic,0,0.2,chaotic,-1,-1,2075,0.96807
790,B35678/S012578,488,423,5,6,chaotic,1,0.35,chaotic,-1,-1,2029,0.967731
790,B35678/S012578,488,423,5,6,chaotic,2,0.5,chaotic,-1,-1,2065,0.967923
791,B01237/S0124,143,23,5,4,oscillating,0,0.2,oscillating,2,8,0,-1
791,B01237/S0124,143,23,5,4,oscillating,1,0.35,oscillating,2,26,98,-1
791,B01237/S0124,143,23,5,4,oscillating,2,0.5,oscillating,4,32,2930,-1
792,B0123478/S35,415,40,7,2,oscillating,0,0.2,oscillating,8,47,3719,-1
792,B0123478/S35,415,40,7,2,oscillating,1,0.35,oscillating,4,100,305,-1
792,B0123478/S35,415,40,7,2,oscillating,2,0.5,complex,-1,-1,314,0.216353
793,B02478/S0236,405,77,5,4,chaotic,0,0.2,chaotic,-1,-1,1860,0.955661
793,B02478/S0236,405,77,5,4,chaotic,1,0.35,chaotic,-1,-1,1814,0.955824
793,B02478/S0236,405,77,5,4,chaotic,2,0.5,chaotic,-1,-1,1877,0.954992
794,B3457/S1478,184,402,4,4,chaotic,0,0.2,chaotic,-1,-1,2072,0.964806
794,B3457/S1478,184,402,4,4,chaotic,1,0.35,chaotic,-1,-1,2124,0.963776
794,B3457/S1478,184,402,4,4,chaotic,2,0.5,chaotic,-1,-1,2073,0.963911
795,B012578/S013457,423,187,6,6,chaotic,0,0.2,chaotic,-1,-1,2492,0.932602
795,B012578/S013457,423,187,6,6,chaotic,1,0.35,chaotic,-1,-1,2443,0.934566
795,B012578/S013457,423,187,6,6,chaotic,2,0.5,chaotic,-1,-1,2502,0.933843
796,B0234678/S023678,477,461,7,6,oscillating,0,0.2,oscillating,12,67,4049,-1
796,B0234678/S023678,477,461,7,6,oscillating,1,0.35,oscillating,6,58,4059,-1
796,B0234678/S023678,477,461,7,6,oscillating,2,0.5,oscillating,6,57,4051,-1
797,B3478/S48,408,272,4,2,oscillating,0,0.2,oscillating,2,21,12,-1
797,B3478/S48,408,272,4,2,oscillating,1,0.35,oscillating,2,46,12,-1
797,B3478/S48,408,272,4,2,oscillating,2,0.5,oscillating,2,42,8,-1
798,B04578/S04578,433,433,5,5,chaotic,0,0.2,chaotic,-1,-1,2005,0.917558
798,B04578/S04578,433,433,5,5,chaotic,1,0.35,chaotic,-1,-1,2055,0.916341
798,B04578/S04578,433,433,5,5,chaotic,2,0.5,chaotic,-1,-1,1982,0.91175
799,B1357/S0168,170,323,4,4,chaotic,0,0.2,chaotic,-1,-1,1569,0.921468
799,B1357/S0168,170,323,4,4,chaotic,1,0.35,chaotic,-1,-1,1548,0.921201
799,B1357/S0168,170,323,4,4,chaotic,2,0.5,chaotic,-1,-1,1601,0.921645
800,B578/S4678,416,464,3,4,stable,0,0.2,stable,1,4,0,-1
800,B578/S4678,416,464,3,4,stable,1,0.35,stable,1,7,0,-1
800,B578/S4678,416,464,3,4,stable,2,0.5,stable,1,9,0,-1
801,B23567/S03478,236,409,5,5,chaotic,0,0.2,chaotic,-1,-1,2351,0.949686
801,B23567/S03478,236,409,5,5,chaotic,1,0.35,chaotic,-1,-1,2368,0.948092
801,B23567/S03478,236,409,5,5,chaotic,2,0.5,chaotic,-1,-1,2411,0.94875
802,B02357/S018,173,259,5,3,chaotic,0,0.2,chaotic,-1,-1,1663,0.907538
802,B02357/S018,173,259,5,3,chaotic,1,0.35,chaotic,-1,-1,1667,0.909421
802,B02357/S018,173,259,5,3,chaotic,2,0.5,chaotic,-1,-1,1699,0.907311
803,B158/S24678,290,468,3,5,chaotic,0,0.2,chaotic,-1,-1,1347,0.85895
803,B158/S24678,290,468,3,5,chaotic,1,0.35,chaotic,-1,-1,1256,0.858439
803,B158/S24678,290,468,3,5,chaotic,2,0.5,chaotic,-1,-1,1242,0.856265
804,B014/S346,19,88,3,3,chaotic,0,0.2,chaotic,-1,-1,1896,0.960953
804,B014/S346,19,88,3,3,chaotic,1,0.35,chaotic,-1,-1,1863,0.959238
804,B014/S346,19,88,3,3,chaotic,2,0.5,chaotic,-1,-1,1919,0.960094
805,B2346/S3458,92,312,4,4,chaotic,0,0.2,chaotic,-1,-1,2378,0.915628
805,B2346/S3458,92,312,4,4,chaotic,1,0.35,chaotic,-1,-1,2377,0.915808
805,B2346/S3458,92,312,4,4,chaotic,2,0.5,chaotic,-1,-1,2440,0.916435
806,B0236/S0135,77,43,4,4,chaotic,0,0.2,chaotic,-1,-1,1954,0.954219
806,B0236/S0135,77,43,4,4,chaotic,1,0.35,chaotic,-1,-1,1879,0.952959
806,B0236/S0135,77,43,4,4,chaotic,2,0.5,chaotic,-1,-1,1913,0.954238
807,B02478/S1468,405,338,5,4,chaotic,0,0.2,chaotic,-1,-1,1741,0.953413
807,B02478/S1468,405,338,5,4,chaotic,1,0.35,chaotic,-1,-1,1723,0.952173
807,B02478/S1468,405,338,5,4,chaotic,2,0.5,chaotic,-1,-1,1747,0.952933
808,B01347/S0134578,155,443,5,7,chaotic,0,0.2,chaotic,-1,-1,2538,0.93165
808,B01347/S0134578,155,443,5,7,chaotic,1,0.35,chaotic,-1,-1,2500,0.933807
808,B01347/S0134578,155,443,5,7,chaotic,2,0.5,chaotic,-1,-1,2545,0.932292
809,B56/S3478,96,408,2,4,stable,0,0.2,stable,1,6,12,-1
809,B56/S3478,96,408,2,4,stable,1,0.35,stable,1,8,66,-1
809,B56/S3478,96,408,2,4,stable,2,0.5,stable,1,11,76,-1
810,B14568/S0136,370,75,5,4,chaotic,0,0.2,chaotic,-1,-1,2088,0.968475
810,B14568/S0136,370,75,5,4,chaotic,1,0.35,chaotic,-1,-1,2067,0.967895
810,B14568/S0136,370,75,5,4,chaotic,2,0.5,chaotic,-1,-1,2068,0.968021
811,B157/S02468,162,341,3,5,chaotic,0,0.2,chaotic,-1,-1,1333,0.875641
811,B157/S02468,162,341,3,5,chaotic,1,0.35,chaotic,-1,-1,1316,0.876344
811,B157/S02468,162,341,3,5,chaotic,2,0.5,chaotic,-1,-1,1322,0.872198
812,B0124578/S1248,439,278,7,4,chaotic,0,0.2,chaotic,-1,-1,2131,0.937817
812,B0124578/S1248,439,278,7,4,chaotic,1,0.35,chaotic,-1,-1,2129,0.935661
812,B0124578/S1248,439,278,7,4,chaotic,2,0.5,chaotic,-1,-1,2195,0.939428
813,B23568/S038,364,265,5,3,chaotic,0,0.2,chaotic,-1,-1,1863,0.951942
813,B23568/S038,364,265,5,3,chaotic,1,0.35,chaotic,-1,-1,1852,0.952669
813,B23568/S038,364,265,5,3,chaotic,2,0.5,chaotic,-1,-1,1863,0.952297
814,B018/S35,259,40,3,2,chaotic,0,0.2,chaotic,-1,-1,1353,0.836714
814,B018/S35,259,40,3,2,chaotic,1,0.35,chaotic,-1,-1,1527,0.834465
814,B018/S35,259,40,3,2,chaotic,2,0.5,chaotic,-1,-1,1506,0.835205
815,B0678/S013467,449,219,4,6,oscillating,0,0.2,oscillating,2,13,937,-1
815,B0678/S013467,449,219,4,6,oscillating,1,0.35,oscillating,2,13,946,-1
815,B0678/S013467,449,219,4,6,oscillating,2,0.5,oscillating,2,15,970,-1
816,B12367/S127,206,134,5,3,chaotic,0,0.2,chaotic,-1,-1,1863,0.91235
816,B12367/S127,206,134,5,3,chaotic,1,0.35,chaotic,-1,-1,1943,0.912751
816,B12367/S127,206,134,5,3,chaotic,2,0.5,chaotic,-1,-1,1971,0.910811
817,B12345/S235,62,44,5,3,chaotic,0,0.2,chaotic,-1,-1,2209,0.89812
817,B12345/S235,62,44,5,3,chaotic,1,0.35,chaotic,-1,-1,2147,0.897726
817,B12345/S235,62,44,5,3,chaotic,2,0.5,chaotic,-1,-1,2242,0.894775
818,B03467/S1346,217,90,5,4,chaotic,0,0.2,chaotic,-1,-1,2442,0.936566
818,B03467/S1346,217,90,5,4,chaotic,1,0.35,chaotic,-1,-1,2471,0.936644
818,B03467/S1346,217,90,5,4,chaotic,2,0.5,chaotic,-1,-1,2443,0.936803
819,B567/S01267,224,199,3,5,oscillating,0,0.2,stable,1,4,668,-1
819,B567/S01267,224,199,3,5,oscillating,1,0.35,oscillating,2,6,786,-1
819,B567/S01267,224,199,3,5,oscillating,2,0.5,oscillating,2,9,719,-1
820,B38/S28,264,260,2,2,oscillating,0,0.2,oscillating,2,13,18,-1
820,B38/S28,264,260,2,2,oscillating,1,0.35,oscillating,2,15,12,-1
820,B38/S28,264,260,2,2,oscillating,2,0.5,oscillating,2,14,21,-1
821,B037/S23457,137,188,3,5,oscillating,0,0.2,oscillating,12,71,2178,-1
821,B037/S23457,137,188,3,5,oscillating,1,0.35,oscillating,60,111,2163,-1
821,B037/S23457,137,188,3,5,oscillating,2,0.5,oscillating,84,120,2181,-1
822,B1258/S12468,294,342,4,5,chaotic,0,0.2,chaotic,-1,-1,1950,0.962316
822,B1258/S12468,294,342,4,5,chaotic,1,0.35,chaotic,-1,-1,1889,0.962122
822,B1258/S12468,294,342,4,5,chaotic,2,0.5,chaotic,-1,-1,1901,0.962324
823,B2347/S01237,156,143,4,5,chaotic,0,0.2,chaotic,-1,-1,2064,0.9062
823,B2347/S01237,156,143,4,5,chaotic,1,0.35,chaotic,-1,-1,2119,0.905668
823,B2347/S01237,156,143,4,5,chaotic,2,0.5,chaotic,-1,-1,2016,0.902518
824,B01238/S123568,271,366,5,6,chaotic,0,0.2,oscillating,60,181,2005,-1
824,B01238/S123568,271,366,5,6,chaotic,1,0.35,chaotic,-1,-1,2002,0.978741
824,B01238/S123568,271,366,5,6,chaotic,2,0.5,chaotic,-1,-1,2008,0.979055
825,B02345/S2468,61,340,5,4,chaotic,0,0.2,chaotic,-1,-1,2447,0.927462
825,B02345/S2468,61,340,5,4,chaotic,1,0.35,chaotic,-1,-1,2428,0.926031
825,B02345/S2468,61,340,5,4,chaotic,2,0.5,chaotic,-1,-1,2417,0.924951
826,B014678/S25,467,36,6,2,chaotic,0,0.2,chaotic,-1,-1,1502,0.915996
826,B014678/S25,467,36,6,2,chaotic,1,0.35,chaotic,-1,-1,1475,0.916721
826,B014678/S25,467,36,6,2,chaotic,2,0.5,chaotic,-1,-1,1526,0.915925
827,B04/S134678,17,474,2,6,chaotic,0,0.2,chaotic,-1,-1,1639,0.934446
827,B04/S134678,17,474,2,6,chaotic,1,0.35,chaotic,-1,-1,1746,0.933184
827,B04/S134678,17,474,2,6,chaotic,2,0.5,chaotic,-1,-1,1628,0.932282
828,B04578/S168,433,322,5,3,chaotic,0,0.2,chaotic,-1,-1,1065,0.784144
828,B04578/S168,433,322,5,3,chaotic,1,0.35,chaotic,-1,-1,1076,0.785414
828,B04578/S168,433,322,5,3,chaotic,2,0.5,chaotic,-1,-1,1030,0.78525
829,B236/S0378,76,393,3,4,chaotic,0,0.2,chaotic,-1,-1,1663,0.933259
829,B236/S0378,76,393,3,4,chaotic,1,0.35,chaotic,-1,-1,1740,0.933036
829,B236/S0378,76,393,3,4,chaotic,2,0.5,chaotic,-1,-1,1609,0.93238
830,B058/S12456,289,118,3,5,oscillating,0,0.2,oscillating,60,133,1100,-1
830,B058/S12456,289,118,3,5,oscillating,1,0.35,oscillating,12,81,1125,-1
830,B058/S12456,289,118,3,5,oscillating,2,0.5,oscillating,12,149,1115,-1
831,B2456/S0123457,116,191,4,7,chaotic,0,0.2,chaotic,-1,-1,2743,0.858935
831,B2456/S0123457,116,191,4,7,chaotic,1,0.35,chaotic,-1,-1,2627,0.860056
831,B2456/S0123457,116,191,4,7,chaotic,2,0.5,chaotic,-1,-1,2746,0.860666
832,B1257/S1,166,2,4,1,chaotic,0,0.2,chaotic,-1,-1,1530,0.836855
832,B1257/S1,166,2,4,1,chaotic,1,0.35,chaotic,-1,-1,1417,0.839575
832,B1257/S1,166,2,4,1,chaotic,2,0.5,chaotic,-1,-1,1598,0.843273
833,B4/S37,16,136,1,2,stable,0,0.2,stable,1,6,0,-1
833,B4/S37,16,136,1,2,stable,1,0.35,stable,1,7,12,-1
833,B4/S37,16,136,1,2,stable,2,0.5,stable,1,8,8,-1
834,B012458/S37,311,136,6,2,chaotic,0,0.2,chaotic,-1,-1,1943,0.948199
834,B012458/S37,311,136,6,2,chaotic,1,0.35,chaotic,-1,-1,1898,0.94885
834,B012458/S37,311,136,6,2,chaotic,2,0.5,chaotic,-1,-1,1981,0.948724
835,B012468/S245,343,52,6,3,chaotic,0,0.2,chaotic,-1,-1,2240,0.948675
835,B012468/S245,343,52,6,3,chaotic,1,0.35,chaotic,-1,-1,2291,0.949245
835,B012468/S245,343,52,6,3,chaotic,2,0.5,chaotic,-1,-1,2277,0.94675
836,B1567/S134578,226,442,4,6,chaotic,0,0.2,chaotic,-1,-1,2831,0.848068
836,B1567/S134578,226,442,4,6,chaotic,1,0.35,chaotic,-1,-1,2828,0.84446
836,B1567/S134578,226,442,4,6,chaotic,2,0.5,chaotic,-1,-1,2799,0.848923
837,B012468/S01345678,343,507,6,8,stable,0,0.2,stable,1,7,3970,-1
837,B012468/S01345678,343,507,6,8,stable,1,0.35,stable,1,7,3932,-1
837,B012468/S01345678,343,507,6,8,stable,2,0.5,stable,1,7,3896,-1
838,B01234578/S012,447,7,8,3,oscillating,0,0.2,oscillating,2,6,74,-1
838,B01234578/S012,447,7,8,3,oscillating,1,0.35,oscillating,2,9,3621,-1
838,B01234578/S012,447,7,8,3,oscillating,2,0.5,oscillating,2,15,1852,-1
839,B03678/S01258,457,295,5,5,chaotic,0,0.2,chaotic,-1,-1,1648,0.932511
839,B03678/S01258,457,295,5,5,chaotic,1,0.35,chaotic,-1,-1,1615,0.931404
839,B03678/S01258,457,295,5,5,chaotic,2,0.5,chaotic,-1,-1,1615,0.932183
840,B02467/S02357,213,173,5,5,chaotic,0,0.2,chaotic,-1,-1,2219,0.963097
840,B02467/S02357,213,173,5,5,chaotic,1,0.35,chaotic,-1,-1,2246,0.963442
840,B02467/S02357,213,173,5,5,chaotic,2,0.5,chaotic,-1,-1,2274,0.96271
841,B157/S13467,162,218,3,5,chaotic,0,0.2,chaotic,-1,-1,1675,0.931198
841,B157/S13467,162,218,3,5,chaotic,1,0.35,chaotic,-1,-1,1689,0.930859
841,B157/S13467,162,218,3,5,chaotic,2,0.5,chaotic,-1,-1,1640,0.930665
842,B2347/S278,156,388,4,3,chaotic,0,0.2,chaotic,-1,-1,1819,0.936705
842,B2347/S278,156,388,4,3,chaotic,1,0.35,chaotic,-1,-1,1824,0.935785
842,B2347/S278,156,388,4,3,chaotic,2,0.5,chaotic,-1,-1,2014,0.937054
843,B23478/S03,412,9,5,2,chaotic,0,0.2,chaotic,-1,-1,1816,0.927568
843,B23478/S03,412,9,5,2,chaotic,1,0.35,chaotic,-1,-1,1843,0.928031
843,B23478/S03,412,9,5,2,chaotic,2,0.5,chaotic,-1,-1,1804,0.929179
844,B234568/S24567,380,244,6,5,chaotic,0,0.2,chaotic,-1,-1,3123,0.737655
844,B234568/S24567,380,244,6,5,chaotic,1,0.35,chaotic,-1,-1,3118,0.73756
844,B234568/S24567,380,244,6,5,chaotic,2,0.5,chaotic,-1,-1,3135,0.739447
845,B367/S124578,200,438,3,6,chaotic,0,0.2,chaotic,-1,-1,2140,0.962812
845,B367/S124578,200,438,3,6,chaotic,1,0.35,chaotic,-1,-1,2107,0.963113
845,B367/S124578,200,438,3,6,chaotic,2,0.5,chaotic,-1,-1,2143,0.962178
846,B145678/S13458,498,314,6,5,chaotic,0,0.2,chaotic,-1,-1,2537,0.894695
846,B145678/S13458,498,314,6,5,chaotic,1,0.35,chaotic,-1,-1,2568,0.896066
846,B145678/S13458,498,314,6,5,chaotic,2,0.5,chaotic,-1,-1,2545,0.894894
847,B278/S134578,388,442,3,6,chaotic,0,0.2,chaotic,-1,-1,2178,0.986356
847,B278/S134578,388,442,3,6,chaotic,1,0.35,chaotic,-1,-1,2175,0.987986
847,B278/S134578,388,442,3,6,chaotic,2,0.5,chaotic,-1,-1,2140,0.986628
848,B02345678/S3468,509,344,8,4,chaotic,0,0.2,chaotic,-1,-1,2867,0.858051
848,B02345678/S3468,509,344,8,4,chaotic,1,0.35,chaotic,-1,-1,2800,0.859372
848,B02345678/S3468,509,344,8,4,chaotic,2,0.5,chaotic,-1,-1,2817,0.857851
849,B167/S06,194,65,3,2,chaotic,0,0.2,chaotic,-1,-1,922,0.732867
849,B167/S06,194,65,3,2,chaotic,1,0.35,chaotic,-1,-1,1036,0.73414
849,B167/S06,194,65,3,2,chaotic,2,0.5,chaotic,-1,-1,965,0.733367
850,B13468/S012367,346,207,5,6,chaotic,0,0.2,chaotic,-1,-1,2281,0.951986
850,B13468/S012367,346,207,5,6,chaotic,1,0.35,chaotic,-1,-1,2254,0.952424
850,B13468/S012367,346,207,5,6,chaotic,2,0.5,chaotic,-1,-1,2289,0.951364
851,B045678/S12458,497,310,6,5,chaotic,0,0.2,chaotic,-1,-1,2449,0.927069
851,B045678/S12458,497,310,6,5,chaotic,1,0.35,chaotic,-1,-1,2348,0.927748
851,B045678/S12458,497,310,6,5,chaotic,2,0.5,chaotic,-1,-1,2426,0.926064
852,B1345/S1347,58,154,4,4,chaotic,0,0.2,chaotic,-1,-1,2197,0.933869
852,B1345/S1347,58,154,4,4,chaotic,1,0.35,chaotic,-1,-1,2247,0.933829
852,B1345/S1347,58,154,4,4,chaotic,2,0.5,chaotic,-1,-1,2165,0.934485
853,B78/S26,384,68,2,2,stable,0,0.2,stable,1,6,21,-1
853,B78/S26,384,68,2,2,stable,1,0.35,stable,1,5,15,-1
853,B78/S26,384,68,2,2,stable,2,0.5,stable,1,5,6,-1
854,B0126/S1,71,2,4,1,oscillating,0,0.2,oscillating,2,16,0,-1
854,B0126/S1,71,2,4,1,oscillating,1,0.35,oscillating,2,45,1180,-1
854,B0126/S1,71,2,4,1,oscillating,2,0.5,oscillating,2,20,4096,-1
855,B023458/S1357,317,170,6,4,chaotic,0,0.2,chaotic,-1,-1,2427,0.924578
855,B023458/S1357,317,170,6,4,chaotic,1,0.35,chaotic,-1,-1,2412,0.925521
855,B023458/S1357,317,170,6,4,chaotic,2,0.5,chaotic,-1,-1,2426,0.926573
856,B23578/S125678,428,486,5,6,stable,0,0.2,stable,1,17,4006,-1
856,B23578/S125678,428,486,5,6,stable,1,0.35,stable,1,19,4021,-1
856,B23578/S125678,428,486,5,6,stable,2,0.5,stable,1,18,4006,-1
857,B2578/S345678,420,504,4,6,stable,0,0.2,stable,1,15,4037,-1
857,B2578/S345678,420,504,4,6,stable,1,0.35,stable,1,13,4018,-1
857,B2578/S345678,420,504,4,6,stable,2,0.5,stable,1,14,4038,-1
858,B12578/S0234567,422,253,5,7,chaotic,0,0.2,chaotic,-1,-1,2872,0.857283
858,B12578/S0234567,422,253,5,7,chaotic,1,0.35,chaotic,-1,-1,2858,0.866874
858,B12578/S0234567,422,253,5,7,chaotic,2,0.5,chaotic,-1,-1,2863,0.864932
859,B367/S026,200,69,3,3,oscillating,0,0.2,oscillating,2,20,90,-1
859,B367/S026,200,69,3,3,oscillating,1,0.35,oscillating,2,26,85,-1
859,B367/S026,200,69,3,3,oscillating,2,0.5,oscillating,2,29,82,-1
860,B014578/S034678,435,473,6,6,oscillating,0,0.2,oscillating,2,33,4077,-1
860,B014578/S034678,435,473,6,6,oscillating,1,0.35,oscillating,2,30,4084,-1
860,B014578/S034678,435,473,6,6,oscillating,2,0.5,oscillating,2,28,4083,-1
861,B12356/S6,110,64,5,1,chaotic,0,0.2,chaotic,-1,-1,1894,0.952638
861,B12356/S6,110,64,5,1,chaotic,1,0.35,chaotic,-1,-1,1816,0.954083
861,B12356/S6,110,64,5,1,chaotic,2,0.5,chaotic,-1,-1,1783,0.953195
862,B0124567/S024678,247,469,7,6,oscillating,0,0.2,oscillating,4,15,3970,-1
862,B0124567/S024678,247,469,7,6,oscillating,1,0.35,oscillating,4,20,3968,-1
862,B0124567/S024678,247,469,7,6,oscillating,2,0.5,oscillating,4,19,3933,-1
863,B1345678/S0123,506,15,7,4,chaotic,0,0.2,chaotic,-1,-1,2056,0.93419
863,B1345678/S0123,506,15,7,4,chaotic,1,0.35,chaotic,-1,-1,2186,0.935131
863,B1345678/S0123,506,15,7,4,chaotic,2,0.5,chaotic,-1,-1,2007,0.934585
864,B01278/S247,391,148,5,3,chaotic,0,0.2,chaotic,-1,-1,1719,0.910913
864,B01278/S247,391,148,5,3,chaotic,1,0.35,chaotic,-1,-1,1774,0.911739
864,B01278/S247,391,148,5,3,chaotic,2,0.5,chaotic,-1,-1,1695,0.910949
865,B457/S367,176,200,3,3,stable,0,0.2,stable,1,7,4,-1
865,B457/S367,176,200,3,3,stable,1,0.35,stable,1,13,4,-1
865,B457/S367,176,200,3,3,stable,2,0.5,stable,1,13,12,-1
866,B01268/S038,327,265,5,3,chaotic,0,0.2,chaotic,-1,-1,1753,0.874377
866,B01268/S038,327,265,5,3,chaotic,1,0.35,chaotic,-1,-1,1848,0.877239
866,B01268/S038,327,265,5,3,chaotic,2,0.5,chaotic,-1,-1,1671,0.877731
867,B34567/S0146,248,83,5,4,chaotic,0,0.2,chaotic,-1,-1,2538,0.92192
867,B34567/S0146,248,83,5,4,chaotic,1,0.35,chaotic,-1,-1,2562,0.922037
867,B34567/S0146,248,83,5,4,chaotic,2,0.5,chaotic,-1,-1,2479,0.922895
868,B67/S0258,192,293,2,4,stable,0,0.2,stable,1,6,263,-1
868,B67/S0258,192,293,2,4,stable,1,0.35,stable,1,5,250,-1
868,B67/S0258,192,293,2,4,stable,2,0.5,stable,1,7,228,-1
869,B256/S012357,100,175,3,6,chaotic,0,0.2,chaotic,-1,-1,2201,0.968326
869,B256/S012357,100,175,3,6,chaotic,1,0.35,chaotic,-1,-1,2170,0.968458
869,B256/S012357,100,175,3,6,chaotic,2,0.5,chaotic,-1,-1,2158,0.967844
870,B0235/S12358,45,302,4,5,chaotic,0,0.2,chaotic,-1,-1,2189,0.931599
870,B0235/S12358,45,302,4,5,chaotic,1,0.35,chaotic,-1,-1,2071,0.932787
870,B0235/S12358,45,302,4,5,chaotic,2,0.5,chaotic,-1,-1,2212,0.932378
871,B1348/S03568,282,361,4,5,chaotic,0,0.2,chaotic,-1,-1,2177,0.966778
871,B1348/S03568,282,361,4,5,chaotic,1,0.35,chaotic,-1,-1,2131,0.966623
871,B1348/S03568,282,361,4,5,chaotic,2,0.5,chaotic,-1,-1,2138,0.966528
872,B0136/S1234,75,30,4,4,oscillating,0,0.2,oscillating,4,124,27,-1
872,B0136/S1234,75,30,4,4,oscillating,1,0.35,oscillating,4,298,28,-1
872,B0136/S1234,75,30,4,4,oscillating,2,0.5,complex,-1,-1,2547,0.237416
873,B247/S1368,148,330,3,4,chaotic,0,0.2,chaotic,-1,-1,1714,0.946348
873,B247/S1368,148,330,3,4,chaotic,1,0.35,chaotic,-1,-1,1730,0.945938
873,B247/S1368,148,330,3,4,chaotic,2,0.5,chaotic,-1,-1,1682,0.945237
874,B01678/S02678,451,453,5,5,chaotic,0,0.2,chaotic,-1,-1,1488,0.86413
874,B01678/S02678,451,453,5,5,chaotic,1,0.35,chaotic,-1,-1,1474,0.86551
874,B01678/S02678,451,453,5,5,chaotic,2,0.5,chaotic,-1,-1,1641,0.865163
875,B23456/S1357,124,170,5,4,chaotic,0,0.2,chaotic,-1,-1,2510,0.9085
875,B23456/S1357,124,170,5,4,chaotic,1,0.35,chaotic,-1,-1,2608,0.908515
875,B23456/S1357,124,170,5,4,chaotic,2,0.5,chaotic,-1,-1,2556,0.908056
876,B0567/S013468,225,347,4,6,oscillating,0,0.2,oscillating,4,25,928,-1
876,B0567/S013468,225,347,4,6,oscillating,1,0.35,oscillating,2,23,975,-1
876,B0567/S013468,225,347,4,6,oscillating,2,0.5,oscillating,2,29,950,-1
877,B012346/S02378,95,397,6,5,chaotic,0,0.2,chaotic,-1,-1,2340,0.919051
877,B012346/S02378,95,397,6,5,chaotic,1,0.35,chaotic,-1,-1,2395,0.918999
877,B012346/S02378,95,397,6,5,chaotic,2,0.5,chaotic,-1,-1,2324,0.92047
878,B0268/S02478,325,405,4,5,chaotic,0,0.2,chaotic,-1,-1,1519,0.913659
878,B0268/S02478,325,405,4,5,chaotic,1,0.35,chaotic,-1,-1,1496,0.914078
878,B0268/S02478,325,405,4,5,chaotic,2,0.5,chaotic,-1,-1,1521,0.914248
879,B0134/S356,27,104,4,3,chaotic,0,0.2,chaotic,-1,-1,2092,0.968591
879,B0134/S356,27,104,4,3,chaotic,1,0.35,chaotic,-1,-1,2161,0.968237
879,B0134/S356,27,104,4,3,chaotic,2,0.5,chaotic,-1,-1,2206,0.968385
880,B028/S456,261,112,3,3,chaotic,0,0.2,chaotic,-1,-1,1415,0.886313
880,B028/S456,261,112,3,3,chaotic,1,0.35,chaotic,-1,-1,1448,0.88246
880,B028/S456,261,112,3,3,chaotic,2,0.5,chaotic,-1,-1,1414,0.885646
881,B2368/S12346,332,94,4,5,chaotic,0,0.2,chaotic,-1,-1,2301,0.957064
881,B2368/S12346,332,94,4,5,chaotic,1,0.35,chaotic,-1,-1,2188,0.957204
881,B2368/S12346,332,94,4,5,chaotic,2,0.5,chaotic,-1,-1,2275,0.957849
882,B1567/S1,226,2,4,1,chaotic,0,0.2,chaotic,-1,-1,1193,0.807514
882,B1567/S1,226,2,4,1,chaotic,1,0.35,chaotic,-1,-1,1127,0.807261
882,B1567/S1,226,2,4,1,chaotic,2,0.5,chaotic,-1,-1,1130,0.806352
883,B0158/S127,291,134,4,3,chaotic,0,0.2,chaotic,-1,-1,1436,0.882973
883,B0158/S127,291,134,4,3,chaotic,1,0.35,chaotic,-1,-1,1395,0.883031
883,B0158/S127,291,134,4,3,chaotic,2,0.5,chaotic,-1,-1,1465,0.882848
884,B123568/S12378,366,398,6,5,chaotic,0,0.2,chaotic,-1,-1,2195,0.939311
884,B123568/S12378,366,398,6,5,chaotic,1,0.35,chaotic,-1,-1,2322,0.94126
884,B123568/S12378,366,398,6,5,chaotic,2,0.5,chaotic,-1,-1,2212,0.940456
885,B14567/S12368,242,334,5,5,chaotic,0,0.2,chaotic,-1,-1,2449,0.946834
885,B14567/S12368,242,334,5,5,chaotic,1,0.35,chaotic,-1,-1,2421,0.947635
885,B14567/S12368,242,334,5,5,chaotic,2,0.5,chaotic,-1,-1,2418,0.947171
886,B1567/S017,226,131,4,3,chaotic,0,0.2,chaotic,-1,-1,1220,0.828432
886,B1567/S017,226,131,4,3,chaotic,1,0.35,chaotic,-1,-1,1153,0.828732
886,B1567/S017,226,131,4,3,chaotic,2,0.5,chaotic,-1,-1,1185,0.830192
887,B47/S23567,144,236,2,5,oscillating,0,0.2,oscillating,2,30,153,-1
887,B47/S23567,144,236,2,5,oscillating,1,0.35,oscillating,2,40,215,-1
887,B47/S23567,144,236,2,5,oscillating,2,0.5,oscillating,2,50,186,-1
888,B013678/S2378,459,396,6,4,chaotic,0,0.2,chaotic,-1,-1,1764,0.947954
888,B013678/S2378,459,396,6,4,chaotic,1,0.35,chaotic,-1,-1,1798,0.947546
888,B013678/S2378,459,396,6,4,chaotic,2,0.5,chaotic,-1,-1,1721,0.947257
889,B368/S01268,328,327,3,5,chaotic,0,0.2,chaotic,-1,-1,1325,0.857565
889,B368/S01268,328,327,3,5,chaotic,1,0.35,chaotic,-1,-1,1223,0.860811
889,B368/S01268,328,327,3,5,chaotic,2,0.5,chaotic,-1,-1,1292,0.858653
890,B013568/S0123678,363,463,6,7,chaotic,0,0.2,chaotic,-1,-1,2253,0.954112
890,B013568/S0123678,363,463,6,7,chaotic,1,0.35,chaotic,-1,-1,2226,0.951456
890,B013568/S0123678,363,463,6,7,chaotic,2,0.5,chaotic,-1,-1,2261,0.954415
891,B2458/S134678,308,474,4,6,chaotic,0,0.2,chaotic,-1,-1,3328,0.555805
891,B2458/S134678,308,474,4,6,chaotic,1,0.35,chaotic,-1,-1,3406,0.508288
891,B2458/S134678,308,474,4,6,chaotic,2,0.5,chaotic,-1,-1,3246,0.610657
892,B012368/S12578,335,422,6,5,chaotic,0,0.2,chaotic,-1,-1,2098,0.940925
892,B012368/S12578,335,422,6,5,chaotic,1,0.35,chaotic,-1,-1,2120,0.939755
892,B012368/S12578,335,422,6,5,chaotic,2,0.5,chaotic,-1,-1,2184,0.940561
893,B02456/S12367,117,206,5,5,chaotic,0,0.2,chaotic,-1,-1,2443,0.942795
893,B02456/S12367,117,206,5,5,chaotic,1,0.35,chaotic,-1,-1,2440,0.944301
893,B02456/S12367,117,206,5,5,chaotic,2,0.5,chaotic,-1,-1,2479,0.942027
894,B012358/S347,303,152,6,3,chaotic,0,0.2,chaotic,-1,-1,2138,0.938357
894,B012358/S347,303,152,6,3,chaotic,1,0.35,chaotic,-1,-1,2177,0.939003
894,B012358/S347,303,152,6,3,chaotic,2,0.5,chaotic,-1,-1,2260,0.937443
895,B0367/S13578,201,426,4,5,chaotic,0,0.2,chaotic,-1,-1,1675,0.944752
895,B0367/S13578,201,426,4,5,chaotic,1,0.35,chaotic,-1,-1,1725,0.945236
895,B0367/S13578,201,426,4,5,chaotic,2,0.5,chaotic,-1,-1,1693,0.945823
896,B01248/S34,279,24,5,2,oscillating,0,0.2,oscillating,2,20,89,-1
896,B01248/S34,279,24,5,2,oscillating,1,0.35,oscillating,2,162,30,-1
896,B01248/S34,279,24,5,2,oscillating,2,0.5,oscillating,4,241,1329,-1
897,B458/S012378,304,399,3,6,oscillating,0,0.2,oscillating,24,126,609,-1
897,B458/S012378,304,399,3,6,oscillating,1,0.35,oscillating,6,139,622,-1
897,B458/S012378,304,399,3,6,oscillating,2,0.5,oscillating,24,197,632,-1
898,B02678/S12578,453,422,5,5,chaotic,0,0.2,chaotic,-1,-1,1492,0.915259
898,B02678/S12578,453,422,5,5,chaotic,1,0.35,chaotic,-1,-1,1561,0.914393
898,B02678/S12578,453,422,5,5,chaotic,2,0.5,chaotic,-1,-1,1473,0.915351
899,B067/S2457,193,180,3,4,chaotic,0,0.2,chaotic,-1,-1,1227,0.861902
899,B067/S2457,193,180,3,4,chaotic,1,0.35,chaotic,-1,-1,1235,0.864034
899,B067/S2457,193,180,3,4,chaotic,2,0.5,chaotic,-1,-1,1258,0.868228
900,B02358/S0136,301,75,5,4,chaotic,0,0.2,chaotic,-1,-1,2008,0.952743
900,B02358/S0136,301,75,5,4,chaotic,1,0.35,chaotic,-1,-1,1988,0.952027
900,B02358/S0136,301,75,5,4,chaotic,2,0.5,chaotic,-1,-1,1984,0.953275
901,B123458/S02358,318,301,6,5,chaotic,0,0.2,chaotic,-1,-1,2332,0.867286
901,B123458/S02358,318,301,6,5,chaotic,1,0.35,chaotic,-1,-1,2437,0.8694
901,B123458/S02358,318,301,6,5,chaotic,2,0.5,chaotic,-1,-1,2437,0.868242
902,B1245678/S013467,502,219,7,6,chaotic,0,0.2,chaotic,-1,-1,3012,0.780859
902,B1245678/S013467,502,219,7,6,chaotic,1,0.35,chaotic,-1,-1,3072,0.783333
902,B1245678/S013467,502,219,7,6,chaotic,2,0.5,chaotic,-1,-1,2995,0.779951
903,B023678/S02458,461,309,6,5,chaotic,0,0.2,chaotic,-1,-1,2248,0.961937
903,B023678/S02458,461,309,6,5,chaotic,1,0.35,chaotic,-1,-1,2279,0.961911
903,B023678/S02458,461,309,6,5,chaotic,2,0.5,chaotic,-1,-1,2173,0.961954
904,B01234678/S0567,479,225,8,4,chaotic,0,0.2,chaotic,-1,-1,2924,0.818209
904,B01234678/S0567,479,225,8,4,chaotic,1,0.35,chaotic,-1,-1,2914,0.817516
904,B01234678/S0567,479,225,8,4,chaotic,2,0.5,chaotic,-1,-1,2853,0.820865
905,B12358/S02567,302,229,5,5,chaotic,0,0.2,chaotic,-1,-1,2500,0.927988
905,B12358/S02567,302,229,5,5,chaotic,1,0.35,chaotic,-1,-1,2424,0.926201
905,B12358/S02567,302,229,5,5,chaotic,2,0.5,chaotic,-1,-1,2509,0.92538
906,B02457/S02345678,181,509,5,8,stable,0,0.2,stable,1,6,3845,-1
906,B02457/S02345678,181,509,5,8,stable,1,0.35,stable,1,6,3896,-1
906,B02457/S02345678,181,509,5,8,stable,2,0.5,stable,1,5,3866,-1
907,B0145/S0567,51,225,4,4,chaotic,0,0.2,chaotic,-1,-1,1683,0.926184
907,B0145/S0567,51,225,4,4,chaotic,1,0.35,chaotic,-1,-1,1784,0.928541
907,B0145/S0567,51,225,4,4,chaotic,2,0.5,chaotic,-1,-1,1796,0.926896
908,B02458/S1245,309,54,5,4,chaotic,0,0.2,chaotic,-1,-1,2217,0.941267
908,B02458/S1245,309,54,5,4,chaotic,1,0.35,chaotic,-1,-1,2326,0.940119
908,B02458/S1245,309,54,5,4,chaotic,2,0.5,chaotic,-1,-1,2269,0.941873
909,B1246/S123457,86,190,4,6,chaotic,0,0.2,chaotic,-1,-1,2654,0.908052
909,B1246/S123457,86,190,4,6,chaotic,1,0.35,chaotic,-1,-1,2599,0.908866
909,B1246/S123457,86,190,4,6,chaotic,2,0.5,chaotic,-1,-1,2635,0.907983
910,B0568/S038,353,265,4,3,chaotic,0,0.2,chaotic,-1,-1,1023,0.740605
910,B0568/S038,353,265,4,3,chaotic,1,0.35,chaotic,-1,-1,987,0.741476
910,B0568/S038,353,265,4,3,chaotic,2,0.5,chaotic,-1,-1,974,0.738849
911,B02458/S38,309,264,5,2,chaotic,0,0.2,chaotic,-1,-1,1744,0.947609
911,B02458/S38,309,264,5,2,chaotic,1,0.35,chaotic,-1,-1,1803,0.948346
911,B02458/S38,309,264,5,2,chaotic,2,0.5,chaotic,-1,-1,1767,0.946529
912,B28/S468,260,336,2,3,chaotic,0,0.2,chaotic,-1,-1,1032,0.76714
912,B28/S468,260,336,2,3,chaotic,1,0.35,chaotic,-1,-1,1000,0.76686
912,B28/S468,260,336,2,3,chaotic,2,0.5,chaotic,-1,-1,992,0.768307
913,B02356/S027,109,133,5,3,chaotic,0,0.2,chaotic,-1,-1,1907,0.94335
913,B02356/S027,109,133,5,3,chaotic,1,0.35,chaotic,-1,-1,1809,0.94528
913,B02356/S027,109,133,5,3,chaotic,2,0.5,chaotic,-1,-1,1902,0.944019
914,B012357/S258,175,292,6,3,chaotic,0,0.2,chaotic,-1,-1,2053,0.948759
914,B012357/S258,175,292,6,3,chaotic,1,0.35,chaotic,-1,-1,1975,0.945904
914,B012357/S258,175,292,6,3,chaotic,2,0.5,chaotic,-1,-1,2071,0.946517
915,B0147/S02347,147,157,4,5,chaotic,0,0.2,chaotic,-1,-1,1992,0.966098
915,B0147/S02347,147,157,4,5,chaotic,1,0.35,chaotic,-1,-1,2093,0.966218
915,B0147/S02347,147,157,4,5,chaotic,2,0.5,chaotic,-1,-1,2020,0.967037
916,B0137/S,139,0,4,0,oscillating,0,0.2,oscillating,2,78,37,-1
916,B0137/S,139,0,4,0,oscillating,1,0.35,complex,-1,-1,3950,0.0536279
916,B0137/S,139,0,4,0,oscillating,2,0.5,oscillating,2,25,36,-1
917,B147/S034578,146,441,3,6,chaotic,0,0.2,chaotic,-1,-1,2398,0.953709
917,B147/S034578,146,441,3,6,chaotic,1,0.35,chaotic,-1,-1,2368,0.953914
917,B147/S034578,146,441,3,6,chaotic,2,0.5,chaotic,-1,-1,2351,0.952686
918,B013/S2678,11,452,3,4,chaotic,0,0.2,chaotic,-1,-1,1632,0.911437
918,B013/S2678,11,452,3,4,chaotic,1,0.35,chaotic,-1,-1,1654,0.911132
918,B013/S2678,11,452,3,4,chaotic,2,0.5,chaotic,-1,-1,1655,0.909778
919,B078/S0146,385,83,3,4,oscillating,0,0.2,oscillating,6,18,875,-1
919,B078/S0146,385,83,3,4,oscillating,1,0.35,oscillating,2,12,905,-1
919,B078/S0146,385,83,3,4,oscillating,2,0.5,oscillating,6,17,888,-1
920,B02368/S01,333,3,5,2,chaotic,0,0.2,chaotic,-1,-1,1500,0.856603
920,B02368/S01,333,3,5,2,chaotic,1,0.35,chaotic,-1,-1,1562,0.854528
920,B02368/S01,333,3,5,2,chaotic,2,0.5,chaotic,-1,-1,1679,0.854729
921,B1257/S03567,166,233,4,5,chaotic,0,0.2,chaotic,-1,-1,2552,0.902045
921,B1257/S03567,166,233,4,5,chaotic,1,0.35,chaotic,-1,-1,2515,0.902959
921,B1257/S03567,166,233,4,5,chaotic,2,0.5,chaotic,-1,-1,2482,0.907054
922,B67/S012367,192,207,2,6,oscillating,0,0.2,stable,1,3,761,-1
922,B67/S012367,192,207,2,6,oscillating,1,0.35,oscillating,2,5,1027,-1
922,B67/S012367,192,207,2,6,oscillating,2,0.5,oscillating,2,7,1032,-1
923,B36/S2467,72,212,2,4,oscillating,0,0.2,oscillating,4,48,17,-1
923,B36/S2467,72,212,2,4,oscillating,1,0.35,oscillating,2,57,6,-1
923,B36/S2467,72,212,2,4,oscillating,2,0.5,oscillating,4,61,27,-1
924,B2368/S0368,332,329,4,4,chaotic,0,0.2,chaotic,-1,-1,1792,0.948966
924,B2368/S0368,332,329,4,4,chaotic,1,0.35,chaotic,-1,-1,1798,0.949207
924,B2368/S0368,332,329,4,4,chaotic,2,0.5,chaotic,-1,-1,1790,0.949019
925,B01345678/S0235,507,45,8,4,chaotic,0,0.2,chaotic,-1,-1,2452,0.922929
925,B01345678/S0235,507,45,8,4,chaotic,1,0.35,chaotic,-1,-1,2440,0.922642
925,B01345678/S0235,507,45,8,4,chaotic,2,0.5,chaotic,-1,-1,2367,0.923965
926,B0245678/S0123568,501,367,7,7,chaotic,0,0.2,chaotic,-1,-1,2968,0.809312
926,B0245678/S0123568,501,367,7,7,chaotic,1,0.35,chaotic,-1,-1,2992,0.807994
926,B0245678/S0123568,501,367,7,7,chaotic,2,0.5,chaotic,-1,-1,2981,0.808572
927,B0167/S0367,195,201,4,4,chaotic,0,0.2,chaotic,-1,-1,1440,0.857506
927,B0167/S0367,195,201,4,4,chaotic,1,0.35,chaotic,-1,-1,1321,0.856319
927,B0167/S0367,195,201,4,4,chaotic,2,0.5,chaotic,-1,-1,1396,0.856021
928,B1258/S123456,294,126,4,6,oscillating,0,0.2,oscillating,12,42,2601,-1
928,B1258/S123456,294,126,4,6,oscillating,1,0.35,oscillating,12,35,2609,-1
928,B1258/S123456,294,126,4,6,oscillating,2,0.5,oscillating,24,54,2607,-1
929,B1234/S0128,30,263,4,4,chaotic,0,0.2,chaotic,-1,-1,1839,0.912326
929,B1234/S0128,30,263,4,4,chaotic,1,0.35,chaotic,-1,-1,1867,0.918432
929,B1234/S0128,30,263,4,4,chaotic,2,0.5,chaotic,-1,-1,1909,0.917195
930,B15678/S2367,482,204,5,4,chaotic,0,0.2,chaotic,-1,-1,1489,0.917394
930,B15678/S2367,482,204,5,4,chaotic,1,0.35,chaotic,-1,-1,1554,0.914171
930,B15678/S2367,482,204,5,4,chaotic,2,0.5,chaotic,-1,-1,1509,0.915812
931,B0346/S01234678,89,479,4,8,oscillating,0,0.2,oscillating,4,221,3885,-1
931,B0346/S01234678,89,479,4,8,oscillating,1,0.35,oscillating,4,176,3885,-1
931,B0346/S01234678,89,479,4,8,oscillating,2,0.5,oscillating,4,181,3897,-1
932,B234568/S03478,380,409,6,5,chaotic,0,0.2,chaotic,-1,-1,2521,0.909675
932,B234568/S03478,380,409,6,5,chaotic,1,0.35,chaotic,-1,-1,2555,0.909747
932,B234568/S03478,380,409,6,5,chaotic,2,0.5,chaotic,-1,-1,2447,0.909351
933,B02458/S0268,309,325,5,4,chaotic,0,0.2,chaotic,-1,-1,1831,0.95876
933,B02458/S0268,309,325,5,4,chaotic,1,0.35,chaotic,-1,-1,1848,0.958016
933,B02458/S0268,309,325,5,4,chaotic,2,0.5,chaotic,-1,-1,1765,0.959066
934,B134/S6,26,64,3,1,chaotic,0,0.2,chaotic,-1,-1,1500,0.919128
934,B134/S6,26,64,3,1,chaotic,1,0.35,chaotic,-1,-1,1511,0.919909
934,B134/S6,26,64,3,1,chaotic,2,0.5,chaotic,-1,-1,1496,0.920279
935,B0368/S34578,329,440,4,5,chaotic,0,0.2,chaotic,-1,-1,2421,0.949256
935,B0368/S34578,329,440,4,5,chaotic,1,0.35,chaotic,-1,-1,2401,0.949006
935,B0368/S34578,329,440,4,5,chaotic,2,0.5,chaotic,-1,-1,2355,0.950039
936,B01356/S158,107,290,5,3,chaotic,0,0.2,chaotic,-1,-1,1658,0.94832
936,B01356/S158,107,290,5,3,chaotic,1,0.35,chaotic,-1,-1,1681,0.948116
936,B01356/S158,107,290,5,3,chaotic,2,0.5,chaotic,-1,-1,1698,0.947297
937,B23467/S23456,220,124,5,5,chaotic,0,0.2,chaotic,-1,-1,2779,0.842274
937,B23467/S23456,220,124,5,5,chaotic,1,0.35,chaotic,-1,-1,2721,0.841281
937,B23467/S23456,220,124,5,5,chaotic,2,0.5,chaotic,-1,-1,2597,0.841917
938,B0147/S37,147,136,4,2,chaotic,0,0.2,chaotic,-1,-1,1450,0.883962
938,B0147/S37,147,136,4,2,chaotic,1,0.35,chaotic,-1,-1,1358,0.883233
938,B0147/S37,147,136,4,2,chaotic,2,0.5,chaotic,-1,-1,1396,0.884614
939,B1457/S567,178,224,4,3,chaotic,0,0.2,chaotic,-1,-1,1232,0.854473
939,B1457/S567,178,224,4,3,chaotic,1,0.35,chaotic,-1,-1,1240,0.850372
939,B1457/S567,178,224,4,3,chaotic,2,0.5,chaotic,-1,-1,1274,0.853381
940,B013457/S2568,187,356,6,4,chaotic,0,0.2,chaotic,-1,-1,2509,0.92803
940,B013457/S2568,187,356,6,4,chaotic,1,0.35,chaotic,-1,-1,2515,0.928923
940,B013457/S2568,187,356,6,4,chaotic,2,0.5,chaotic,-1,-1,2520,0.927279
941,B3468/S01246,344,87,4,5,chaotic,0,0.2,chaotic,-1,-1,2207,0.959321
941,B3468/S01246,344,87,4,5,chaotic,1,0.35,chaotic,-1,-1,2204,0.958187
941,B3468/S01246,344,87,4,5,chaotic,2,0.5,chaotic,-1,-1,2265,0.959549
942,B247/S01256,148,103,3,5,chaotic,0,0.2,chaotic,-1,-1,1797,0.958176
942,B247/S01256,148,103,3,5,chaotic,1,0.35,chaotic,-1,-1,1870,0.959372
942,B247/S01256,148,103,3,5,chaotic,2,0.5,chaotic,-1,-1,1929,0.959113
943,B134568/S067,378,193,6,3,oscillating,0,0.2,oscillating,12,24,2073,-1
943,B134568/S067,378,193,6,3,oscillating,1,0.35,oscillating,4,17,2030,-1
943,B134568/S067,378,193,6,3,oscillating,2,0.5,oscillating,12,21,2057,-1
944,B01245678/S2367,503,204,8,4,chaotic,0,0.2,chaotic,-1,-1,2727,0.891185
944,B01245678/S2367,503,204,8,4,chaotic,1,0.35,chaotic,-1,-1,2647,0.892105
944,B01245678/S2367,503,204,8,4,chaotic,2,0.5,chaotic,-1,-1,2783,0.891709
945,B1256/S156,102,98,4,3,chaotic,0,0.2,chaotic,-1,-1,1804,0.940707
945,B1256/S156,102,98,4,3,chaotic,1,0.35,chaotic,-1,-1,1757,0.941096
945,B1256/S156,102,98,4,3,chaotic,2,0.5,chaotic,-1,-1,1777,0.940768
946,B01347/S028,155,261,5,3,chaotic,0,0.2,chaotic,-1,-1,1660,0.899203
946,B01347/S028,155,261,5,3,chaotic,1,0.35,chaotic,-1,-1,1711,0.89941
946,B01347/S028,155,261,5,3,chaotic,2,0.5,chaotic,-1,-1,1735,0.902174
947,B568/S014567,352,243,3,6,stable,0,0.2,stable,1,5,426,-1
947,B568/S014567,352,243,3,6,stable,1,0.35,stable,1,13,330,-1
947,B568/S014567,352,243,3,6,stable,2,0.5,oscillating,2,92,402,-1
948,B015678/S2457,483,180,6,4,chaotic,0,0.2,chaotic,-1,-1,2116,0.941383
948,B015678/S2457,483,180,6,4,chaotic,1,0.35,chaotic,-1,-1,2100,0.941383
948,B015678/S2457,483,180,6,4,chaotic,2,0.5,chaotic,-1,-1,2168,0.940764
949,B158/S458,290,304,3,3,chaotic,0,0.2,chaotic,-1,-1,1092,0.79257
949,B158/S458,290,304,3,3,chaotic,1,0.35,chaotic,-1,-1,1070,0.796173
949,B158/S458,290,304,3,3,chaotic,2,0.5,chaotic,-1,-1,1106,0.79713
950,B01234568/S0234678,383,477,8,7,oscillating,0,0.2,oscillating,2,8,4027,-1
950,B01234568/S0234678,383,477,8,7,oscillating,1,0.35,oscillating,2,9,4044,-1
950,B01234568/S0234678,383,477,8,7,oscillating,2,0.5,oscillating,2,13,4026,-1
951,B013467/S13456,219,122,6,5,chaotic,0,0.2,chaotic,-1,-1,2671,0.845311
951,B013467/S13456,219,122,6,5,chaotic,1,0.35,chaotic,-1,-1,2617,0.845393
951,B013467/S13456,219,122,6,5,chaotic,2,0.5,chaotic,-1,-1,2621,0.84379
952,B13467/S123468,218,350,5,6,chaotic,0,0.2,chaotic,-1,-1,2549,0.915061
952,B13467/S123468,218,350,5,6,chaotic,1,0.35,chaotic,-1,-1,2589,0.914738
952,B13467/S123468,218,350,5,6,chaotic,2,0.5,chaotic,-1,-1,2556,0.916084
953,B0258/S02567,293,229,4,5,chaotic,0,0.2,chaotic,-1,-1,1554,0.926821
953,B0258/S02567,293,229,4,5,chaotic,1,0.35,chaotic,-1,-1,1561,0.926637
953,B0258/S02567,293,229,4,5,chaotic,2,0.5,chaotic,-1,-1,1609,0.927746
954,B1234568/S148,382,274,7,3,chaotic,0,0.2,chaotic,-1,-1,2142,0.870233
954,B1234568/S148,382,274,7,3,chaotic,1,0.35,chaotic,-1,-1,2276,0.876346
954,B1234568/S148,382,274,7,3,chaotic,2,0.5,chaotic,-1,-1,2131,0.88345
955,B0123/S34568,15,376,4,5,oscillating,0,0.2,oscillating,4,19,2488,-1
955,B0123/S34568,15,376,4,5,oscillating,1,0.35,oscillating,4,16,2533,-1
955,B0123/S34568,15,376,4,5,oscillating,2,0.5,oscillating,4,14,2519,-1
956,B2578/S14,420,18,4,2,chaotic,0,0.2,chaotic,-1,-1,1392,0.884128
956,B2578/S14,420,18,4,2,chaotic,1,0.35,chaotic,-1,-1,1422,0.884185
956,B2578/S14,420,18,4,2,chaotic,2,0.5,chaotic,-1,-1,1336,0.885622
957,B34/S68,24,320,2,2,oscillating,0,0.2,oscillating,2,14,32,-1
957,B34/S68,24,320,2,2,oscillating,1,0.35,oscillating,2,22,12,-1
957,B34/S68,24,320,2,2,oscillating,2,0.5,oscillating,2,25,4,-1
958,B0138/S035,267,41,4,3,chaotic,0,0.2,chaotic,-1,-1,1644,0.932228
958,B0138/S035,267,41,4,3,chaotic,1,0.35,chaotic,-1,-1,1599,0.932902
958,B0138/S035,267,41,4,3,chaotic,2,0.5,chaotic,-1,-1,1688,0.932133
959,B1238/S234578,270,444,4,6,oscillating,0,0.2,oscillating,2,18,2217,-1
959,B1238/S234578,270,444,4,6,oscillating,1,0.35,oscillating,2,16,2216,-1
959,B1238/S234578,270,444,4,6,oscillating,2,0.5,oscillating,2,12,2234,-1
960,B15678/S146,482,82,5,3,chaotic,0,0.2,chaotic,-1,-1,1275,0.846014
960,B15678/S146,482,82,5,3,chaotic,1,0.35,chaotic,-1,-1,1263,0.846103
960,B15678/S146,482,82,5,3,chaotic,2,0.5,chaotic,-1,-1,1210,0.846443
961,B238/S023457,268,189,3,6,oscillating,0,0.2,oscillating,12,23,2238,-1
961,B238/S023457,268,189,3,6,oscillating,1,0.35,oscillating,6,20,2253,-1
961,B238/S023457,268,189,3,6,oscillating,2,0.5,oscillating,4,19,2261,-1
962,B012578/S0124678,423,471,6,7,chaotic,0,0.2,chaotic,-1,-1,2066,0.955627
962,B012578/S0124678,423,471,6,7,chaotic,1,0.35,chaotic,-1,-1,2131,0.958612
962,B012578/S0124678,423,471,6,7,chaotic,2,0.5,chaotic,-1,-1,2092,0.956735
963,B0168/S013578,323,427,4,6,chaotic,0,0.2,chaotic,-1,-1,1336,0.879913
963,B0168/S013578,323,427,4,6,chaotic,1,0.35,chaotic,-1,-1,1291,0.878708
963,B0168/S013578,323,427,4,6,chaotic,2,0.5,chaotic,-1,-1,1295,0.880023
964,B245678/S013,500,11,6,3,chaotic,0,0.2,chaotic,-1,-1,1965,0.964454
964,B245678/S013,500,11,6,3,chaotic,1,0.35,chaotic,-1,-1,2003,0.96476
964,B245678/S013,500,11,6,3,chaotic,2,0.5,chaotic,-1,-1,1997,0.963743
965,B16/S348,66,280,2,3,chaotic,0,0.2,chaotic,-1,-1,1281,0.865419
965,B16/S348,66,280,2,3,chaotic,1,0.35,chaotic,-1,-1,1308,0.870807
965,B16/S348,66,280,2,3,chaotic,2,0.5,chaotic,-1,-1,1286,0.867597
966,B01248/S1,279,2,5,1,oscillating,0,0.2,oscillating,2,33,3998,-1
966,B01248/S1,279,2,5,1,oscillating,1,0.35,complex,-1,-1,127,0.0782039
966,B01248/S1,279,2,5,1,oscillating,2,0.5,oscillating,2,147,40,-1
967,B1237/S14568,142,370,4,5,chaotic,0,0.2,chaotic,-1,-1,2358,0.94732
967,B1237/S14568,142,370,4,5,chaotic,1,0.35,chaotic,-1,-1,2324,0.946293
967,B1237/S14568,142,370,4,5,chaotic,2,0.5,chaotic,-1,-1,2362,0.945442
968,B124578/S02478,438,405,6,5,chaotic,0,0.2,chaotic,-1,-1,2202,0.962396
968,B124578/S02478,438,405,6,5,chaotic,1,0.35,chaotic,-1,-1,2127,0.96218
968,B124578/S02478,438,405,6,5,chaotic,2,0.5,chaotic,-1,-1,2194,0.962769
969,B12678/S15,454,34,5,2,chaotic,0,0.2,chaotic,-1,-1,1546,0.896596
969,B12678/S15,454,34,5,2,chaotic,1,0.35,chaotic,-1,-1,1576,0.895807
969,B12678/S15,454,34,5,2,chaotic,2,0.5,chaotic,-1,-1,1624,0.896334
970,B01256/S034567,103,249,5,6,oscillating,0,0.2,oscillating,6,19,3191,-1
970,B01256/S034567,103,249,5,6,oscillating,1,0.35,oscillating,6,22,3189,-1
970,B01256/S034567,103,249,5,6,oscillating,2,0.5,oscillating,6,22,3223,-1
971,B78/S23468,384,348,2,5,stable,0,0.2,stable,1,6,218,-1
971,B78/S23468,384,348,2,5,stable,1,0.35,stable,1,11,790,-1
971,B78/S23468,384,348,2,5,stable,2,0.5,stable,1,12,1017,-1
972,B1468/S02478,338,405,4,5,chaotic,0,0.2,chaotic,-1,-1,1676,0.941648
972,B1468/S02478,338,405,4,5,chaotic,1,0.35,chaotic,-1,-1,1672,0.941944
972,B1468/S02478,338,405,4,5,chaotic,2,0.5,chaotic,-1,-1,1670,0.940222
973,B123478/S1357,414,170,6,4,chaotic,0,0.2,chaotic,-1,-1,2331,0.940939
973,B123478/S1357,414,170,6,4,chaotic,1,0.35,chaotic,-1,-1,2251,0.940482
973,B123478/S1357,414,170,6,4,chaotic,2,0.5,chaotic,-1,-1,2314,0.940664
974,B34578/S02,440,5,5,2,chaotic,0,0.2,chaotic,-1,-1,1681,0.929463
974,B34578/S02,440,5,5,2,chaotic,1,0.35,chaotic,-1,-1,1711,0.926438
974,B34578/S02,440,5,5,2,chaotic,2,0.5,chaotic,-1,-1,1663,0.929895
975,B0467/S234567,209,252,4,6,oscillating,0,0.2,oscillating,12,50,3058,-1
975,B0467/S234567,209,252,4,6,oscillating,1,0.35,oscillating,12,40,3109,-1
975,B0467/S234567,209,252,4,6,oscillating,2,0.5,oscillating,12,42,3064,-1
976,B037/S047,137,145,3,3,chaotic,0,0.2,chaotic,-1,-1,1090,0.817676
976,B037/S047,137,145,3,3,chaotic,1,0.35,chaotic,-1,-1,1087,0.820127
976,B037/S047,137,145,3,3,chaotic,2,0.5,chaotic,-1,-1,1151,0.820101
977,B0234568/S0234,381,29,7,4,chaotic,0,0.2,chaotic,-1,-1,2146,0.889492
977,B0234568/S0234,381,29,7,4,chaotic,1,0.35,chaotic,-1,-1,2160,0.891149
977,B0234568/S0234,381,29,7,4,chaotic,2,0.5,chaotic,-1,-1,2182,0.890689
978,B0123568/S0135,367,43,7,4,oscillating,0,0.2,oscillating,2,21,4096,-1
978,B0123568/S0135,367,43,7,4,oscillating,1,0.35,oscillating,2,114,0,-1
978,B0123568/S0135,367,43,7,4,oscillating,2,0.5,complex,-1,-1,1176,0.133712
979,B01457/S068,179,321,5,3,chaotic,0,0.2,chaotic,-1,-1,1412,0.879735
979,B01457/S068,179,321,5,3,chaotic,1,0.35,chaotic,-1,-1,1386,0.880579
979,B01457/S068,179,321,5,3,chaotic,2,0.5,chaotic,-1,-1,1375,0.878363
980,B378/S78,392,384,3,2,stable,0,0.2,stable,1,7,0,-1
980,B378/S78,392,384,3,2,stable,1,0.35,stable,1,8,0,-1
980,B378/S78,392,384,3,2,stable,2,0.5,stable,1,7,0,-1
981,B125/S12357,38,174,3,5,chaotic,0,0.2,chaotic,-1,-1,2037,0.971454
981,B125/S12357,38,174,3,5,chaotic,1,0.35,chaotic,-1,-1,1998,0.970354
981,B125/S12357,38,174,3,5,chaotic,2,0.5,chaotic,-1,-1,2016,0.971289
982,B0134568/S05,379,33,7,2,oscillating,0,0.2,chaotic,-1,-1,2030,0.990736
982,B0134568/S05,379,33,7,2,oscillating,1,0.35,oscillating,40,128,2048,-1
982,B0134568/S05,379,33,7,2,oscillating,2,0.5,oscillating,120,297,2059,-1
983,B02346/S037,93,137,5,3,chaotic,0,0.2,chaotic,-1,-1,1944,0.939523
983,B02346/S037,93,137,5,3,chaotic,1,0.35,chaotic,-1,-1,2007,0.938751
983,B02346/S037,93,137,5,3,chaotic,2,0.5,chaotic,-1,-1,2123,0.937819
984,B013457/S012568,187,359,6,6,chaotic,0,0.2,chaotic,-1,-1,2582,0.923724
984,B013457/S012568,187,359,6,6,chaotic,1,0.35,chaotic,-1,-1,2576,0.923231
984,B013457/S012568,187,359,6,6,chaotic,2,0.5,chaotic,-1,-1,2566,0.924114
985,B12456/S012358,118,303,5,6,chaotic,0,0.2,chaotic,-1,-1,2394,0.931193
985,B12456/S012358,118,303,5,6,chaotic,1,0.35,chaotic,-1,-1,2331,0.931841
985,B12456/S012358,118,303,5,6,chaotic,2,0.5,chaotic,-1,-1,2287,0.930734
986,B145/S023678,50,461,3,6,chaotic,0,0.2,chaotic,-1,-1,2086,0.963446
986,B145/S023678,50,461,3,6,chaotic,1,0.35,chaotic,-1,-1,2074,0.963863
986,B145/S023678,50,461,3,6,chaotic,2,0.5,chaotic,-1,-1,2059,0.963677
987,B13578/S0124,426,23,5,4,chaotic,0,0.2,chaotic,-1,-1,1893,0.956823
987,B13578/S0124,426,23,5,4,chaotic,1,0.35,chaotic,-1,-1,1937,0.957374
987,B13578/S0124,426,23,5,4,chaotic,2,0.5,chaotic,-1,-1,1914,0.957666
988,B13457/S13,186,10,5,2,chaotic,0,0.2,chaotic,-1,-1,1863,0.942969
988,B13457/S13,186,10,5,2,chaotic,1,0.35,chaotic,-1,-1,1882,0.944577
988,B13457/S13,186,10,5,2,chaotic,2,0.5,chaotic,-1,-1,1920,0.944523
989,B0123568/S03457,367,185,7,5,chaotic,0,0.2,chaotic,-1,-1,2609,0.882059
989,B0123568/S03457,367,185,7,5,chaotic,1,0.35,chaotic,-1,-1,2733,0.882769
989,B0123568/S03457,367,185,7,5,chaotic,2,0.5,chaotic,-1,-1,2738,0.880517
990,B013468/S7,347,128,6,1,chaotic,0,0.2,chaotic,-1,-1,1659,0.93885
990,B013468/S7,347,128,6,1,chaotic,1,0.35,chaotic,-1,-1,1604,0.938746
990,B013468/S7,347,128,6,1,chaotic,2,0.5,chaotic,-1,-1,1595,0.939569
991,B0124568/S13468,375,346,7,5,chaotic,0,0.2,chaotic,-1,-1,2609,0.905641
991,B0124568/S13468,375,346,7,5,chaotic,1,0.35,chaotic,-1,-1,2600,0.904101
991,B0124568/S13468,375,346,7,5,chaotic,2,0.5,chaotic,-1,-1,2642,0.905769
992,B34578/S0147,440,147,5,4,chaotic,0,0.2,chaotic,-1,-1,2134,0.965106
992,B34578/S0147,440,147,5,4,chaotic,1,0.35,chaotic,-1,-1,2152,0.964217
992,B34578/S0147,440,147,5,4,chaotic,2,0.5,chaotic,-1,-1,2115,0.964154
993,B01345/S01478,59,403,5,5,chaotic,0,0.2,chaotic,-1,-1,2121,0.9577
993,B01345/S01478,59,403,5,5,chaotic,1,0.35,chaotic,-1,-1,2173,0.956134
993,B01345/S01478,59,403,5,5,chaotic,2,0.5,chaotic,-1,-1,2122,0.956566
994,B0123568/S23567,367,236,7,5,chaotic,0,0.2,chaotic,-1,-1,3065,0.77991
994,B0123568/S23567,367,236,7,5,chaotic,1,0.35,chaotic,-1,-1,3100,0.779946
994,B0123568/S23567,367,236,7,5,chaotic,2,0.5,chaotic,-1,-1,3035,0.778556
995,B0123468/S0145,351,51,7,4,oscillating,0,0.2,oscillating,4,18,20,-1
995,B0123468/S0145,351,51,7,4,oscillating,1,0.35,oscillating,8,96,98,-1
995,B0123468/S0145,351,51,7,4,oscillating,2,0.5,oscillating,60,290,1474,-1
996,B0123457/S23,191,12,7,2,oscillating,0,0.2,oscillating,2,10,122,-1
996,B0123457/S23,191,12,7,2,oscillating,1,0.35,oscillating,2,17,3990,-1
996,B0123457/S23,191,12,7,2,oscillating,2,0.5,oscillating,2,55,2812,-1
997,B3478/S01,408,3,4,2,oscillating,0,0.2,oscillating,8,227,269,-1
997,B3478/S01,408,3,4,2,oscillating,1,0.35,oscillating,8,383,233,-1
997,B3478/S01,408,3,4,2,oscillating,2,0.5,oscillating,4,192,260,-1
998,B0238/S012457,269,183,4,6,chaotic,0,0.2,chaotic,-1,-1,1990,0.964738
998,B0238/S012457,269,183,4,6,chaotic,1,0.35,chaotic,-1,-1,1987,0.964199
998,B0238/S012457,269,183,4,6,chaotic,2,0.5,chaotic,-1,-1,2034,0.96434
999,B0247/S01567,149,227,4,5,chaotic,0,0.2,chaotic,-1,-1,1751,0.942491
999,B0247/S01567,149,227,4,5,chaotic,1,0.35,chaotic,-1,-1,1741,0.94219
999,B0247/S01567,149,227,4,5,chaotic,2,0.5,chaotic,-1,-1,1672,0.942326
1000,B04578/S25,433,36,5,2,chaotic,0,0.2,chaotic,-1,-1,1289,0.845308
1000,B04578/S25,433,36,5,2,chaotic,1,0.35,chaotic,-1,-1,1315,0.84823
1000,B04578/S25,433,36,5,2,chaotic,2,0.5,chaotic,-1,-1,1202,0.84672
